t_sec,x_km,y_km,z_km,vx_km_s,vy_km_s,vz_km_s
-3526.268,-385266.210188118,-63193.830503274,-48565.185515626,0.162210110,-0.875743315,-0.464560752
-2926.268,-385168.430142115,-63719.202057630,-48843.864279182,0.163723265,-0.875494857,-0.464368281
-2326.268,-385069.742403302,-64244.423921366,-49122.427236782,0.165235752,-0.875244347,-0.464174732
-1726.268,-384970.147373529,-64769.494863806,-49400.873741949,0.166747568,-0.874991786,-0.463980106
-1126.268,-384869.645456627,-65294.413655067,-49679.203148707,0.168258709,-0.874737177,-0.463784404
-526.268,-384768.237058406,-65819.179066059,-49957.414811588,0.169769172,-0.874480519,-0.463587627
73.732,-384665.922586650,-66343.789868491,-50235.508085632,0.171278954,-0.874221815,-0.463389775
673.732,-384562.702451119,-66868.244834867,-50513.482326384,0.172788051,-0.873961066,-0.463190849
1273.732,-384458.577063543,-67392.542738494,-50791.336889901,0.174296460,-0.873698273,-0.462990851
1873.732,-384353.546837622,-67916.682353482,-51069.071132751,0.175804178,-0.873433437,-0.462789780
2473.732,-384247.612189021,-68440.662454746,-51346.684412010,0.177311201,-0.873166560,-0.462587639
3073.732,-384140.773535370,-68964.481818010,-51624.176085271,0.178817527,-0.872897644,-0.462384427
3673.732,-384033.031296262,-69488.139219806,-51901.545510639,0.180323152,-0.872626689,-0.462180146
4273.732,-383924.385893246,-70011.633437483,-52178.792046735,0.181828073,-0.872353697,-0.461974796
4873.732,-383814.837749831,-70534.963249199,-52455.915052695,0.183332287,-0.872078669,-0.461768379
5473.732,-383704.387291478,-71058.127433936,-52732.913888175,0.184835789,-0.871801607,-0.461560895
6073.732,-383593.034945603,-71581.124771489,-53009.787913347,0.186338578,-0.871522512,-0.461352345
6673.732,-383480.781141568,-72103.954042480,-53286.536488904,0.187840649,-0.871241386,-0.461142730
7273.732,-383367.626310685,-72626.614028353,-53563.158976060,0.189342000,-0.870958229,-0.460932050
7873.732,-383253.570886210,-73149.103511377,-53839.654736551,0.190842627,-0.870673043,-0.460720308
8473.732,-383138.615303341,-73671.421274653,-54116.023132637,0.192342528,-0.870385830,-0.460507502
9073.732,-383022.759999215,-74193.566102111,-54392.263527100,0.193841698,-0.870096591,-0.460293636
9673.732,-382906.005412909,-74715.536778514,-54668.375283250,0.195340134,-0.869805327,-0.460078708
10273.732,-382788.351985432,-75237.332089461,-54944.357764923,0.196837834,-0.869512039,-0.459862721
10873.732,-382669.800159728,-75758.950821391,-55220.210336482,0.198334794,-0.869216730,-0.459645675
11473.732,-382550.350380670,-76280.391761580,-55495.932362819,0.199831012,-0.868919400,-0.459427570
12073.732,-382430.003095058,-76801.653698147,-55771.523209357,0.201326482,-0.868620052,-0.459208409
12673.732,-382308.758751619,-77322.735420057,-56046.982242049,0.202821204,-0.868318685,-0.458988191
13273.732,-382186.617801001,-77843.635717122,-56322.308827380,0.204315173,-0.868015302,-0.458766918
13873.732,-382063.580695775,-78364.353380000,-56597.502332370,0.205808385,-0.867709905,-0.458544590
14473.732,-381939.647890425,-78884.887200204,-56872.562124571,0.207300839,-0.867402494,-0.458321209
15073.732,-381814.819841356,-79405.235970098,-57147.487572074,0.208792531,-0.867093071,-0.458096774
15673.732,-381689.097006883,-79925.398482904,-57422.278043502,0.210283457,-0.866781637,-0.457871288
16273.732,-381562.479847231,-80445.373532699,-57696.932908019,0.211773614,-0.866468194,-0.457644752
16873.732,-381434.968824534,-80965.159914423,-57971.451535328,0.213262999,-0.866152744,-0.457417165
17473.732,-381306.564402832,-81484.756423877,-58245.833295670,0.214751610,-0.865835287,-0.457188528
18073.732,-381177.267048068,-82004.161857728,-58520.077559829,0.216239443,-0.865515825,-0.456958844
18673.732,-381047.077228084,-82523.375013506,-58794.183699128,0.217726494,-0.865194360,-0.456728112
19273.732,-380915.995412621,-83042.394689615,-59068.151085436,0.219212760,-0.864870893,-0.456496334
19873.732,-380784.022073317,-83561.219685326,-59341.979091166,0.220698239,-0.864545426,-0.456263511
20473.732,-380651.157683702,-84079.848800786,-59615.667089275,0.222182927,-0.864217959,-0.456029642
21073.732,-380517.402719196,-84598.280837016,-59889.214453268,0.223666822,-0.863888495,-0.455794730
21673.732,-380382.757657109,-85116.514595916,-60162.620557195,0.225149919,-0.863557035,-0.455558776
22273.732,-380247.222976634,-85634.548880263,-60435.884775657,0.226632216,-0.863223580,-0.455321779
22873.732,-380110.799158851,-86152.382493720,-60709.006483803,0.228113709,-0.862888132,-0.455083741
23473.732,-379973.486686717,-86670.014240830,-60981.985057334,0.229594396,-0.862550693,-0.454844664
24073.732,-379835.286045070,-87187.442927025,-61254.819872501,0.231074274,-0.862211263,-0.454604547
24673.732,-379696.197720621,-87704.667358624,-61527.510306108,0.232553339,-0.861869844,-0.454363392
25273.732,-379556.222201958,-88221.686342838,-61800.055735515,0.234031587,-0.861526439,-0.454121200
25873.732,-379415.359979535,-88738.498687769,-62072.455538634,0.235509017,-0.861181047,-0.453877971
26473.732,-379273.611545679,-89255.103202413,-62344.709093935,0.236985625,-0.860833671,-0.453633707
27073.732,-379130.977394580,-89771.498696666,-62616.815780443,0.238461408,-0.860484313,-0.453388409
27673.732,-378987.458022291,-90287.683981320,-62888.774977742,0.239936362,-0.860132973,-0.453142077
28273.732,-378843.053926727,-90803.657868069,-63160.586065975,0.241410485,-0.859779653,-0.452894712
28873.732,-378697.765607661,-91319.419169511,-63432.248425845,0.242883773,-0.859424355,-0.452646316
29473.732,-378551.593566720,-91834.966699148,-63703.761438616,0.244356224,-0.859067081,-0.452396889
30073.732,-378404.538307387,-92350.299271389,-63975.124486113,0.245827834,-0.858707831,-0.452146432
30673.732,-378256.600334994,-92865.415701553,-64246.336950726,0.247298600,-0.858346607,-0.451894946
31273.732,-378107.780156720,-93380.314805872,-64517.398215408,0.248768519,-0.857983412,-0.451642432
31873.732,-377958.078281592,-93894.995401488,-64788.307663677,0.250237589,-0.857618245,-0.451388891
32473.732,-377807.495220479,-94409.456306463,-65059.064679617,0.251705806,-0.857251110,-0.451134324
33073.732,-377656.031486090,-94923.696339772,-65329.668647880,0.253173166,-0.856882007,-0.450878732
33673.732,-377503.687592973,-95437.714321312,-65600.118953685,0.254639668,-0.856510938,-0.450622116
34273.732,-377350.464057511,-95951.509071903,-65870.414982821,0.256105307,-0.856137904,-0.450364477
34873.732,-377196.361397921,-96465.079413286,-66140.556121646,0.257570081,-0.855762907,-0.450105815
35473.732,-377041.380134247,-96978.424168130,-66410.541757091,0.259033987,-0.855385949,-0.449846133
36073.732,-376885.520788366,-97491.542160030,-66680.371276657,0.260497021,-0.855007031,-0.449585429
36673.732,-376728.783883977,-98004.432213511,-66950.044068420,0.261959181,-0.854626154,-0.449323707
37273.732,-376571.169946601,-98517.093154033,-67219.559521028,0.263420464,-0.854243321,-0.449060966
37873.732,-376412.679503584,-99029.523807985,-67488.917023707,0.264880866,-0.853858533,-0.448797207
38473.732,-376253.313084083,-99541.723002695,-67758.115966255,0.266340385,-0.853471791,-0.448532432
39073.732,-376093.071219077,-100053.689566427,-68027.155739051,0.267799017,-0.853083097,-0.448266641
39673.732,-375931.954441353,-100565.422328388,-68296.035733049,0.269256760,-0.852692452,-0.447999836
40273.732,-375769.963285509,-101076.920118722,-68564.755339784,0.270713610,-0.852299858,-0.447732017
40873.732,-375607.098287953,-101588.181768521,-68833.313951370,0.272169565,-0.851905317,-0.447463186
41473.732,-375443.359986895,-102099.206109821,-69101.710960502,0.273624622,-0.851508830,-0.447193343
42073.732,-375278.748922348,-102609.991975606,-69369.945760456,0.275078776,-0.851110399,-0.446922489
42673.732,-375113.265636126,-103120.538199808,-69638.017745093,0.276532027,-0.850710025,-0.446650625
43273.732,-374946.910671841,-103630.843617314,-69905.926308856,0.277984369,-0.850307710,-0.446377753
43873.732,-374779.684574897,-104140.907063961,-70173.670846773,0.279435802,-0.849903456,-0.446103872
44473.732,-374611.587892493,-104650.727376546,-70441.250754457,0.280886320,-0.849497263,-0.445828985
45073.732,-374442.621173616,-105160.303392818,-70708.665428109,0.282335923,-0.849089135,-0.445553093
45673.732,-374272.784969041,-105669.633951489,-70975.914264517,0.283784606,-0.848679072,-0.445276195
46273.732,-374102.079831326,-106178.717892232,-71242.996661057,0.285232366,-0.848267075,-0.444998293
46873.732,-373930.506314814,-106687.554055682,-71509.912015695,0.286679201,-0.847853148,-0.444719389
47473.732,-373758.064975624,-107196.141283441,-71776.659726987,0.288125108,-0.847437290,-0.444439482
48073.732,-373584.756371655,-107704.478418076,-72043.239194081,0.289570083,-0.847019504,-0.444158575
48673.732,-373410.581062577,-108212.564303124,-72309.649816715,0.291014124,-0.846599792,-0.443876667
49273.732,-373235.539609834,-108720.397783094,-72575.890995223,0.292457228,-0.846178154,-0.443593761
49873.732,-373059.632576639,-109227.977703465,-72841.962130531,0.293899392,-0.845754593,-0.443309857
50473.732,-372882.860527970,-109735.302910693,-73107.862624161,0.295340613,-0.845329111,-0.443024956
51073.732,-372705.224030571,-110242.372252210,-73373.591878230,0.296780887,-0.844901708,-0.442739059
51673.732,-372526.723652946,-110749.184576426,-73639.149295453,0.298220213,-0.844472387,-0.442452166
52273.732,-372347.359965359,-111255.738732731,-73904.534279142,0.299658587,-0.844041148,-0.442164280
52873.732,-372167.133539828,-111762.033571499,-74169.746233206,0.301096006,-0.843607995,-0.441875401
53473.732,-371986.044950127,-112268.067944086,-74434.784562157,0.302532467,-0.843172928,-0.441585530
54073.732,-371804.094771781,-112773.840702834,-74699.648671104,0.303967967,-0.842735949,-0.441294668
54673.732,-371621.283582061,-113279.350701073,-74964.337965760,0.305402504,-0.842297060,-0.441002816
55273.732,-371437.611959987,-113784.596793124,-75228.851852437,0.306836075,-0.841856262,-0.440709975
55873.732,-371253.080486321,-114289.577834298,-75493.189738054,0.308268676,-0.841413557,-0.440416146
56473.732,-371067.689743565,-114794.292680899,-75757.351030129,0.309700304,-0.840968947,-0.440121330
57073.732,-370881.440315960,-115298.740190225,-76021.335136790,0.311130958,-0.840522433,-0.439825528
57673.732,-370694.332789482,-115802.919220575,-76285.141466768,0.312560634,-0.840074018,-0.439528741
58273.732,-370506.367751841,-116306.828631243,-76548.769429400,0.313989328,-0.839623701,-0.439230970
58873.732,-370317.545792477,-116810.467282523,-76812.218434632,0.315417039,-0.839171487,-0.438932217
59473.732,-370127.867502556,-117313.834035714,-77075.487893017,0.316843763,-0.838717375,-0.438632481
60073.732,-369937.333474973,-117816.927753118,-77338.577215718,0.318269497,-0.838261368,-0.438331765
60673.732,-369745.944304342,-118319.747298042,-77601.485814508,0.319694239,-0.837803467,-0.438030068
61273.732,-369553.700586999,-118822.291534801,-77864.213101771,0.321117986,-0.837343674,-0.437727393
61873.732,-369360.602920996,-119324.559328721,-78126.758490501,0.322540734,-0.836881991,-0.437423740
62473.732,-369166.651906100,-119826.549546137,-78389.121394308,0.323962482,-0.836418419,-0.437119110
63073.732,-368971.848143792,-120328.261054398,-78651.301227413,0.325383225,-0.835952961,-0.436813504
63673.732,-368776.192237261,-120829.692721868,-78913.297404652,0.326802962,-0.835485617,-0.436506924
64273.732,-368579.684791403,-121330.843417927,-79175.109341475,0.328221689,-0.835016390,-0.436199370
64873.732,-368382.326412819,-121831.712012973,-79436.736453949,0.329639404,-0.834545280,-0.435890843
65473.732,-368184.117709811,-122332.297378424,-79698.178158760,0.331056103,-0.834072291,-0.435581344
66073.732,-367985.059292382,-122832.598386722,-79959.433873206,0.332471785,-0.833597424,-0.435270875
66673.732,-367785.151772229,-123332.613911328,-80220.503015210,0.333886445,-0.833120679,-0.434959437
67273.732,-367584.395762744,-123832.342826733,-80481.385003310,0.335300082,-0.832642060,-0.434647029
67873.732,-367382.791879012,-124331.784008451,-80742.079256666,0.336712692,-0.832161567,-0.434333654
68473.732,-367180.340737805,-124830.936333027,-81002.585195057,0.338124273,-0.831679203,-0.434019313
69073.732,-366977.042957582,-125329.798678036,-81262.902238887,0.339534822,-0.831194969,-0.433704006
69673.732,-366772.899158483,-125828.369922083,-81523.029809180,0.340944336,-0.830708867,-0.433387734
70273.732,-366567.909962334,-126326.648944810,-81782.967327584,0.342352812,-0.830220898,-0.433070500
70873.732,-366362.075992635,-126824.634626893,-82042.714216372,0.343760247,-0.829731065,-0.432752303
71473.732,-366155.397874562,-127322.325850044,-82302.269898441,0.345166639,-0.829239369,-0.432433144
72073.732,-365947.876234967,-127819.721497014,-82561.633797315,0.346571985,-0.828745811,-0.432113025
72673.732,-365739.511702370,-128316.820451597,-82820.805337143,0.347976282,-0.828250394,-0.431791948
73273.732,-365530.304906959,-128813.621598627,-83079.783942704,0.349379527,-0.827753120,-0.431469911
73873.732,-365320.256480589,-129310.123823981,-83338.569039402,0.350781718,-0.827253989,-0.431146918
74473.732,-365109.367056776,-129806.326014584,-83597.160053272,0.352182852,-0.826753004,-0.430822969
75073.732,-364897.637270696,-130302.227058406,-83855.556410980,0.353582925,-0.826250167,-0.430498064
75673.732,-364685.067759183,-130797.825844468,-84113.757539819,0.354981936,-0.825745479,-0.430172206
76273.732,-364471.659160726,-131293.121262838,-84371.762867717,0.356379881,-0.825238941,-0.429845395
76873.732,-364257.412115466,-131788.112204640,-84629.571823233,0.357776758,-0.824730557,-0.429517632
77473.732,-364042.327265193,-132282.797562049,-84887.183835557,0.359172564,-0.824220327,-0.429188918
78073.732,-363826.405253345,-132777.176228296,-85144.598334515,0.360567296,-0.823708253,-0.428859254
78673.732,-363609.646725003,-133271.247097669,-85401.814750568,0.361960952,-0.823194338,-0.428528642
79273.732,-363392.052326890,-133765.009065516,-85658.832514810,0.363353528,-0.822678582,-0.428197081
79873.732,-363173.622707370,-134258.461028242,-85915.651058972,0.364745023,-0.822160988,-0.427864575
80473.732,-362954.358516441,-134751.601883317,-86172.269815422,0.366135433,-0.821641557,-0.427531123
81073.732,-362734.260405735,-135244.430529273,-86428.688217166,0.367524755,-0.821120291,-0.427196726
81673.732,-362513.329028517,-135736.945865706,-86684.905697847,0.368912987,-0.820597192,-0.426861386
82273.732,-362291.565039679,-136229.146793280,-86940.921691748,0.370300127,-0.820072262,-0.426525103
82873.732,-362068.969095739,-136721.032213728,-87196.735633792,0.371686170,-0.819545502,-0.426187880
83473.732,-361845.541854841,-137212.601029849,-87452.346959542,0.373071116,-0.819016914,-0.425849716
84073.732,-361621.283976745,-137703.852145518,-87707.755105202,0.374454961,-0.818486501,-0.425510613
84673.732,-361396.196122832,-138194.784465680,-87962.959507619,0.375837702,-0.817954263,-0.425170572
85273.732,-361170.278956099,-138685.396896354,-88217.959604281,0.377219336,-0.817420203,-0.424829594
85873.732,-360943.533141155,-139175.688344638,-88472.754833323,0.378599862,-0.816884322,-0.424487680
86473.732,-360715.959344219,-139665.657718703,-88727.344633520,0.379979276,-0.816346622,-0.424144831
87073.732,-360487.558233118,-140155.303927804,-88981.728444294,0.381357575,-0.815807106,-0.423801049
87673.732,-360258.330477282,-140644.625882273,-89235.905705714,0.382734758,-0.815265774,-0.423456334
88273.732,-360028.276747747,-141133.622493525,-89489.875858492,0.384110821,-0.814722628,-0.423110687
88873.732,-359797.397717145,-141622.292674060,-89743.638343991,0.385485761,-0.814177672,-0.422764110
89473.732,-359565.694059708,-142110.635337462,-89997.192604220,0.386859576,-0.813630905,-0.422416603
90073.732,-359333.166451262,-142598.649398402,-90250.538081835,0.388232264,-0.813082330,-0.422068168
90673.732,-359099.815569222,-143086.333772638,-90503.674220144,0.389603821,-0.812531950,-0.421718805
91273.732,-358865.642092596,-143573.687377020,-90756.600463103,0.390974245,-0.811979764,-0.421368517
91873.732,-358630.646701976,-144060.709129488,-91009.316255321,0.392343534,-0.811425777,-0.421017303
92473.732,-358394.830079539,-144547.397949075,-91261.821042055,0.393711684,-0.810869988,-0.420665165
93073.732,-358158.192909044,-145033.752755908,-91514.114269217,0.395078694,-0.810312401,-0.420312105
93673.732,-357920.735875826,-145519.772471209,-91766.195383371,0.396444560,-0.809753017,-0.419958122
94273.732,-357682.459666799,-146005.456017299,-92018.063831734,0.397809279,-0.809191838,-0.419603219
94873.732,-357443.364970449,-146490.802317595,-92269.719062177,0.399172850,-0.808628865,-0.419247396
95473.732,-357203.452476834,-146975.810296617,-92521.160523227,0.400535270,-0.808064100,-0.418890654
96073.732,-356962.722877578,-147460.478879985,-92772.387664065,0.401896535,-0.807497546,-0.418532995
96673.732,-356721.176865872,-147944.806994422,-93023.399934529,0.403256644,-0.806929204,-0.418174420
97273.732,-356478.815136470,-148428.793567755,-93274.196785115,0.404615594,-0.806359076,-0.417814929
97873.732,-356235.638385686,-148912.437528919,-93524.777666974,0.405973382,-0.805787164,-0.417454525
98473.732,-355991.647311392,-149395.737807955,-93775.142031918,0.407330005,-0.805213469,-0.417093207
99073.732,-355746.842613014,-149878.693336012,-94025.289332415,0.408685461,-0.804637994,-0.416730977
99673.732,-355501.224991531,-150361.303045350,-94275.219021597,0.410039748,-0.804060741,-0.416367836
100273.732,-355254.795149472,-150843.565869341,-94524.930553251,0.411392863,-0.803481710,-0.416003785
100873.732,-355007.553790914,-151325.480742470,-94774.423381828,0.412744803,-0.802900905,-0.415638826
101473.732,-354759.501621476,-151807.046600336,-95023.696962440,0.414095565,-0.802318326,-0.415272959
102073.732,-354510.639348321,-152288.262379655,-95272.750750862,0.415445148,-0.801733976,-0.414906185
102673.732,-354260.967680151,-152769.127018258,-95521.584203529,0.416793548,-0.801147857,-0.414538506
103273.732,-354010.487327204,-153249.639455096,-95770.196777544,0.418140764,-0.800559971,-0.414169923
103873.732,-353759.199001251,-153729.798630242,-96018.587930670,0.419486791,-0.799970319,-0.413800437
104473.732,-353507.103415598,-154209.603484888,-96266.757121338,0.420831629,-0.799378903,-0.413430048
105073.732,-353254.201285075,-154689.052961348,-96514.703808641,0.422175274,-0.798785725,-0.413058759
105673.732,-353000.493326042,-155168.146003064,-96762.427452342,0.423517724,-0.798190787,-0.412686570
106273.732,-352745.980256380,-155646.881554600,-97009.927512868,0.424858976,-0.797594092,-0.412313482
106873.732,-352490.662795492,-156125.258561649,-97257.203451313,0.426199027,-0.796995639,-0.411939497
107473.732,-352234.541664300,-156603.275971031,-97504.254729442,0.427537876,-0.796395433,-0.411564615
108073.732,-351977.617585240,-157080.932730697,-97751.080809686,0.428875520,-0.795793474,-0.411188837
108673.732,-351719.891282261,-157558.227789728,-97997.681155146,0.430211955,-0.795189764,-0.410812165
109273.732,-351461.363480823,-158035.160098337,-98244.055229593,0.431547181,-0.794584306,-0.410434601
109873.732,-351202.034907895,-158511.728607873,-98490.202497468,0.432881193,-0.793977101,-0.410056144
110473.732,-350941.906291949,-158987.932270817,-98736.122423884,0.434213990,-0.793368151,-0.409676796
111073.732,-350680.978362960,-159463.770040789,-98981.814474624,0.435545570,-0.792757458,-0.409296558
111673.732,-350419.251852403,-159939.240872544,-99227.278116146,0.436875929,-0.792145024,-0.408915432
112273.732,-350156.727493250,-160414.343721979,-99472.512815578,0.438205065,-0.791530851,-0.408533418
112873.732,-349893.406019970,-160889.077546129,-99717.518040723,0.439532975,-0.790914940,-0.408150518
113473.732,-349629.288168520,-161363.441303172,-99962.293260058,0.440859658,-0.790297294,-0.407766732
114073.732,-349364.374676348,-161837.433952427,-100206.837942736,0.442185111,-0.789677915,-0.407382063
114673.732,-349098.666282390,-162311.054454361,-100451.151558582,0.443509330,-0.789056803,-0.406996510
115273.732,-348832.163727065,-162784.301770582,-100695.233578100,0.444832315,-0.788433963,-0.406610075
115873.732,-348564.867752274,-163257.174863847,-100939.083472470,0.446154061,-0.787809394,-0.406222759
116473.732,-348296.779101396,-163729.672698063,-101182.700713547,0.447474568,-0.787183099,-0.405834564
117073.732,-348027.898519286,-164201.794238282,-101426.084773866,0.448793832,-0.786555081,-0.405445490
117673.732,-347758.226752274,-164673.538450710,-101669.235126640,0.450111851,-0.785925340,-0.405055539
118273.732,-347487.764548160,-165144.904302704,-101912.151245759,0.451428622,-0.785293880,-0.404664712
118873.732,-347216.512656213,-165615.890762774,-102154.832605794,0.452744143,-0.784660701,-0.404273009
119473.732,-346944.471827168,-166086.496800583,-102397.278681997,0.454058412,-0.784025806,-0.403880433
120073.732,-346671.642813221,-166556.721386953,-102639.488950297,0.455371425,-0.783389196,-0.403486983
120673.732,-346398.026368032,-167026.563493860,-102881.462887307,0.456683182,-0.782750875,-0.403092662
121273.732,-346123.623246716,-167496.022094439,-103123.199970322,0.457993679,-0.782110842,-0.402697470
121873.732,-345848.434205845,-167965.096162985,-103364.699677317,0.459302913,-0.781469102,-0.402301409
122473.732,-345572.460003442,-168433.784674952,-103605.961486951,0.460610884,-0.780825654,-0.401904479
123073.732,-345295.701398982,-168902.086606957,-103846.984878567,0.461917587,-0.780180502,-0.401506682
123673.732,-345018.159153386,-169370.000936781,-104087.769332191,0.463223020,-0.779533647,-0.401108019
124273.732,-344739.834029020,-169837.526643367,-104328.314328533,0.464527182,-0.778885092,-0.400708491
124873.732,-344460.726789694,-170304.662706826,-104568.619348989,0.465830070,-0.778234837,-0.400308100
125473.732,-344180.838200655,-170771.408108432,-104808.683875641,0.467131681,-0.777582886,-0.399906845
126073.732,-343900.169028589,-171237.761830631,-105048.507391256,0.468432013,-0.776929239,-0.399504730
126673.732,-343618.720041615,-171703.722857035,-105288.089379287,0.469731063,-0.776273900,-0.399101754
127273.732,-343336.492009285,-172169.290172428,-105527.429323876,0.471028830,-0.775616870,-0.398697918
127873.732,-343053.485702579,-172634.462762764,-105766.526709852,0.472325311,-0.774958150,-0.398293225
128473.732,-342769.701893903,-173099.239615172,-106005.381022732,0.473620503,-0.774297744,-0.397887675
129073.732,-342485.141357091,-173563.619717951,-106243.991748721,0.474914404,-0.773635652,-0.397481269
129673.732,-342199.804867392,-174027.602060579,-106482.358374715,0.476207012,-0.772971877,-0.397074009
130273.732,-341913.693201480,-174491.185633707,-106720.480388298,0.477498325,-0.772306420,-0.396665895
130873.732,-341626.807137440,-174954.369429165,-106958.357277747,0.478788339,-0.771639285,-0.396256928
131473.732,-341339.147454774,-175417.152439961,-107195.988532026,0.480077053,-0.770970472,-0.395847111
132073.732,-341050.714934394,-175879.533660281,-107433.373640793,0.481364464,-0.770299984,-0.395436443
132673.732,-340761.510358619,-176341.512085495,-107670.512094399,0.482650571,-0.769627822,-0.395024927
133273.732,-340471.534511175,-176803.086712152,-107907.403383884,0.483935369,-0.768953989,-0.394612563
133873.732,-340180.788177191,-177264.256537984,-108144.047000982,0.485218859,-0.768278486,-0.394199353
134473.732,-339889.272143196,-177725.020561910,-108380.442438124,0.486501036,-0.767601316,-0.393785297
135073.732,-339596.987197118,-178185.377784030,-108616.589188429,0.487781899,-0.766922480,-0.393370397
135673.732,-339303.934128280,-178645.327205634,-108852.486745714,0.489061445,-0.766241981,-0.392954654
136273.732,-339010.113727396,-179104.867829197,-109088.134604491,0.490339672,-0.765559821,-0.392538069
136873.732,-338715.526786571,-179563.998658384,-109323.532259967,0.491616577,-0.764876000,-0.392120643
137473.732,-338420.174099301,-180022.718698049,-109558.679208043,0.492892159,-0.764190522,-0.391702378
138073.732,-338124.056460460,-180481.026954237,-109793.574945319,0.494166416,-0.763503389,-0.391283274
138673.732,-337827.174666311,-180938.922434185,-110028.218969091,0.495439343,-0.762814602,-0.390863333
139273.732,-337529.529514493,-181396.404146321,-110262.610777351,0.496710941,-0.762124163,-0.390442556
139873.732,-337231.121804024,-181853.471100270,-110496.749868790,0.497981205,-0.761432075,-0.390020944
140473.732,-336931.952335295,-182310.122306851,-110730.635742798,0.499250135,-0.760738339,-0.389598498
141073.732,-336632.021910069,-182766.356778078,-110964.267899462,0.500517726,-0.760042958,-0.389175219
141673.732,-336331.331331480,-183222.173527163,-111197.645839571,0.501783979,-0.759345932,-0.388751109
142273.732,-336029.881404028,-183677.571568517,-111430.769064610,0.503048889,-0.758647265,-0.388326169
142873.732,-335727.672933577,-184132.549917749,-111663.637076767,0.504312455,-0.757946959,-0.387900400
143473.732,-335424.706727352,-184587.107591670,-111896.249378929,0.505574674,-0.757245015,-0.387473803
144073.732,-335120.983593939,-185041.243608290,-112128.605474686,0.506835545,-0.756541435,-0.387046379
144673.732,-334816.504343279,-185494.956986825,-112360.704868329,0.508095065,-0.755836221,-0.386618129
145273.732,-334511.269786667,-185948.246747690,-112592.547064849,0.509353231,-0.755129376,-0.386189055
145873.732,-334205.280736749,-186401.111912510,-112824.131569941,0.510610042,-0.754420902,-0.385759158
146473.732,-333898.538007520,-186853.551504110,-113055.457890004,0.511865495,-0.753710799,-0.385328439
147073.732,-333591.042414323,-187305.564546525,-113286.525532139,0.513119588,-0.752999071,-0.384896898
147673.732,-333282.794773842,-187757.150064998,-113517.334004151,0.514372319,-0.752285720,-0.384464538
148273.732,-332973.795904103,-188208.307085978,-113747.882814549,0.515623686,-0.751570747,-0.384031360
148873.732,-332664.046624470,-188659.034637126,-113978.171472548,0.516873685,-0.750854154,-0.383597364
149473.732,-332353.547755643,-189109.331747313,-114208.199488067,0.518122316,-0.750135944,-0.383162552
150073.732,-332042.300119657,-189559.197446621,-114437.966371731,0.519369575,-0.749416118,-0.382726925
150673.732,-331730.304539874,-190008.630766344,-114667.471634871,0.520615461,-0.748694679,-0.382290484
151273.732,-331417.561840989,-190457.630738993,-114896.714789524,0.521859972,-0.747971628,-0.381853230
151873.732,-331104.072849018,-190906.196398289,-115125.695348434,0.523103105,-0.747246968,-0.381415165
152473.732,-330789.838391303,-191354.326779172,-115354.412825055,0.524344857,-0.746520700,-0.380976289
153073.732,-330474.859296504,-191802.020917798,-115582.866733543,0.525585228,-0.745792828,-0.380536604
153673.732,-330159.136394602,-192249.277851539,-115811.056588769,0.526824214,-0.745063351,-0.380096112
154273.732,-329842.670516892,-192696.096618988,-116038.981906306,0.528061814,-0.744332274,-0.379654812
154873.732,-329525.462495979,-193142.476259954,-116266.642202441,0.529298024,-0.743599597,-0.379212707
155473.732,-329207.513165782,-193588.415815469,-116494.036994169,0.530532844,-0.742865322,-0.378769798
156073.732,-328888.823361527,-194033.914327787,-116721.165799193,0.531766271,-0.742129453,-0.378326085
156673.732,-328569.393919743,-194478.970840382,-116948.028135928,0.532998302,-0.741391990,-0.377881570
157273.732,-328249.225678264,-194923.584397952,-117174.623523500,0.534228936,-0.740652937,-0.377436255
157873.732,-327928.319476222,-195367.754046421,-117400.951481745,0.535458170,-0.739912294,-0.376990140
158473.732,-327606.676154048,-195811.478832936,-117627.011531211,0.536686003,-0.739170064,-0.376543226
159073.732,-327284.296553467,-196254.757805870,-117852.803193157,0.537912431,-0.738426249,-0.376095515
159673.732,-326961.181517497,-196697.590014825,-118078.325989555,0.539137454,-0.737680851,-0.375647007
160273.732,-326637.331890444,-197139.974510630,-118303.579443091,0.540361068,-0.736933872,-0.375197705
160873.732,-326312.748517903,-197581.910345341,-118528.563077161,0.541583272,-0.736185314,-0.374747609
161473.732,-325987.432246754,-198023.396572246,-118753.276415877,0.542804063,-0.735435180,-0.374296721
162073.732,-325661.383925159,-198464.432245862,-118977.718984063,0.544023440,-0.734683470,-0.373845041
162673.732,-325334.604402557,-198905.016421940,-119201.890307258,0.545241399,-0.733930188,-0.373392571
163273.732,-325007.094529667,-199345.148157461,-119425.789911717,0.546457940,-0.733175335,-0.372939312
163873.732,-324678.855158483,-199784.826510641,-119649.417324408,0.547673060,-0.732418914,-0.372485266
164473.732,-324349.887142267,-200224.050540928,-119872.772073014,0.548886757,-0.731660926,-0.372030432
165073.732,-324020.191335556,-200662.819309007,-120095.853685936,0.550099028,-0.730901374,-0.371574813
165673.732,-323689.768594149,-201101.131876799,-120318.661692289,0.551309872,-0.730140259,-0.371118410
166273.732,-323358.619775113,-201538.987307460,-120541.195621905,0.552519286,-0.729377584,-0.370661225
166873.732,-323026.745736774,-201976.384665387,-120763.455005334,0.553727269,-0.728613350,-0.370203257
167473.732,-322694.147338719,-202413.323016212,-120985.439373842,0.554933818,-0.727847560,-0.369744508
168073.732,-322360.825441792,-202849.801426808,-121207.148259411,0.556138932,-0.727080216,-0.369284980
168673.732,-322026.780908091,-203285.818965290,-121428.581194746,0.557342607,-0.726311320,-0.368824674
169273.732,-321692.014600965,-203721.374701010,-121649.737713264,0.558544843,-0.725540874,-0.368363591
169873.732,-321356.527385013,-204156.467704567,-121870.617349105,0.559745636,-0.724768880,-0.367901732
170473.732,-321020.320126080,-204591.097047798,-122091.219637127,0.560944986,-0.723995340,-0.367439099
171073.732,-320683.393691257,-205025.261803788,-122311.544112906,0.562142889,-0.723220256,-0.366975692
171673.732,-320345.748948874,-205458.961046863,-122531.590312739,0.563339344,-0.722443631,-0.366511512
172273.732,-320007.386768504,-205892.193852597,-122751.357773643,0.564534349,-0.721665465,-0.366046562
172873.732,-319668.308020952,-206324.959297807,-122970.846033355,0.565727901,-0.720885763,-0.365580842
173473.732,-319328.513578261,-206757.256460561,-123190.054630332,0.566919999,-0.720104524,-0.365114353
174073.732,-318988.004313703,-207189.084420172,-123408.983103754,0.568110640,-0.719321752,-0.364647097
174673.732,-318646.781101781,-207620.442257202,-123627.630993521,0.569299823,-0.718537449,-0.364179075
175273.732,-318304.844818224,-208051.329053463,-123845.997840255,0.570487545,-0.717751617,-0.363710287
175873.732,-317962.196339984,-208481.743892017,-124064.083185300,0.571673805,-0.716964257,-0.363240736
176473.732,-317618.836545238,-208911.685857177,-124281.886570722,0.572858600,-0.716175373,-0.362770422
177073.732,-317274.766313378,-209341.154034507,-124499.407539311,0.574041928,-0.715384965,-0.362299347
177673.732,-316929.986525015,-209770.147510825,-124716.645634579,0.575223788,-0.714593036,-0.361827511
178273.732,-316584.498061974,-210198.665374202,-124933.600400761,0.576404177,-0.713799589,-0.361354916
178873.732,-316238.301807291,-210626.706713963,-125150.271382817,0.577583093,-0.713004625,-0.360881564
179473.732,-315891.398645212,-211054.270620686,-125366.658126431,0.578760535,-0.712208146,-0.360407455
180073.732,-315543.789461188,-211481.356186208,-125582.760178009,0.579936499,-0.711410154,-0.359932591
180673.732,-315195.475141876,-211907.962503622,-125798.577084685,0.581110985,-0.710610652,-0.359456972
181273.732,-314846.456575134,-212334.088667275,-126014.108394316,0.582283990,-0.709809642,-0.358980601
181873.732,-314496.734650019,-212759.733772774,-126229.353655485,0.583455513,-0.709007125,-0.358503478
182473.732,-314146.310256785,-213184.896916987,-126444.312417498,0.584625550,-0.708203105,-0.358025604
183073.732,-313795.184286881,-213609.577198039,-126658.984230392,0.585794101,-0.707397582,-0.357546981
183673.732,-313443.357632946,-214033.773715315,-126873.368644926,0.586961164,-0.706590559,-0.357067610
184273.732,-313090.831188809,-214457.485569461,-127087.465212587,0.588126735,-0.705782039,-0.356587492
184873.732,-312737.605849487,-214880.711862386,-127301.273485588,0.589290814,-0.704972022,-0.356106628
185473.732,-312383.682511180,-215303.451697262,-127514.793016870,0.590453398,-0.704160512,-0.355625019
186073.732,-312029.062071270,-215725.704178521,-127728.023360102,0.591614485,-0.703347510,-0.355142668
186673.732,-311673.745428319,-216147.468411862,-127940.964069679,0.592774074,-0.702533019,-0.354659574
187273.732,-311317.733482066,-216568.743504247,-128153.614700725,0.593932163,-0.701717041,-0.354175739
187873.732,-310961.027133423,-216989.528563905,-128365.974809091,0.595088749,-0.700899577,-0.353691165
188473.732,-310603.627284476,-217409.822700329,-128578.043951360,0.596243830,-0.700080630,-0.353205853
189073.732,-310245.534838480,-217829.625024280,-128789.821684839,0.597397405,-0.699260203,-0.352719803
189673.732,-309886.750699856,-218248.934647785,-129001.307567568,0.598549472,-0.698438296,-0.352233017
190273.732,-309527.275774190,-218667.750684143,-129212.501158314,0.599700028,-0.697614913,-0.351745496
190873.732,-309167.110968231,-219086.072247917,-129423.402016575,0.600849073,-0.696790054,-0.351257242
191473.732,-308806.257189888,-219503.898454942,-129634.009702579,0.601996603,-0.695963724,-0.350768256
192073.732,-308444.715348226,-219921.228422324,-129844.323777283,0.603142617,-0.695135923,-0.350278538
192673.732,-308082.486353466,-220338.061268438,-130054.343802376,0.604287113,-0.694306653,-0.349788091
193273.732,-307719.571116980,-220754.396112932,-130264.069340277,0.605430089,-0.693475918,-0.349296914
193873.732,-307355.970551290,-221170.232076726,-130473.499954135,0.606571543,-0.692643718,-0.348805011
194473.732,-306991.685570069,-221585.568282012,-130682.635207833,0.607711474,-0.691810056,-0.348312381
195073.732,-306626.717088130,-222000.403852258,-130891.474665983,0.608849878,-0.690974935,-0.347819026
195673.732,-306261.066021431,-222414.737912203,-131100.017893930,0.609986756,-0.690138356,-0.347324947
196273.732,-305894.733287072,-222828.569587864,-131308.264457751,0.611122104,-0.689300321,-0.346830145
196873.732,-305527.719803286,-223241.898006531,-131516.213924254,0.612255920,-0.688460833,-0.346334623
197473.732,-305160.026489448,-223654.722296772,-131723.865860983,0.613388204,-0.687619893,-0.345838380
198073.732,-304791.654266059,-224067.041588432,-131931.219836211,0.614518952,-0.686777504,-0.345341418
198673.732,-304422.604054754,-224478.855012632,-132138.275418947,0.615648163,-0.685933669,-0.344843738
199273.732,-304052.876778298,-224890.161701773,-132345.032178931,0.616775835,-0.685088388,-0.344345342
199873.732,-303682.473360577,-225300.960789534,-132551.489686637,0.617901967,-0.684241664,-0.343846231
200473.732,-303311.394726603,-225711.251410872,-132757.647513276,0.619026556,-0.683393500,-0.343346406
201073.732,-302939.641802509,-226121.032702027,-132963.505230788,0.620149600,-0.682543897,-0.342845867
201673.732,-302567.215515545,-226530.303800518,-133169.062411852,0.621271098,-0.681692858,-0.342344618
202273.732,-302194.116794078,-226939.063845144,-133374.318629878,0.622391048,-0.680840385,-0.341842657
202873.732,-301820.346567589,-227347.311975990,-133579.273459013,0.623509448,-0.679986479,-0.341339988
203473.732,-301445.905766668,-227755.047334419,-133783.926474137,0.624626296,-0.679131144,-0.340836611
204073.732,-301070.795323016,-228162.269063079,-133988.277250869,0.625741590,-0.678274381,-0.340332527
204673.732,-300695.016169440,-228568.976305904,-134192.325365560,0.626855329,-0.677416191,-0.339827738
205273.732,-300318.569239849,-228975.168208108,-134396.070395297,0.627967510,-0.676556579,-0.339322244
205873.732,-299941.455469256,-229380.843916193,-134599.511917904,0.629078132,-0.675695545,-0.338816048
206473.732,-299563.675793772,-229786.002577947,-134802.649511942,0.630187193,-0.674833091,-0.338309149
207073.732,-299185.231150605,-230190.643342441,-135005.482756706,0.631294691,-0.673969221,-0.337801550
207673.732,-298806.122478057,-230594.765360036,-135208.011232230,0.632400624,-0.673103935,-0.337293252
208273.732,-298426.350715522,-230998.367782378,-135410.234519283,0.633504990,-0.672237237,-0.336784255
208873.732,-298045.916803485,-231401.449762403,-135612.152199371,0.634607788,-0.671369128,-0.336274562
209473.732,-297664.821683516,-231804.010454333,-135813.763854740,0.635709016,-0.670499610,-0.335764173
210073.732,-297283.066298271,-232206.049013681,-136015.069068371,0.636808672,-0.669628686,-0.335253090
210673.732,-296900.651591489,-232607.564597249,-136216.067423983,0.637906755,-0.668756358,-0.334741313
211273.732,-296517.578507987,-233008.556363129,-136416.758506032,0.639003261,-0.667882628,-0.334228845
211873.732,-296133.847993663,-233409.023470705,-136617.141899715,0.640098190,-0.667007498,-0.333715686
212473.732,-295749.460995487,-233808.965080648,-136817.217190965,0.641191540,-0.666130969,-0.333201837
213073.732,-295364.418461504,-234208.380354927,-137016.983966454,0.642283309,-0.665253046,-0.332687300
213673.732,-294978.721340829,-234607.268456799,-137216.441813593,0.643373496,-0.664373728,-0.332172076
214273.732,-294592.370583644,-235005.628550815,-137415.590320531,0.644462097,-0.663493020,-0.331656166
214873.732,-294205.367141200,-235403.459802820,-137614.429076158,0.645549113,-0.662610922,-0.331139572
215473.732,-293817.711965809,-235800.761379953,-137812.957670101,0.646634540,-0.661727437,-0.330622294
216073.732,-293429.406010844,-236197.532450646,-138011.175692728,0.647718378,-0.660842568,-0.330104334
216673.732,-293040.450230738,-236593.772184629,-138209.082735147,0.648800624,-0.659956315,-0.329585694
217273.732,-292650.845580979,-236989.479752924,-138406.678389204,0.649881276,-0.659068682,-0.329066373
217873.732,-292260.593018112,-237384.654327852,-138603.962247488,0.650960334,-0.658179671,-0.328546375
218473.732,-291869.693499730,-237779.295083029,-138800.933903325,0.652037794,-0.657289284,-0.328025699
219073.732,-291478.147984479,-238173.401193370,-138997.592950784,0.653113656,-0.656397522,-0.327504347
219673.732,-291085.957432048,-238566.971835084,-139193.938984673,0.654187918,-0.655504389,-0.326982320
220273.732,-290693.122803174,-238960.006185683,-139389.971600541,0.655260578,-0.654609885,-0.326459620
220873.732,-290299.645059637,-239352.503423973,-139585.690394680,0.656331633,-0.653714015,-0.325936248
221473.732,-289905.525164252,-239744.462730063,-139781.094964121,0.657401084,-0.652816778,-0.325412205
222073.732,-289510.764080878,-240135.883285358,-139976.184906636,0.658468926,-0.651918179,-0.324887492
222673.732,-289115.362774406,-240526.764272568,-140170.959820741,0.659535160,-0.651018218,-0.324362110
223273.732,-288719.322210759,-240917.104875698,-140365.419305691,0.660599783,-0.650116899,-0.323836062
223873.732,-288322.643356894,-241306.904280058,-140559.562961484,0.661662794,-0.649214223,-0.323309347
224473.732,-287925.327180794,-241696.161672260,-140753.390388860,0.662724190,-0.648310192,-0.322781967
225073.732,-287527.374651469,-242084.876240214,-140946.901189302,0.663783971,-0.647404809,-0.322253924
225673.732,-287128.786738953,-242473.047173137,-141140.094965035,0.664842134,-0.646498076,-0.321725218
226273.732,-286729.564414300,-242860.673661547,-141332.971319025,0.665898678,-0.645589994,-0.321195852
226873.732,-286329.708649585,-243247.754897265,-141525.529854981,0.666953601,-0.644680567,-0.320665825
227473.732,-285929.220417900,-243634.290073417,-141717.770177358,0.668006901,-0.643769796,-0.320135140
228073.732,-285528.100693349,-244020.278384434,-141909.691891350,0.669058577,-0.642857684,-0.319603797
228673.732,-285126.350451050,-244405.719026051,-142101.294602896,0.670108626,-0.641944232,-0.319071799
229273.732,-284723.970667132,-244790.611195308,-142292.577918678,0.671157048,-0.641029443,-0.318539145
229873.732,-284320.962318730,-245174.954090551,-142483.541446123,0.672203841,-0.640113319,-0.318005838
230473.732,-283917.326383985,-245558.746911433,-142674.184793398,0.673249003,-0.639195862,-0.317471878
231073.732,-283513.063842040,-245941.988858913,-142864.507569418,0.674292532,-0.638277075,-0.316937267
231673.732,-283108.175673041,-246324.679135258,-143054.509383838,0.675334426,-0.637356959,-0.316402006
232273.732,-282702.662858130,-246706.816944041,-143244.189847060,0.676374684,-0.636435516,-0.315866097
232873.732,-282296.526379447,-247088.401490145,-143433.548570229,0.677413305,-0.635512750,-0.315329540
233473.732,-281889.767220125,-247469.431979761,-143622.585165235,0.678450286,-0.634588662,-0.314792336
234073.732,-281482.386364289,-247849.907620387,-143811.299244711,0.679485626,-0.633663254,-0.314254488
234673.732,-281074.384797053,-248229.827620832,-143999.690422036,0.680519324,-0.632736528,-0.313715996
235273.732,-280665.763504519,-248609.191191215,-144187.758311333,0.681551377,-0.631808487,-0.313176861
235873.732,-280256.523473773,-248987.997542964,-144375.502527471,0.682581784,-0.630879133,-0.312637086
236473.732,-279846.665692883,-249366.245888820,-144562.922686062,0.683610544,-0.629948468,-0.312096670
237073.732,-279436.191150899,-249743.935442830,-144750.018403467,0.684637654,-0.629016494,-0.311555615
237673.732,-279025.100837847,-250121.065420359,-144936.789296787,0.685663114,-0.628083213,-0.311013923
238273.732,-278613.395744732,-250497.635038078,-145123.234983873,0.686686921,-0.627148628,-0.310471595
238873.732,-278201.076863528,-250873.643513973,-145309.355083318,0.687709074,-0.626212741,-0.309928631
239473.732,-277788.145187183,-251249.090067343,-145495.149214464,0.688729571,-0.625275554,-0.309385034
240073.732,-277374.601709615,-251623.973918800,-145680.616997397,0.689748411,-0.624337068,-0.308840804
240673.732,-276960.447425706,-251998.294290266,-145865.758052949,0.690765592,-0.623397287,-0.308295943
241273.732,-276545.683331305,-252372.050404982,-146050.572002698,0.691781112,-0.622456213,-0.307750451
241873.732,-276130.310423221,-252745.241487500,-146235.058468968,0.692794971,-0.621513847,-0.307204331
242473.732,-275714.329699225,-253117.866763686,-146419.217074831,0.693807165,-0.620570192,-0.306657584
243073.732,-275297.742158046,-253489.925460723,-146603.047444103,0.694817694,-0.619625250,-0.306110210
243673.732,-274880.548799365,-253861.416807109,-146786.549201348,0.695826557,-0.618679024,-0.305562210
244273.732,-274462.750623820,-254232.340032657,-146969.721971876,0.696833750,-0.617731515,-0.305013587
244873.732,-274044.348633000,-254602.694368496,-147152.565381744,0.697839274,-0.616782725,-0.304464342
245473.732,-273625.343829441,-254972.479047072,-147335.079057756,0.698843126,-0.615832657,-0.303914475
246073.732,-273205.737216627,-255341.693302147,-147517.262627463,0.699845305,-0.614881314,-0.303363988
246673.732,-272785.529798985,-255710.336368801,-147699.115719163,0.700845808,-0.613928696,-0.302812882
247273.732,-272364.722581886,-256078.407483431,-147880.637961901,0.701844636,-0.612974807,-0.302261158
247873.732,-271943.316571640,-256445.905883753,-148061.828985470,0.702841785,-0.612019649,-0.301708818
248473.732,-271521.312775495,-256812.830808800,-148242.688420408,0.703837255,-0.611063223,-0.301155863
249073.732,-271098.712201635,-257179.181498925,-148423.215898003,0.704831044,-0.610105533,-0.300602294
249673.732,-270675.515859177,-257544.957195797,-148603.411050291,0.705823150,-0.609146580,-0.300048112
250273.732,-270251.724758168,-257910.157142407,-148783.273510054,0.706813572,-0.608186366,-0.299493319
250873.732,-269827.339909585,-258274.780583066,-148962.802910822,0.707802309,-0.607224894,-0.298937916
251473.732,-269402.362325334,-258638.826763403,-149141.998886873,0.708789358,-0.606262165,-0.298381903
252073.732,-268976.793018241,-259002.294930368,-149320.861073234,0.709774718,-0.605298183,-0.297825283
252673.732,-268550.633002059,-259365.184332233,-149499.389105679,0.710758388,-0.604332948,-0.297268057
253273.732,-268123.883291458,-259727.494218589,-149677.582620730,0.711740366,-0.603366465,-0.296710226
253873.732,-267696.544902027,-260089.223840350,-149855.441255658,0.712720650,-0.602398733,-0.296151790
254473.732,-267268.618850272,-260450.372449750,-150032.964648482,0.713699240,-0.601429757,-0.295592752
255073.732,-266840.106153610,-260810.939300346,-150210.152437970,0.714676133,-0.600459538,-0.295033113
255673.732,-266411.007830371,-261170.923647017,-150387.004263638,0.715651328,-0.599488078,-0.294472873
256273.732,-265981.324899797,-261530.324745965,-150563.519765750,0.716624824,-0.598515379,-0.293912034
256873.732,-265551.058382032,-261889.141854715,-150739.698585319,0.717596618,-0.597541444,-0.293350598
257473.732,-265120.209298129,-262247.374232114,-150915.540364108,0.718566711,-0.596566275,-0.292788565
258073.732,-264688.778670041,-262605.021138334,-151091.044744627,0.719535099,-0.595589874,-0.292225937
258673.732,-264256.767520624,-262962.081834870,-151266.211370137,0.720501782,-0.594612243,-0.291662715
259273.732,-263824.176873631,-263318.555584542,-151441.039884645,0.721466757,-0.593633385,-0.291098901
259873.732,-263391.007753712,-263674.441651492,-151615.529932911,0.722430024,-0.592653301,-0.290534495
260473.732,-262957.261186412,-264029.739301191,-151789.681160441,0.723391582,-0.591671994,-0.289969499
261073.732,-262522.938198165,-264384.447800430,-151963.493213491,0.724351427,-0.590689467,-0.289403913
261673.732,-262088.039816298,-264738.566417330,-152136.965739067,0.725309560,-0.589705720,-0.288837741
262273.732,-261652.567069025,-265092.094421335,-152310.098384924,0.726265978,-0.588720757,-0.288270981
262873.732,-261216.520985445,-265445.031083215,-152482.890799566,0.727220681,-0.587734580,-0.287703637
263473.732,-260779.902595541,-265797.375675067,-152655.342632247,0.728173666,-0.586747191,-0.287135708
264073.732,-260342.712930176,-266149.127470314,-152827.453532971,0.729124932,-0.585758592,-0.286567197
264673.732,-259904.953021094,-266500.285743707,-152999.223152491,0.730074478,-0.584768785,-0.285998104
265273.732,-259466.623900915,-266850.849771320,-153170.651142309,0.731022302,-0.583777773,-0.285428432
265873.732,-259027.726603135,-267200.818830560,-153341.737154678,0.731968403,-0.582785558,-0.284858180
266473.732,-258588.262162121,-267550.192200158,-153512.480842601,0.732912779,-0.581792141,-0.284287350
267073.732,-258148.231613112,-267898.969160174,-153682.881859829,0.733855430,-0.580797526,-0.283715944
267673.732,-257707.635992217,-268247.148991995,-153852.939860866,0.734796352,-0.579801714,-0.283143963
268273.732,-257266.476336408,-268594.730978337,-154022.654500962,0.735735546,-0.578804708,-0.282571408
268873.732,-256824.753683523,-268941.714403245,-154192.025436122,0.736673009,-0.577806510,-0.281998280
269473.732,-256382.469072264,-269288.098552093,-154361.052323096,0.737608740,-0.576807122,-0.281424581
270073.732,-255939.623542191,-269633.882711584,-154529.734819388,0.738542738,-0.575806546,-0.280850312
270673.732,-255496.218133722,-269979.066169749,-154698.072583250,0.739475001,-0.574804784,-0.280275473
271273.732,-255052.253888132,-270323.648215951,-154866.065273685,0.740405528,-0.573801839,-0.279700067
271873.732,-254607.731847550,-270667.628140881,-155033.712550447,0.741334317,-0.572797714,-0.279124094
272473.732,-254162.653054955,-271011.005236562,-155201.014074040,0.742261368,-0.571792409,-0.278547557
273073.732,-253717.018554178,-271353.778796346,-155367.969505718,0.743186678,-0.570785928,-0.277970455
273673.732,-253270.829389896,-271695.948114914,-155534.578507485,0.744110246,-0.569778272,-0.277392791
274273.732,-252824.086607632,-272037.512488283,-155700.840742096,0.745032071,-0.568769444,-0.276814565
274873.732,-252376.791253753,-272378.471213795,-155866.755873058,0.745952151,-0.567759446,-0.276235779
275473.732,-251928.944375465,-272718.823590128,-156032.323564627,0.746870485,-0.566748281,-0.275656434
276073.732,-251480.547020817,-273058.568917289,-156197.543481809,0.747787072,-0.565735949,-0.275076531
276673.732,-251031.600238691,-273397.706496618,-156362.415290362,0.748701910,-0.564722455,-0.274496072
277273.732,-250582.105078809,-273736.235630787,-156526.938656795,0.749614998,-0.563707799,-0.273915057
277873.732,-250132.062591722,-274074.155623799,-156691.113248367,0.750526334,-0.562691985,-0.273333489
278473.732,-249681.473828813,-274411.465780991,-156854.938733088,0.751435917,-0.561675013,-0.272751368
279073.732,-249230.339842295,-274748.165409032,-157018.414779718,0.752343746,-0.560656888,-0.272168696
279673.732,-248778.661685207,-275084.253815924,-157181.541057769,0.753249819,-0.559637610,-0.271585473
280273.732,-248326.440411413,-275419.730311002,-157344.317237504,0.754154134,-0.558617182,-0.271001701
280873.732,-247873.677075600,-275754.594204934,-157506.742989936,0.755056692,-0.557595607,-0.270417382
281473.732,-247420.372733276,-276088.844809723,-157668.817986829,0.755957489,-0.556572885,-0.269832517
282073.732,-246966.528440767,-276422.481438704,-157830.541900700,0.756856525,-0.555549021,-0.269247106
282673.732,-246512.145255216,-276755.503406547,-157991.914404814,0.757753799,-0.554524015,-0.268661151
283273.732,-246057.224234581,-277087.910029256,-158152.935173189,0.758649309,-0.553497871,-0.268074653
283873.732,-245601.766437631,-277419.700624169,-158313.603880594,0.759543053,-0.552470590,-0.267487614
284473.732,-245145.772923948,-277750.874509959,-158473.920202548,0.760435031,-0.551442174,-0.266900035
285073.732,-244689.244753921,-278081.431006633,-158633.883815322,0.761325241,-0.550412626,-0.266311917
285673.732,-244232.182988746,-278411.369435535,-158793.494395939,0.762213681,-0.549381949,-0.265723262
286273.732,-243774.588690422,-278740.689119341,-158952.751622170,0.763100351,-0.548350143,-0.265134070
286873.732,-243316.462921754,-279069.389382065,-159111.655172542,0.763985249,-0.547317212,-0.264544342
287473.732,-242857.806746343,-279397.469549055,-159270.204726329,0.764868373,-0.546283158,-0.263954081
288073.732,-242398.621228592,-279724.928946997,-159428.399963558,0.765749723,-0.545247982,-0.263363287
288673.732,-241938.907433699,-280051.766903909,-159586.240565007,0.766629297,-0.544211688,-0.262771962
289273.732,-241478.666427656,-280377.982749148,-159743.726212206,0.767507093,-0.543174277,-0.262180107
289873.732,-241017.899277248,-280703.575813407,-159900.856587436,0.768383111,-0.542135752,-0.261587723
290473.732,-240556.607050051,-281028.545428714,-160057.631373728,0.769257349,-0.541096114,-0.260994811
291073.732,-240094.790814428,-281352.890928437,-160214.050254866,0.770129806,-0.540055367,-0.260401372
291673.732,-239632.451639531,-281676.611647275,-160370.112915384,0.771000480,-0.539013512,-0.259807409
292273.732,-239169.590595292,-281999.706921270,-160525.819040568,0.771869370,-0.537970551,-0.259212921
292873.732,-238706.208752430,-282322.176087798,-160681.168316457,0.772736475,-0.536926487,-0.258617911
293473.732,-238242.307182442,-282644.018485571,-160836.160429838,0.773601794,-0.535881322,-0.258022380
294073.732,-237777.886957605,-282965.233454643,-160990.795068252,0.774465324,-0.534835058,-0.257426328
294673.732,-237312.949150970,-283285.820336401,-161145.071919990,0.775327066,-0.533787698,-0.256829758
295273.732,-236847.494836366,-283605.778473572,-161298.990674095,0.776187017,-0.532739244,-0.256232670
295873.732,-236381.525088392,-283925.107210221,-161452.551020363,0.777045177,-0.531689697,-0.255635065
296473.732,-235915.040982418,-284243.805891750,-161605.752649337,0.777901544,-0.530639060,-0.255036946
297073.732,-235448.043594583,-284561.873864901,-161758.595252317,0.778756116,-0.529587336,-0.254438312
297673.732,-234980.534001794,-284879.310477753,-161911.078521349,0.779608894,-0.528534526,-0.253839166
298273.732,-234512.513281720,-285196.115079724,-162063.202149235,0.780459874,-0.527480633,-0.253239509
298873.732,-234043.982512795,-285512.287021570,-162214.965829525,0.781309056,-0.526425660,-0.252639341
299473.732,-233574.942774213,-285827.825655388,-162366.369256524,0.782156439,-0.525369607,-0.252038664
300073.732,-233105.395145926,-286142.730334611,-162517.412125284,0.783002022,-0.524312478,-0.251437480
300673.732,-232635.340708645,-286457.000414014,-162668.094131612,0.783845802,-0.523254275,-0.250835790
301273.732,-232164.780543834,-286770.635249710,-162818.414972066,0.784687780,-0.522194999,-0.250233594
301873.732,-231693.715733711,-287083.634199150,-162968.374343953,0.785527953,-0.521134654,-0.249630895
302473.732,-231222.147361245,-287395.996621128,-163117.971945334,0.786366321,-0.520073241,-0.249027693
303073.732,-230750.076510155,-287707.721875774,-163267.207475020,0.787202882,-0.519010763,-0.248423989
303673.732,-230277.504264904,-288018.809324561,-163416.080632575,0.788037634,-0.517947222,-0.247819786
304273.732,-229804.431710705,-288329.258330300,-163564.591118312,0.788870578,-0.516882620,-0.247215084
304873.732,-229330.859933511,-288639.068257143,-163712.738633297,0.789701711,-0.515816960,-0.246609884
305473.732,-228856.790020018,-288948.238470581,-163860.522879348,0.790531032,-0.514750243,-0.246004187
306073.732,-228382.223057660,-289256.768337447,-164007.943559032,0.791358540,-0.513682471,-0.245397996
306673.732,-227907.160134611,-289564.657225915,-164155.000375671,0.792184234,-0.512613648,-0.244791311
307273.732,-227431.602339779,-289871.904505497,-164301.693033335,0.793008113,-0.511543776,-0.244184133
307873.732,-226955.550762806,-290178.509547047,-164448.021236846,0.793830174,-0.510472855,-0.243576464
308473.732,-226479.006494066,-290484.471722761,-164593.984691780,0.794650418,-0.509400890,-0.242968304
309073.732,-226001.970624664,-290789.790406175,-164739.583104460,0.795468843,-0.508327881,-0.242359656
309673.732,-225524.444246431,-291094.464972166,-164884.816181965,0.796285448,-0.507253832,-0.241750521
310273.732,-225046.428451927,-291398.494796952,-165029.683632121,0.797100230,-0.506178744,-0.241140899
310873.732,-224567.924334434,-291701.879258093,-165174.185163508,0.797913191,-0.505102620,-0.240530792
311473.732,-224088.932987958,-292004.617734490,-165318.320485457,0.798724327,-0.504025462,-0.239920201
312073.732,-223609.455507224,-292306.709606386,-165462.089308049,0.799533638,-0.502947272,-0.239309127
312673.732,-223129.492987677,-292608.154255366,-165605.491342118,0.800341123,-0.501868053,-0.238697573
313273.732,-222649.046525478,-292908.951064355,-165748.526299248,0.801146780,-0.500787806,-0.238085538
313873.732,-222168.117217504,-293209.099417622,-165891.193891774,0.801950608,-0.499706534,-0.237473024
314473.732,-221686.706161343,-293508.598700776,-166033.493832783,0.802752607,-0.498624239,-0.236860033
315073.732,-221204.814455297,-293807.448300770,-166175.425836113,0.803552775,-0.497540924,-0.236246565
315673.732,-220722.443198375,-294105.647605898,-166316.989616354,0.804351110,-0.496456590,-0.235632623
316273.732,-220239.593490294,-294403.196005797,-166458.184888844,0.805147612,-0.495371240,-0.235018207
316873.732,-219756.266431477,-294700.092891446,-166599.011369676,0.805942279,-0.494284876,-0.234403318
317473.732,-219272.463123050,-294996.337655167,-166739.468775692,0.806735110,-0.493197501,-0.233787957
318073.732,-218788.184666843,-295291.929690622,-166879.556824486,0.807526104,-0.492109116,-0.233172127
318673.732,-218303.432165384,-295586.868392820,-167019.275234401,0.808315261,-0.491019724,-0.232555828
319273.732,-217818.206721898,-295881.153158110,-167158.623724534,0.809102578,-0.489929327,-0.231939061
319873.732,-217332.509440310,-296174.783384184,-167297.602014731,0.809888054,-0.488837927,-0.231321828
320473.732,-216846.341425236,-296467.758470077,-167436.209825590,0.810671689,-0.487745526,-0.230704130
321073.732,-216359.703781987,-296760.077816169,-167574.446878459,0.811453481,-0.486652128,-0.230085969
321673.732,-215872.597616564,-297051.740824180,-167712.312895437,0.812233429,-0.485557733,-0.229467344
322273.732,-215385.024035657,-297342.746897175,-167849.807599374,0.813011533,-0.484462345,-0.228848259
322873.732,-214896.984146642,-297633.095439563,-167986.930713873,0.813787790,-0.483365965,-0.228228713
323473.732,-214408.479057583,-297922.785857095,-168123.681963284,0.814562199,-0.482268596,-0.227608709
324073.732,-213919.509877225,-298211.817556865,-168260.061072710,0.815334760,-0.481170239,-0.226988247
324673.732,-213430.077714996,-298500.189947312,-168396.067768005,0.816105472,-0.480070898,-0.226367328
325273.732,-212940.183681003,-298787.902438219,-168531.701775774,0.816874333,-0.478970575,-0.225745955
325873.732,-212449.828886032,-299074.954440710,-168666.962823370,0.817641342,-0.477869271,-0.225124128
326473.732,-211959.014441546,-299361.345367256,-168801.850638901,0.818406498,-0.476766988,-0.224501848
327073.732,-211467.741459679,-299647.074631670,-168936.364951221,0.819169799,-0.475663730,-0.223879118
327673.732,-210976.011053242,-299932.141649110,-169070.505489939,0.819931246,-0.474559499,-0.223255937
328273.732,-210483.824335715,-300216.545836075,-169204.271985411,0.820690836,-0.473454296,-0.222632307
328873.732,-209991.182421245,-300500.286610413,-169337.664168745,0.821448569,-0.472348124,-0.222008230
329473.732,-209498.086424649,-300783.363391312,-169470.681771801,0.822204443,-0.471240985,-0.221383706
330073.732,-209004.537461410,-301065.775599306,-169603.324527186,0.822958458,-0.470132881,-0.220758738
330673.732,-208510.536647672,-301347.522656273,-169735.592168261,0.823710611,-0.469023815,-0.220133325
331273.732,-208016.085100242,-301628.603985436,-169867.484429136,0.824460903,-0.467913789,-0.219507471
331873.732,-207521.183936588,-301909.019011360,-169999.001044670,0.825209332,-0.466802805,-0.218881174
332473.732,-207025.834274836,-302188.767159958,-170130.141750474,0.825955897,-0.465690865,-0.218254438
333073.732,-206530.037233768,-302467.847858485,-170260.906282908,0.826700596,-0.464577972,-0.217627263
333673.732,-206033.793932821,-302746.260535541,-170391.294379085,0.827443429,-0.463464127,-0.216999651
334273.732,-205537.105492085,-303024.004621072,-170521.305776866,0.828184395,-0.462349333,-0.216371602
334873.732,-205039.973032301,-303301.079546366,-170650.940214860,0.828923493,-0.461233593,-0.215743119
335473.732,-204542.397674861,-303577.484744059,-170780.197432431,0.829660721,-0.460116909,-0.215114201
336073.732,-204044.380541803,-303853.219648129,-170909.077169690,0.830396078,-0.458999282,-0.214484851
336673.732,-203545.922755812,-304128.283693901,-171037.579167499,0.831129563,-0.457880715,-0.213855070
337273.732,-203047.025440217,-304402.676318043,-171165.703167469,0.831861176,-0.456761210,-0.213224859
337873.732,-202547.689718988,-304676.396958570,-171293.448911963,0.832590915,-0.455640770,-0.212594218
338473.732,-202047.916716739,-304949.445054842,-171420.816144091,0.833318780,-0.454519396,-0.211963151
339073.732,-201547.707558720,-305221.820047560,-171547.804607715,0.834044768,-0.453397091,-0.211331657
339673.732,-201047.063370819,-305493.521378777,-171674.414047447,0.834768879,-0.452273858,-0.210699738
340273.732,-200545.985279562,-305764.548491885,-171800.644208647,0.835491112,-0.451149698,-0.210067395
340873.732,-200044.474412104,-306034.900831624,-171926.494837428,0.836211466,-0.450024614,-0.209434630
341473.732,-199542.531896237,-306304.577844080,-172051.965680648,0.836929940,-0.448898608,-0.208801444
342073.732,-199040.158860381,-306573.578976683,-172177.056485919,0.837646533,-0.447771681,-0.208167837
342673.732,-198537.356433583,-306841.903678207,-172301.767001600,0.838361243,-0.446643838,-0.207533812
343273.732,-198034.125745520,-307109.551398776,-172426.096976800,0.839074070,-0.445515079,-0.206899369
343873.732,-197530.467926492,-307376.521589855,-172550.046161380,0.839785013,-0.444385406,-0.206264510
344473.732,-197026.384107425,-307642.813704256,-172673.614305946,0.840494070,-0.443254823,-0.205629236
345073.732,-196521.875419863,-307908.427196137,-172796.801161858,0.841201241,-0.442123332,-0.204993548
345673.732,-196016.942995973,-308173.361521000,-172919.606481221,0.841906524,-0.440990934,-0.204357448
346273.732,-195511.587968539,-308437.616135696,-173042.030016893,0.842609919,-0.439857631,-0.203720936
346873.732,-195005.811470963,-308701.190498418,-173164.071522480,0.843311424,-0.438723427,-0.203084014
347473.732,-194499.614637260,-308964.084068707,-173285.730752337,0.844011039,-0.437588324,-0.202446684
348073.732,-193992.998602059,-309226.296307448,-173407.007461567,0.844708763,-0.436452323,-0.201808946
348673.732,-193485.964500602,-309487.826676873,-173527.901406025,0.845404593,-0.435315426,-0.201170801
349273.732,-192978.513468739,-309748.674640560,-173648.412342312,0.846098530,-0.434177637,-0.200532252
349873.732,-192470.646642929,-310008.839663432,-173768.540027781,0.846790573,-0.433038957,-0.199893299
350473.732,-191962.365160237,-310268.321211759,-173888.284220531,0.847480720,-0.431899389,-0.199253943
351073.732,-191453.670158333,-310527.118753155,-174007.644679413,0.848168970,-0.430758935,-0.198614186
351673.732,-190944.562775490,-310785.231756581,-174126.621164025,0.848855323,-0.429617596,-0.197974029
352273.732,-190435.044150584,-311042.659692345,-174245.213434713,0.849539777,-0.428475376,-0.197333473
352873.732,-189925.115423088,-311299.402032100,-174363.421252575,0.850222331,-0.427332277,-0.196692520
353473.732,-189414.777733076,-311555.458248845,-174481.244379453,0.850902985,-0.426188300,-0.196051170
354073.732,-188904.032221216,-311810.827816924,-174598.682577943,0.851581737,-0.425043448,-0.195409426
354673.732,-188392.880028772,-312065.510212030,-174715.735611385,0.852258587,-0.423897724,-0.194767287
355273.732,-187881.322297601,-312319.504911199,-174832.403243871,0.852933533,-0.422751129,-0.194124756
355873.732,-187369.360170152,-312572.811392815,-174948.685240239,0.853606574,-0.421603666,-0.193481834
356473.732,-186856.994789462,-312825.429136608,-175064.581366078,0.854277710,-0.420455336,-0.192838521
357073.732,-186344.227299159,-313077.357623653,-175180.091387722,0.854946940,-0.419306143,-0.192194820
357673.732,-185831.058843456,-313328.596336373,-175295.215072257,0.855614261,-0.418156089,-0.191550731
358273.732,-185317.490567150,-313579.144758536,-175409.952187515,0.856279675,-0.417005175,-0.190906256
358873.732,-184803.523615622,-313829.002375256,-175524.302502077,0.856943179,-0.415853405,-0.190261395
359473.732,-184289.159134835,-314078.168672995,-175638.265785272,0.857604772,-0.414700779,-0.189616151
360073.732,-183774.398271333,-314326.643139560,-175751.841807177,0.858264454,-0.413547301,-0.188970525
360673.732,-183259.242172235,-314574.425264103,-175865.030338618,0.858922224,-0.412392973,-0.188324517
361273.732,-182743.691985241,-314821.514537126,-175977.831151168,0.859578080,-0.411237796,-0.187678129
361873.732,-182227.748858622,-315067.910450473,-176090.244017149,0.860232023,-0.410081774,-0.187031362
362473.732,-181711.413941225,-315313.612497339,-176202.268709628,0.860884049,-0.408924908,-0.186384217
363073.732,-181194.688382469,-315558.620172261,-176313.905002425,0.861534160,-0.407767201,-0.185736696
363673.732,-180677.573332341,-315802.932971126,-176425.152670103,0.862182354,-0.406608655,-0.185088800
364273.732,-180160.069941399,-316046.550391166,-176536.011487976,0.862828629,-0.405449272,-0.184440530
364873.732,-179642.179360768,-316289.471930958,-176646.481232104,0.863472986,-0.404289055,-0.183791888
365473.732,-179123.902742136,-316531.697090427,-176756.561679294,0.864115423,-0.403128005,-0.183142874
366073.732,-178605.241237756,-316773.225370845,-176866.252607103,0.864755938,-0.401966125,-0.182493490
366673.732,-178086.196000445,-317014.056274830,-176975.553793833,0.865394532,-0.400803417,-0.181843737
367273.732,-177566.768183579,-317254.189306347,-177084.465018536,0.866031203,-0.399639884,-0.181193617
367873.732,-177046.958941092,-317493.623970705,-177192.986061009,0.866665951,-0.398475527,-0.180543130
368473.732,-176526.769427477,-317732.359774564,-177301.116701798,0.867298774,-0.397310349,-0.179892278
369073.732,-176006.200797783,-317970.396225925,-177408.856722196,0.867929671,-0.396144352,-0.179241062
369673.732,-175485.254207613,-318207.732834142,-177516.205904241,0.868558642,-0.394977539,-0.178589484
370273.732,-174963.930813120,-318444.369109910,-177623.164030723,0.869185685,-0.393809911,-0.177937544
370873.732,-174442.231771013,-318680.304565274,-177729.730885174,0.869810800,-0.392641471,-0.177285244
371473.732,-173920.158238547,-318915.538713624,-177835.906251876,0.870433986,-0.391472222,-0.176632585
372073.732,-173397.711373525,-319150.071069697,-177941.689915858,0.871055242,-0.390302164,-0.175979569
372673.732,-172874.892334298,-319383.901149577,-178047.081662895,0.871674567,-0.389131301,-0.175326196
373273.732,-172351.702279761,-319617.028470695,-178152.081279509,0.872291960,-0.387959635,-0.174672467
373873.732,-171828.142369353,-319849.452551827,-178256.688552968,0.872907420,-0.386787168,-0.174018385
374473.732,-171304.213763052,-320081.172913098,-178360.903271290,0.873520946,-0.385613903,-0.173363950
375073.732,-170779.917621379,-320312.189075978,-178464.725223237,0.874132537,-0.384439841,-0.172709164
375673.732,-170255.255105393,-320542.500563284,-178568.154198317,0.874742193,-0.383264985,-0.172054028
376273.732,-169730.227376689,-320772.106899181,-178671.189986787,0.875349913,-0.382089337,-0.171398542
376873.732,-169204.835597399,-321001.007609177,-178773.832379648,0.875955695,-0.380912899,-0.170742709
377473.732,-168679.080930186,-321229.202220132,-178876.081168651,0.876559539,-0.379735673,-0.170086530
378073.732,-168152.964538249,-321456.690260249,-178977.936146289,0.877161444,-0.378557663,-0.169430005
378673.732,-167626.487585316,-321683.471259080,-179079.397105805,0.877761409,-0.377378870,-0.168773136
379273.732,-167099.651235643,-321909.544747520,-179180.463841188,0.878359433,-0.376199295,-0.168115925
379873.732,-166572.456654017,-322134.910257816,-179281.136147170,0.878955515,-0.375018943,-0.167458372
380473.732,-166044.905005748,-322359.567323558,-179381.413819232,0.879549655,-0.373837814,-0.166800479
381073.732,-165516.997456672,-322583.515479684,-179481.296653602,0.880141851,-0.372655911,-0.166142246
381673.732,-164988.735173149,-322806.754262478,-179580.784447251,0.880732103,-0.371473236,-0.165483676
382273.732,-164460.119322060,-323029.283209573,-179679.876997898,0.881320410,-0.370289792,-0.164824770
382873.732,-163931.151070805,-323251.101859946,-179778.574104009,0.881906770,-0.369105581,-0.164165528
383473.732,-163401.831587304,-323472.209753923,-179876.875564793,0.882491184,-0.367920605,-0.163505952
384073.732,-162872.162039994,-323692.606433176,-179974.781180207,0.883073649,-0.366734866,-0.162846044
384673.732,-162342.143597827,-323912.291440722,-180072.290750953,0.883654166,-0.365548366,-0.162185804
385273.732,-161811.777430268,-324131.264320929,-180169.404078479,0.884232734,-0.364361108,-0.161525233
385873.732,-161281.064707298,-324349.524619507,-180266.120964979,0.884809351,-0.363173094,-0.160864334
386473.732,-160750.006599405,-324567.071883518,-180362.441213391,0.885384017,-0.361984327,-0.160203106
387073.732,-160218.604277590,-324783.905661365,-180458.364627401,0.885956731,-0.360794808,-0.159541553
387673.732,-159686.858913359,-325000.025502803,-180553.891011439,0.886527491,-0.359604539,-0.158879673
388273.732,-159154.771678727,-325215.430958931,-180649.020170680,0.887096298,-0.358413524,-0.158217470
388873.732,-158622.343746212,-325430.121582196,-180743.751911046,0.887663151,-0.357221763,-0.157554944
389473.732,-158089.576288838,-325644.096926392,-180838.086039203,0.888228048,-0.356029260,-0.156892096
390073.732,-157556.470480129,-325857.356546658,-180932.022362562,0.888790988,-0.354836017,-0.156228928
390673.732,-157023.027494111,-326069.899999482,-181025.560689280,0.889351972,-0.353642036,-0.155565441
391273.732,-156489.248505308,-326281.726842698,-181118.700828260,0.889910998,-0.352447319,-0.154901636
391873.732,-155955.134688742,-326492.836635488,-181211.442589148,0.890468064,-0.351251868,-0.154237514
392473.732,-155420.687219931,-326703.228938378,-181303.785782337,0.891023172,-0.350055686,-0.153573077
393073.732,-154885.907274889,-326912.903313245,-181395.730218963,0.891576318,-0.348858775,-0.152908326
393673.732,-154350.796030121,-327121.859323309,-181487.275710909,0.892127504,-0.347661137,-0.152243262
394273.732,-153815.354662626,-327330.096533140,-181578.422070802,0.892676727,-0.346462775,-0.151577886
394873.732,-153279.584349892,-327537.614508652,-181669.169112012,0.893223988,-0.345263690,-0.150912200
395473.732,-152743.486269896,-327744.412817109,-181759.516648658,0.893769285,-0.344063885,-0.150246204
396073.732,-152207.061601103,-327950.491027120,-181849.464495599,0.894312617,-0.342863362,-0.149579901
396673.732,-151670.311522463,-328155.848708641,-181939.012468441,0.894853984,-0.341662124,-0.148913291
397273.732,-151133.237213411,-328360.485432976,-182028.160383535,0.895393385,-0.340460172,-0.148246375
397873.732,-150595.839853865,-328564.400772775,-182116.908057976,0.895930819,-0.339257509,-0.147579156
398473.732,-150058.120624224,-328767.594302035,-182205.255309603,0.896466285,-0.338054137,-0.146911633
399073.732,-149520.080705369,-328970.065596101,-182293.201956999,0.896999783,-0.336850059,-0.146243808
399673.732,-148981.721278656,-329171.814231662,-182380.747819493,0.897531311,-0.335645276,-0.145575683
400273.732,-148443.043525923,-329372.839786759,-182467.892717156,0.898060869,-0.334439791,-0.144907259
400873.732,-147904.048629480,-329573.141840775,-182554.636470807,0.898588457,-0.333233606,-0.144238537
401473.732,-147364.737772113,-329772.719974444,-182640.978902004,0.899114072,-0.332026723,-0.143569518
402073.732,-146825.112137082,-329971.573769843,-182726.919833054,0.899637716,-0.330819145,-0.142900203
402673.732,-146285.172908115,-330169.702810400,-182812.459087005,0.900159385,-0.329610874,-0.142230594
403273.732,-145744.921269414,-330367.106680886,-182897.596487650,0.900679081,-0.328401912,-0.141560692
403873.732,-145204.358405647,-330563.784967423,-182982.331859527,0.901196802,-0.327192262,-0.140890499
404473.732,-144663.485501951,-330759.737257479,-183066.665027915,0.901712547,-0.325981924,-0.140220014
405073.732,-144122.303743928,-330954.963139865,-183150.595818840,0.902226316,-0.324770903,-0.139549241
405673.732,-143580.814317644,-331149.462204745,-183234.124059071,0.902738108,-0.323559200,-0.138878179
406273.732,-143039.018409629,-331343.234043627,-183317.249576119,0.903247922,-0.322346817,-0.138206830
406873.732,-142496.917206874,-331536.278249366,-183399.972198241,0.903755757,-0.321133756,-0.137535196
407473.732,-141954.511896830,-331728.594416163,-183482.291754436,0.904261613,-0.319920021,-0.136863277
408073.732,-141411.803667408,-331920.182139570,-183564.208074447,0.904765488,-0.318705612,-0.136191076
408673.732,-140868.793706974,-332111.041016483,-183645.720988762,0.905267383,-0.317490533,-0.135518592
409273.732,-140325.483204353,-332301.170645145,-183726.830328610,0.905767296,-0.316274785,-0.134845828
409873.732,-139781.873348822,-332490.570625147,-183807.535925965,0.906265226,-0.315058371,-0.134172784
410473.732,-139237.965330113,-332679.240557427,-183887.837613544,0.906761173,-0.313841293,-0.133499462
411073.732,-138693.760338409,-332867.180044271,-183967.735224808,0.907255136,-0.312623553,-0.132825863
411673.732,-138149.259564343,-333054.388689311,-184047.228593960,0.907747114,-0.311405154,-0.132151988
412273.732,-137604.464198998,-333240.866097525,-184126.317555947,0.908237106,-0.310186097,-0.131477839
412873.732,-137059.375433903,-333426.611875242,-184205.001946459,0.908725113,-0.308966386,-0.130803417
413473.732,-136513.994461036,-333611.625630134,-184283.281601929,0.909211132,-0.307746022,-0.130128723
414073.732,-135968.322472818,-333795.906971223,-184361.156359534,0.909695164,-0.306525007,-0.129453758
414673.732,-135422.360662113,-333979.455508876,-184438.626057193,0.910177207,-0.305303344,-0.128778523
415273.732,-134876.110222229,-334162.270854810,-184515.690533568,0.910657261,-0.304081035,-0.128103020
415873.732,-134329.572346913,-334344.352622087,-184592.349628065,0.911135325,-0.302858082,-0.127427250
416473.732,-133782.748230353,-334525.700425117,-184668.603180831,0.911611398,-0.301634488,-0.126751215
417073.732,-133235.639067173,-334706.313879658,-184744.451032757,0.912085480,-0.300410254,-0.126074914
417673.732,-132688.246052435,-334886.192602813,-184819.893025478,0.912557570,-0.299185384,-0.125398351
418273.732,-132140.570381638,-335065.336213034,-184894.929001369,0.913027667,-0.297959878,-0.124721525
418873.732,-131592.613250711,-335243.744330122,-184969.558803550,0.913495770,-0.296733740,-0.124044439
419473.732,-131044.375856019,-335421.416575221,-185043.782275882,0.913961879,-0.295506972,-0.123367093
420073.732,-130495.859394357,-335598.352570827,-185117.599262970,0.914425994,-0.294279576,-0.122689488
420673.732,-129947.065062949,-335774.551940780,-185191.009610161,0.914888112,-0.293051553,-0.122011626
421273.732,-129397.994059449,-335950.014310270,-185264.013163544,0.915348234,-0.291822908,-0.121333509
421873.732,-128848.647581938,-336124.739305831,-185336.609769950,0.915806358,-0.290593641,-0.120655137
422473.732,-128299.026828923,-336298.726555347,-185408.799276956,0.916262485,-0.289363755,-0.119976511
423073.732,-127749.132999333,-336471.975688051,-185480.581532876,0.916716614,-0.288133252,-0.119297633
423673.732,-127198.967292525,-336644.486334519,-185551.956386770,0.917168743,-0.286902134,-0.118618505
424273.732,-126648.530908273,-336816.258126677,-185622.923688439,0.917618872,-0.285670404,-0.117939126
424873.732,-126097.825046774,-336987.290697800,-185693.483288427,0.918067000,-0.284438064,-0.117259499
425473.732,-125546.850908645,-337157.583682509,-185763.635038020,0.918513127,-0.283205117,-0.116579625
426073.732,-124995.609694918,-337327.136716770,-185833.378789244,0.918957252,-0.281971563,-0.115899505
426673.732,-124444.102607045,-337495.949437902,-185902.714394871,0.919399374,-0.280737407,-0.115219140
427273.732,-123892.330846890,-337664.021484567,-185971.641708412,0.919839493,-0.279502649,-0.114538531
427873.732,-123340.295616733,-337831.352496778,-186040.160584121,0.920277607,-0.278267292,-0.113857681
428473.732,-122787.998119266,-337997.942115892,-186108.270876994,0.920713717,-0.277031339,-0.113176589
429073.732,-122235.439557592,-338163.789984617,-186175.972442770,0.921147821,-0.275794791,-0.112495257
429673.732,-121682.621135224,-338328.895747008,-186243.265137927,0.921579919,-0.274557652,-0.111813687
430273.732,-121129.544056084,-338493.259048466,-186310.148819688,0.922010010,-0.273319922,-0.111131879
430873.732,-120576.209524501,-338656.879535741,-186376.623346017,0.922438094,-0.272081605,-0.110449836
431473.732,-120022.618745210,-338819.756856932,-186442.688575618,0.922864169,-0.270842702,-0.109767557
432073.732,-119468.772923351,-338981.890661484,-186508.344367939,0.923288236,-0.269603216,-0.109085045
432673.732,-118914.673264467,-339143.280600190,-186573.590583168,0.923710292,-0.268363150,-0.108402300
433273.732,-118360.320974503,-339303.926325192,-186638.427082237,0.924130339,-0.267122504,-0.107719325
433873.732,-117805.717259806,-339463.827489979,-186702.853726816,0.924548375,-0.265881283,-0.107036119
434473.732,-117250.863327122,-339622.983749389,-186766.870379320,0.924964399,-0.264639487,-0.106352685
435073.732,-116695.760383594,-339781.394759607,-186830.476902905,0.925378411,-0.263397119,-0.105669023
435673.732,-116140.409636762,-339939.060178165,-186893.673161466,0.925790410,-0.262154182,-0.104985135
436273.732,-115584.812294565,-340095.979663947,-186956.459019642,0.926200395,-0.260910677,-0.104301022
436873.732,-115028.969565332,-340252.152877180,-187018.834342812,0.926608366,-0.259666607,-0.103616685
437473.732,-114472.882657788,-340407.579479444,-187080.798997099,0.927014323,-0.258421974,-0.102932126
438073.732,-113916.552781048,-340562.259133663,-187142.352849364,0.927418264,-0.257176780,-0.102247345
438673.732,-113359.981144618,-340716.191504111,-187203.495767212,0.927820188,-0.255931028,-0.101562344
439273.732,-112803.168958395,-340869.376256412,-187264.227618987,0.928220096,-0.254684720,-0.100877125
439873.732,-112246.117432661,-341021.813057535,-187324.548273776,0.928617987,-0.253437858,-0.100191688
440473.732,-111688.827778088,-341173.501575800,-187384.457601407,0.929013859,-0.252190444,-0.099506035
441073.732,-111131.301205730,-341324.441480874,-187443.955472449,0.929407712,-0.250942481,-0.098820166
441673.732,-110573.538927028,-341474.632443772,-187503.041758212,0.929799547,-0.249693971,-0.098134084
442273.732,-110015.542153803,-341624.074136859,-187561.716330748,0.930189361,-0.248444916,-0.097447789
442873.732,-109457.312098262,-341772.766233848,-187619.979062848,0.930577154,-0.247195318,-0.096761283
443473.732,-108898.849972988,-341920.708409800,-187677.829828048,0.930962926,-0.245945179,-0.096074566
444073.732,-108340.156990945,-342067.900341125,-187735.268500620,0.931346677,-0.244694502,-0.095387641
444673.732,-107781.234365475,-342214.341705581,-187792.294955582,0.931728404,-0.243443290,-0.094700508
445273.732,-107222.083310296,-342360.032182275,-187848.909068690,0.932108109,-0.242191544,-0.094013168
445873.732,-106662.705039503,-342504.971451665,-187905.110716442,0.932485790,-0.240939266,-0.093325623
446473.732,-106103.100767562,-342649.159195553,-187960.899776076,0.932861446,-0.239686459,-0.092637875
447073.732,-105543.271709315,-342792.595097095,-188016.276125572,0.933235077,-0.238433125,-0.091949923
447673.732,-104983.219079973,-342935.278840792,-188071.239643652,0.933606683,-0.237179267,-0.091261770
448273.732,-104422.944095121,-343077.210112497,-188125.790209776,0.933976262,-0.235924886,-0.090573417
448873.732,-103862.447970708,-343218.388599409,-188179.927704147,0.934343815,-0.234669984,-0.089884865
449473.732,-103301.731923055,-343358.813990078,-188233.652007709,0.934709340,-0.233414565,-0.089196114
450073.732,-102740.797168849,-343498.485974404,-188286.963002145,0.935072836,-0.232158630,-0.088507168
450673.732,-102179.644925140,-343637.404243633,-188339.860569881,0.935434304,-0.230902182,-0.087818026
451273.732,-101618.276409346,-343775.568490363,-188392.344594083,0.935793743,-0.229645222,-0.087128689
451873.732,-101056.692839244,-343912.978408540,-188444.414958656,0.936151152,-0.228387754,-0.086439160
452473.732,-100494.895432976,-344049.633693460,-188496.071548248,0.936506530,-0.227129778,-0.085749440
453073.732,-99932.885409042,-344185.534041769,-188547.314248248,0.936859878,-0.225871299,-0.085059529
453673.732,-99370.663986303,-344320.679151460,-188598.142944783,0.937211193,-0.224612317,-0.084369428
454273.732,-98808.232383977,-344455.068721878,-188648.557524724,0.937560476,-0.223352835,-0.083679140
454873.732,-98245.591821639,-344588.702453717,-188698.557875681,0.937907726,-0.222092855,-0.082988665
455473.732,-97682.743519221,-344721.580049020,-188748.143886004,0.938252943,-0.220832380,-0.082298005
456073.732,-97119.688697007,-344853.701211181,-188797.315444786,0.938596125,-0.219571412,-0.081607160
456673.732,-96556.428575636,-344985.065644943,-188846.072441857,0.938937273,-0.218309952,-0.080916133
457273.732,-95992.964376098,-345115.673056397,-188894.414767791,0.939276386,-0.217048004,-0.080224923
457873.732,-95429.297319735,-345245.523152988,-188942.342313901,0.939613463,-0.215785570,-0.079533534
458473.732,-94865.428628237,-345374.615643507,-188989.854972242,0.939948503,-0.214522651,-0.078841964
459073.732,-94301.359523642,-345502.950238098,-189036.952635607,0.940281506,-0.213259251,-0.078150217
459673.732,-93737.091228338,-345630.526648254,-189083.635197531,0.940612472,-0.211995370,-0.077458293
460273.732,-93172.624965056,-345757.344586819,-189129.902552291,0.940941399,-0.210731012,-0.076766194
460873.732,-92607.961956873,-345883.403767985,-189175.754594903,0.941268288,-0.209466179,-0.076073920
461473.732,-92043.103427210,-346008.703907297,-189221.191221122,0.941593138,-0.208200873,-0.075381472
462073.732,-91478.050599828,-346133.244721649,-189266.212327447,0.941915947,-0.206935096,-0.074688853
462673.732,-90912.804698832,-346257.025929286,-189310.817811116,0.942236716,-0.205668851,-0.073996064
463273.732,-90347.366948665,-346380.047249803,-189355.007570106,0.942555444,-0.204402140,-0.073303105
463873.732,-89781.738574110,-346502.308404148,-189398.781503137,0.942872131,-0.203134964,-0.072609977
464473.732,-89215.920800287,-346623.809114617,-189442.139509667,0.943186775,-0.201867327,-0.071916683
465073.732,-88649.914852652,-346744.549104857,-189485.081489897,0.943499377,-0.200599231,-0.071223223
465673.732,-88083.721956997,-346864.528099869,-189527.607344767,0.943809935,-0.199330677,-0.070529599
466273.732,-87517.343339447,-346983.745826002,-189569.716975958,0.944118450,-0.198061668,-0.069835811
466873.732,-86950.780226460,-347102.202010956,-189611.410285891,0.944424920,-0.196792207,-0.069141862
467473.732,-86384.033844828,-347219.896383785,-189652.687177727,0.944729345,-0.195522295,-0.068447751
468073.732,-85817.105421669,-347336.828674892,-189693.547555369,0.945031725,-0.194251935,-0.067753481
468673.732,-85249.996184435,-347452.998616031,-189733.991323461,0.945332058,-0.192981128,-0.067059053
469273.732,-84682.707360902,-347568.405940310,-189774.018387384,0.945630346,-0.191709879,-0.066364467
469873.732,-84115.240179176,-347683.050382186,-189813.628653263,0.945926586,-0.190438187,-0.065669726
470473.732,-83547.595867687,-347796.931677469,-189852.822027962,0.946220778,-0.189166057,-0.064974830
471073.732,-82979.775655189,-347910.049563320,-189891.598419085,0.946512922,-0.187893490,-0.064279781
471673.732,-82411.780770763,-348022.403778253,-189929.957734978,0.946803018,-0.186620488,-0.063584580
472273.732,-81843.612443808,-348133.994062134,-189967.899884726,0.947091064,-0.185347053,-0.062889228
472873.732,-81275.271904046,-348244.820156179,-190005.424778156,0.947377060,-0.184073189,-0.062193726
473473.732,-80706.760381520,-348354.881802959,-190042.532325834,0.947661006,-0.182798896,-0.061498075
474073.732,-80138.079106589,-348464.178746395,-190079.222439067,0.947942902,-0.181524178,-0.060802278
474673.732,-79569.229309932,-348572.710731761,-190115.495029903,0.948222745,-0.180249036,-0.060106334
475273.732,-79000.212222544,-348680.477505684,-190151.350011130,0.948500537,-0.178973473,-0.059410246
475873.732,-78431.029075733,-348787.478816144,-190186.787296276,0.948776277,-0.177697492,-0.058714014
476473.732,-77861.681101125,-348893.714412472,-190221.806799612,0.949049963,-0.176421093,-0.058017640
477073.732,-77292.169530657,-348999.184045354,-190256.408436146,0.949321596,-0.175144281,-0.057321125
477673.732,-76722.495596577,-349103.887466826,-190290.592121630,0.949591175,-0.173867056,-0.056624470
478273.732,-76152.660531444,-349207.824430281,-190324.357772554,0.949858700,-0.172589421,-0.055927677
478873.732,-75582.665568128,-349310.994690461,-190357.705306149,0.950124169,-0.171311379,-0.055230746
479473.732,-75012.511939806,-349413.398003465,-190390.634640388,0.950387583,-0.170032931,-0.054533679
480073.732,-74442.200879963,-349515.034126743,-190423.145693984,0.950648941,-0.168754080,-0.053836477
480673.732,-73871.733622389,-349615.902819098,-190455.238386389,0.950908242,-0.167474828,-0.053139142
481273.732,-73301.111401180,-349716.003840688,-190486.912637797,0.951165486,-0.166195178,-0.052441674
481873.732,-72730.335450736,-349815.336953026,-190518.168369144,0.951420673,-0.164915131,-0.051744075
482473.732,-72159.407005759,-349913.901918976,-190549.005502105,0.951673801,-0.163634690,-0.051046346
483073.732,-71588.327301252,-350011.698502758,-190579.423959096,0.951924871,-0.162353857,-0.050348489
483673.732,-71017.097572519,-350108.726469945,-190609.423663272,0.952173882,-0.161072635,-0.049650504
484273.732,-70445.719055165,-350204.985587465,-190639.004538533,0.952420833,-0.159791026,-0.048952393
484873.732,-69874.192985090,-350300.475623600,-190668.166509515,0.952665724,-0.158509031,-0.048254157
485473.732,-69302.520598492,-350395.196347987,-190696.909501599,0.952908555,-0.157226653,-0.047555797
486073.732,-68730.703131867,-350489.147531616,-190725.233440903,0.953149324,-0.155943895,-0.046857314
486673.732,-68158.741822003,-350582.328946834,-190753.138254288,0.953388032,-0.154660759,-0.046158710
487273.732,-67586.637905983,-350674.740367341,-190780.623869357,0.953624678,-0.153377247,-0.045459987
487873.732,-67014.392621182,-350766.381568194,-190807.690214450,0.953859261,-0.152093361,-0.044761144
488473.732,-66442.007205267,-350857.252325803,-190834.337218651,0.954091781,-0.150809103,-0.044062184
489073.732,-65869.482896193,-350947.352417936,-190860.564811785,0.954322238,-0.149524476,-0.043363107
489673.732,-65296.820932209,-351036.681623713,-190886.372924416,0.954550631,-0.148239482,-0.042663916
490273.732,-64724.022551846,-351125.239723613,-190911.761487850,0.954776959,-0.146954124,-0.041964610
490873.732,-64151.088993926,-351213.026499468,-190936.730434135,0.955001223,-0.145668402,-0.041265192
491473.732,-63578.021497555,-351300.041734468,-190961.279696059,0.955223421,-0.144382321,-0.040565663
492073.732,-63004.821302125,-351386.285213157,-190985.409207150,0.955443553,-0.143095882,-0.039866023
492673.732,-62431.489647309,-351471.756721438,-191009.118901679,0.955661619,-0.141809087,-0.039166274
493273.732,-61858.027773066,-351556.456046567,-191032.408714657,0.955877618,-0.140521938,-0.038466418
493873.732,-61284.436919634,-351640.382977159,-191055.278581837,0.956091549,-0.139234439,-0.037766455
494473.732,-60710.718327531,-351723.537303185,-191077.728439713,0.956303413,-0.137946590,-0.037066387
495073.732,-60136.873237555,-351805.918815973,-191099.758225519,0.956513209,-0.136658395,-0.036366215
495673.732,-59562.902890781,-351887.527308205,-191121.367877233,0.956720936,-0.135369855,-0.035665940
496273.732,-58988.808528562,-351968.362573926,-191142.557333570,0.956926593,-0.134080974,-0.034965564
496873.732,-58414.591392527,-352048.424408533,-191163.326533991,0.957130182,-0.132791752,-0.034265087
497473.732,-57840.252724578,-352127.712608782,-191183.675418696,0.957331700,-0.131502193,-0.033564512
498073.732,-57265.793766891,-352206.226972789,-191203.603928626,0.957531147,-0.130212298,-0.032863838
498673.732,-56691.215761916,-352283.967300023,-191223.112005465,0.957728524,-0.128922071,-0.032163068
499273.732,-56116.519952374,-352360.933391316,-191242.199591638,0.957923829,-0.127631512,-0.031462203
499873.732,-55541.707581253,-352437.125048855,-191260.866630310,0.958117063,-0.126340625,-0.030761244
500473.732,-54966.779891815,-352512.542076185,-191279.113065390,0.958308224,-0.125049412,-0.030060191
501073.732,-54391.738127586,-352587.184278212,-191296.938841526,0.958497312,-0.123757874,-0.029359047
501673.732,-53816.583532362,-352661.051461198,-191314.343904112,0.958684327,-0.122466015,-0.028657813
502273.732,-53241.317350204,-352734.143432766,-191331.328199278,0.958869268,-0.121173837,-0.027956489
502873.732,-52665.940825436,-352806.460001896,-191347.891673901,0.959052135,-0.119881341,-0.027255078
503473.732,-52090.455202647,-352878.000978927,-191364.034275596,0.959232928,-0.118588530,-0.026553580
504073.732,-51514.861726690,-352948.766175560,-191379.755952723,0.959411646,-0.117295407,-0.025851996
504673.732,-50939.161642677,-353018.755404854,-191395.056654381,0.959588288,-0.116001973,-0.025150329
505273.732,-50363.356195982,-353087.968481226,-191409.936330413,0.959762855,-0.114708231,-0.024448578
505873.732,-49787.446632237,-353156.405220455,-191424.394931404,0.959935345,-0.113414183,-0.023746745
506473.732,-49211.434197334,-353224.065439679,-191438.432408680,0.960105759,-0.112119831,-0.023044832
507073.732,-48635.320137421,-353290.948957398,-191452.048714310,0.960274095,-0.110825178,-0.022342840
507673.732,-48059.105698903,-353357.055593471,-191465.243801104,0.960440354,-0.109530226,-0.021640770
508273.732,-47482.792128438,-353422.385169116,-191478.017622616,0.960604535,-0.108234977,-0.020938623
508873.732,-46906.380672939,-353486.937506915,-191490.370133142,0.960766637,-0.106939433,-0.020236400
509473.732,-46329.872579574,-353550.712430810,-191502.301287719,0.960926661,-0.105643598,-0.019534103
510073.732,-45753.269095759,-353613.709766103,-191513.811042127,0.961084605,-0.104347472,-0.018831733
510673.732,-45176.571469162,-353675.929339459,-191524.899352890,0.961240470,-0.103051058,-0.018129291
511273.732,-44599.780947702,-353737.370978903,-191535.566177272,0.961394255,-0.101754359,-0.017426779
511873.732,-44022.898779546,-353798.034513824,-191545.811473283,0.961545959,-0.100457377,-0.016724197
512473.732,-43445.926213106,-353857.919774971,-191555.635199671,0.961695582,-0.099160114,-0.016021547
513073.732,-42868.864497044,-353917.026594456,-191565.037315932,0.961843124,-0.097862572,-0.015318830
513673.732,-42291.714880264,-353975.354805753,-191574.017782300,0.961988585,-0.096564753,-0.014616047
514273.732,-41714.478611917,-354032.904243701,-191582.576559756,0.962131963,-0.095266661,-0.013913200
514873.732,-41137.156941395,-354089.674744498,-191590.713610021,0.962273258,-0.093968297,-0.013210290
515473.732,-40559.751118333,-354145.666145709,-191598.428895561,0.962412471,-0.092669663,-0.012507318
516073.732,-39982.262392607,-354200.878286258,-191605.722379583,0.962549601,-0.091370761,-0.011804285
516673.732,-39404.692014332,-354255.311006438,-191612.594026040,0.962684646,-0.090071595,-0.011101193
517273.732,-38827.041233863,-354308.964147900,-191619.043799625,0.962817608,-0.088772166,-0.010398043
517873.732,-38249.311301793,-354361.837553663,-191625.071665777,0.962948485,-0.087472477,-0.009694835
518473.732,-37671.503468950,-354413.931068109,-191630.677590676,0.963077277,-0.086172529,-0.008991572
519073.732,-37093.618986400,-354465.244536984,-191635.861541248,0.963203984,-0.084872325,-0.008288254
519673.732,-36515.659105440,-354515.777807399,-191640.623485161,0.963328605,-0.083571868,-0.007584883
520273.732,-35937.625077605,-354565.530727829,-191644.963390827,0.963451140,-0.082271159,-0.006881460
520873.732,-35359.518154659,-354614.503148116,-191648.881227401,0.963571589,-0.080970201,-0.006177987
521473.732,-34781.339588598,-354662.694919466,-191652.376964783,0.963689950,-0.079668996,-0.005474463
522073.732,-34203.090631650,-354710.105894451,-191655.450573616,0.963806225,-0.078367547,-0.004770892
522673.732,-33624.772536271,-354756.735927008,-191658.102025287,0.963920412,-0.077065855,-0.004067273
523273.732,-33046.386555144,-354802.584872441,-191660.331291927,0.964032511,-0.075763923,-0.003363608
523873.732,-32467.933941182,-354847.652587420,-191662.138346411,0.964142521,-0.074461754,-0.002659899
524473.732,-31889.415947521,-354891.938929982,-191663.523162359,0.964250443,-0.073159349,-0.001956147
525073.732,-31310.833827525,-354935.443759529,-191664.485714135,0.964356276,-0.071856711,-0.001252352
525673.732,-30732.188834779,-354978.166936833,-191665.025976846,0.964460019,-0.070553842,-0.000548517
526273.732,-30153.482223092,-355020.108324030,-191665.143926344,0.964561672,-0.069250744,0.000155358
526873.732,-29574.715246497,-355061.267784626,-191664.839539228,0.964661235,-0.067947420,0.000859272
527473.732,-28995.889159243,-355101.645183494,-191664.112792838,0.964758707,-0.066643872,0.001563222
528073.732,-28417.005215804,-355141.240386875,-191662.963665261,0.964854089,-0.065340102,0.002267209
528673.732,-27838.064670870,-355180.053262378,-191661.392135328,0.964947379,-0.064036113,0.002971230
529273.732,-27259.068779347,-355218.083678980,-191659.398182614,0.965038577,-0.062731906,0.003675285
529873.732,-26680.018796361,-355255.331507029,-191656.981787442,0.965127684,-0.061427485,0.004379371
530473.732,-26100.915977251,-355291.796618240,-191654.142930876,0.965214698,-0.060122851,0.005083489
531073.732,-25521.761577571,-355327.478885698,-191650.881594728,0.965299619,-0.058818006,0.005787636
531673.732,-24942.556853090,-355362.378183857,-191647.197761555,0.965382447,-0.057512953,0.006491812
532273.732,-24363.303059786,-355396.494388542,-191643.091414658,0.965463182,-0.056207695,0.007196015
532873.732,-23784.001453852,-355429.827376949,-191638.562538085,0.965541822,-0.054902233,0.007900244
533473.732,-23204.653291688,-355462.377027640,-191633.611116628,0.965618369,-0.053596569,0.008604498
534073.732,-22625.259829906,-355494.143220554,-191628.237135827,0.965692821,-0.052290707,0.009308775
534673.732,-22045.822325323,-355525.125836995,-191622.440581966,0.965765178,-0.050984648,0.010013075
535273.732,-21466.342034966,-355555.324759642,-191616.221442074,0.965835440,-0.049678395,0.010717395
535873.732,-20886.820216067,-355584.739872545,-191609.579703929,0.965903607,-0.048371950,0.011421735
536473.732,-20307.258126062,-355613.371061124,-191602.515356052,0.965969677,-0.047065314,0.012126094
537073.732,-19727.657022592,-355641.218212174,-191595.028387713,0.966033652,-0.045758491,0.012830470
537673.732,-19148.018163500,-355668.281213860,-191587.118788925,0.966095529,-0.044451483,0.013534862
538273.732,-18568.342806832,-355694.559955720,-191578.786550450,0.966155310,-0.043144292,0.014239269
538873.732,-17988.632210834,-355720.054328666,-191570.031663796,0.966212994,-0.041836921,0.014943689
539473.732,-17408.887633952,-355744.764224982,-191560.854121218,0.966268580,-0.040529371,0.015648122
540073.732,-16829.110334830,-355768.689538327,-191551.253915716,0.966322068,-0.039221645,0.016352565
540673.732,-16249.301572311,-355791.830163732,-191541.231041038,0.966373458,-0.037913745,0.017057019
541273.732,-15669.462605433,-355814.185997604,-191530.785491681,0.966422749,-0.036605673,0.017761481
541873.732,-15089.594693431,-355835.756937723,-191519.917262885,0.966469941,-0.035297433,0.018465950
542473.732,-14509.699095732,-355856.542883245,-191508.626350640,0.966515034,-0.033989025,0.019170425
543073.732,-13929.777071960,-355876.543734700,-191496.912751682,0.966558028,-0.032680453,0.019874905
543673.732,-13349.829881929,-355895.759393995,-191484.776463497,0.966598922,-0.031371718,0.020579389
544273.732,-12769.858785645,-355914.189764410,-191472.217484315,0.966637716,-0.030062823,0.021283875
544873.732,-12189.865043304,-355931.834750603,-191459.235813116,0.966674409,-0.028753771,0.021988362
545473.732,-11609.849915291,-355948.694258607,-191445.831449628,0.966709001,-0.027444563,0.022692849
546073.732,-11029.814662181,-355964.768195834,-191432.004394324,0.966741492,-0.026135202,0.023397335
546673.732,-10449.760544734,-355980.056471070,-191417.754648430,0.966771882,-0.024825690,0.024101818
547273.732,-9869.688823897,-355994.558994481,-191403.082213915,0.966800170,-0.023516030,0.024806297
547873.732,-9289.600760803,-356008.275677608,-191387.987093500,0.966826356,-0.022206223,0.025510770
548473.732,-8709.497616766,-356021.206433371,-191372.469290653,0.966850440,-0.020896272,0.026215238
549073.732,-8129.380653287,-356033.351176069,-191356.528809591,0.966872421,-0.019586180,0.026919698
549673.732,-7549.251132047,-356044.709821378,-191340.165655279,0.966892299,-0.018275948,0.027624148
550273.732,-6969.110314906,-356055.282286355,-191323.379833432,0.966910074,-0.016965579,0.028328589
550873.732,-6388.959463908,-356065.068489433,-191306.171350512,0.966925745,-0.015655075,0.029033019
551473.732,-5808.799841272,-356074.068350429,-191288.540213733,0.966939313,-0.014344439,0.029737435
552073.732,-5228.632709398,-356082.281790536,-191270.486431056,0.966950776,-0.013033673,0.030441838
552673.732,-4648.459330859,-356089.708732329,-191252.010011192,0.966960135,-0.011722779,0.031146226
553273.732,-4068.280968408,-356096.349099764,-191233.110963602,0.966967389,-0.010411759,0.031850597
553873.732,-3488.098884968,-356102.202818176,-191213.789298495,0.966972538,-0.009100616,0.032554950
554473.732,-2907.914343640,-356107.269814283,-191194.045026833,0.966975582,-0.007789351,0.033259285
555073.732,-2327.728607695,-356111.550016184,-191173.878160325,0.966976520,-0.006477969,0.033963600
555673.732,-1747.542940575,-356115.043353360,-191153.288711430,0.966975353,-0.005166469,0.034667893
556273.732,-1167.358605895,-356117.749756674,-191132.276693360,0.966972079,-0.003854856,0.035372163
556873.732,-587.176867436,-356119.669158374,-191110.842120075,0.966966698,-0.002543131,0.036076410
557473.732,-6.998989152,-356120.801492087,-191088.985006287,0.966959211,-0.001231297,0.036780632
558073.732,573.173764841,-356121.146692826,-191066.705367456,0.966949617,0.000080645,0.037484827
558673.732,1153.340130257,-356120.704696988,-191044.003219797,0.966937916,0.001392692,0.038188994
559273.732,1733.498842646,-356119.475442352,-191020.878580272,0.966924107,0.002704841,0.038893133
559873.732,2313.648637393,-356117.458868085,-190997.331466596,0.966908191,0.004017090,0.039597241
560473.732,2893.788249722,-356114.654914735,-190973.361897236,0.966890166,0.005329437,0.040301318
561073.732,3473.916414692,-356111.063524238,-190948.969891409,0.966870033,0.006641880,0.041005362
561673.732,4054.031867203,-356106.684639914,-190924.155469083,0.966847791,0.007954416,0.041709373
562273.732,4634.133341995,-356101.518206469,-190898.918650981,0.966823440,0.009267043,0.042413348
562873.732,5214.219573647,-356095.564169997,-190873.259458574,0.966796980,0.010579759,0.043117287
563473.732,5794.289296583,-356088.822477978,-190847.177914087,0.966768411,0.011892562,0.043821188
564073.732,6374.341245068,-356081.293079277,-190820.674040497,0.966737732,0.013205448,0.044525050
564673.732,6954.374153212,-356072.975924150,-190793.747861534,0.966704943,0.014518416,0.045228873
565273.732,7534.386754969,-356063.870964238,-190766.399401678,0.966670044,0.015831463,0.045932653
565873.732,8114.377784141,-356053.978152572,-190738.628686166,0.966633035,0.017144588,0.046636391
566473.732,8694.345974378,-356043.297443572,-190710.435740984,0.966593914,0.018457788,0.047340085
567073.732,9274.290059174,-356031.828793044,-190681.820592873,0.966552683,0.019771059,0.048043734
567673.732,9854.208771878,-356019.572158187,-190652.783269325,0.966509341,0.021084402,0.048747337
568273.732,10434.100845685,-356006.527497589,-190623.323798589,0.966463887,0.022397812,0.049450891
568873.732,11013.965013645,-355992.694771226,-190593.442209665,0.966416321,0.023711287,0.050154397
569473.732,11593.800008658,-355978.073940468,-190563.138532307,0.966366644,0.025024826,0.050857852
570073.732,12173.604563478,-355962.664968074,-190532.412797022,0.966314854,0.026338425,0.051561256
570673.732,12753.377410715,-355946.467818195,-190501.265035074,0.966260952,0.027652084,0.052264608
571273.732,13333.117282833,-355929.482456373,-190469.695278477,0.966204937,0.028965798,0.052967905
571873.732,13912.822912155,-355911.708849544,-190437.703560004,0.966146809,0.030279567,0.053671147
572473.732,14492.493030860,-355893.146966035,-190405.289913179,0.966086568,0.031593387,0.054374333
573073.732,15072.126370985,-355873.796775568,-190372.454372282,0.966024214,0.032907256,0.055077461
573673.732,15651.721664429,-355853.658249256,-190339.196972348,0.965959746,0.034221173,0.055780529
574273.732,16231.277642952,-355832.731359609,-190305.517749168,0.965893164,0.035535134,0.056483538
574873.732,16810.793038175,-355811.016080529,-190271.416739286,0.965824468,0.036849137,0.057186485
575473.732,17390.266581581,-355788.512387313,-190236.893980002,0.965753658,0.038163180,0.057889369
576073.732,17969.697004519,-355765.220256655,-190201.949509375,0.965680733,0.039477261,0.058592189
576673.732,18549.083038204,-355741.139666643,-190166.583366215,0.965605693,0.040791378,0.059294944
577273.732,19128.423413713,-355716.270596761,-190130.795590091,0.965528539,0.042105527,0.059997632
577873.732,19707.716861996,-355690.613027891,-190094.586221327,0.965449269,0.043419707,0.060700252
578473.732,20286.962113866,-355664.166942310,-190057.955301005,0.965367884,0.044733916,0.061402804
579073.732,20866.157900010,-355636.932323695,-190020.902870961,0.965284384,0.046048150,0.062105285
579673.732,21445.302950982,-355608.909157117,-189983.428973789,0.965198767,0.047362409,0.062807694
580273.732,22024.395997209,-355580.097429050,-189945.533652842,0.965111034,0.048676688,0.063510030
580873.732,22603.435768991,-355550.497127364,-189907.216952226,0.965021185,0.049990987,0.064212293
581473.732,23182.420996501,-355520.108241328,-189868.478916809,0.964929220,0.051305302,0.064914479
582073.732,23761.350409786,-355488.930761610,-189829.319592212,0.964835138,0.052619632,0.065616590
582673.732,24340.222738771,-355456.964680281,-189789.739024817,0.964738939,0.053933974,0.066318622
583273.732,24919.036713255,-355424.209990810,-189749.737261762,0.964640623,0.055248326,0.067020575
583873.732,25497.791062916,-355390.666688068,-189709.314350945,0.964540190,0.056562685,0.067722448
584473.732,26076.484517313,-355356.334768328,-189668.470341021,0.964437639,0.057877049,0.068424238
585073.732,26655.115805882,-355321.214229263,-189627.205281403,0.964332970,0.059191415,0.069125946
585673.732,27233.683657942,-355285.305069950,-189585.519222265,0.964226184,0.060505782,0.069827570
586273.732,27812.186802693,-355248.607290869,-189543.412214537,0.964117279,0.061820147,0.070529108
586873.732,28390.623969219,-355211.120893902,-189500.884309911,0.964006256,0.063134508,0.071230559
587473.732,28968.993886487,-355172.845882335,-189457.935560837,0.963893115,0.064448862,0.071931923
588073.732,29547.295283352,-355133.782260860,-189414.566020523,0.963777855,0.065763208,0.072633197
588673.732,30125.526888553,-355093.930035573,-189370.775742940,0.963660476,0.067077541,0.073334380
589273.732,30703.687430717,-355053.289213973,-189326.564782816,0.963540978,0.068391862,0.074035472
589873.732,31281.775638361,-355011.859804968,-189281.933195642,0.963419361,0.069706166,0.074736470
590473.732,31859.790239889,-354969.641818871,-189236.881037666,0.963295624,0.071020451,0.075437374
591073.732,32437.729963598,-354926.635267399,-189191.408365901,0.963169768,0.072334716,0.076138182
591673.732,33015.593537676,-354882.840163681,-189145.515238117,0.963041792,0.073648959,0.076838894
592273.732,33593.379690203,-354838.256522250,-189099.201712846,0.962911696,0.074963175,0.077539507
592873.732,34171.087149155,-354792.884359049,-189052.467849382,0.962779480,0.076277364,0.078240021
593473.732,34748.714642402,-354746.723691429,-189005.313707781,0.962645144,0.077591523,0.078940434
594073.732,35326.260897709,-354699.774538149,-188957.739348859,0.962508687,0.078905649,0.079640745
594673.732,35903.724642739,-354652.036919380,-188909.744834195,0.962370110,0.080219741,0.080340953
595273.732,36481.104605053,-354603.510856701,-188861.330226130,0.962229411,0.081533795,0.081041056
595873.732,37058.399512114,-354554.196373103,-188812.495587767,0.962086592,0.082847810,0.081741054
596473.732,37635.608091280,-354504.093492988,-188763.240982973,0.961941652,0.084161783,0.082440944
597073.732,38212.729069816,-354453.202242168,-188713.566476375,0.961794590,0.085475712,0.083140726
597673.732,38789.761174886,-354401.522647871,-188663.472133367,0.961645407,0.086789594,0.083840399
598273.732,39366.703133559,-354349.054738733,-188612.958020102,0.961494102,0.088103428,0.084539960
598873.732,39943.553672808,-354295.798544806,-188562.024203500,0.961340675,0.089417210,0.085239410
599473.732,40520.311519514,-354241.754097556,-188510.670751242,0.961185127,0.090730938,0.085938746
600073.732,41096.975400463,-354186.921429862,-188458.897731776,0.961027456,0.092044611,0.086637967
600673.732,41673.544042349,-354131.300576017,-188406.705214310,0.960867663,0.093358225,0.087337072
601273.732,42250.016171775,-354074.891571733,-188354.093268822,0.960705748,0.094671779,0.088036060
601873.732,42826.390515256,-354017.694454133,-188301.061966049,0.960541710,0.095985269,0.088734929
602473.732,43402.665799216,-353959.709261759,-188247.611377496,0.960375549,0.097298694,0.089433679
603073.732,43978.840749993,-353900.936034570,-188193.741575434,0.960207266,0.098612052,0.090132308
603673.732,44554.914093839,-353841.374813943,-188139.452632896,0.960036860,0.099925339,0.090830814
604273.732,45130.884556917,-353781.025642670,-188084.744623685,0.959864330,0.101238553,0.091529196
604873.732,45706.750865311,-353719.888564965,-188029.617622366,0.959689677,0.102551693,0.092227454
605473.732,46282.511745018,-353657.963626458,-187974.071704271,0.959512901,0.103864756,0.092925585
606073.732,46858.165921954,-353595.250874202,-187918.106945500,0.959334001,0.105177738,0.093623589
606673.732,47433.712121954,-353531.750356666,-187861.723422919,0.959152978,0.106490639,0.094321464
607273.732,48009.149070774,-353467.462123744,-187804.921214160,0.958969831,0.107803456,0.095019210
607873.732,48584.475494089,-353402.386226748,-187747.700397622,0.958784560,0.109116186,0.095716824
608473.732,49159.690117498,-353336.522718413,-187690.061052472,0.958597164,0.110428827,0.096414305
609073.732,49734.791666523,-353269.871652896,-187632.003258644,0.958407645,0.111741376,0.097111652
609673.732,50309.778866612,-353202.433085778,-187573.527096842,0.958216001,0.113053832,0.097808864
610273.732,50884.650443136,-353134.207074062,-187514.632648535,0.958022233,0.114366191,0.098505940
610873.732,51459.405121394,-353065.193676176,-187455.319995962,0.957826340,0.115678452,0.099202879
611473.732,52034.041626614,-352995.392951973,-187395.589222131,0.957628323,0.116990612,0.099899678
612073.732,52608.558683951,-352924.804962729,-187335.440410817,0.957428181,0.118302668,0.100596337
612673.732,53182.955018492,-352853.429771148,-187274.873646567,0.957225914,0.119614619,0.101292854
613273.732,53757.229355254,-352781.267441360,-187213.889014694,0.957021521,0.120926462,0.101989228
613873.732,54331.380419187,-352708.318038921,-187152.486601283,0.956815004,0.122238194,0.102685459
614473.732,54905.406935174,-352634.581630815,-187090.666493188,0.956606362,0.123549814,0.103381544
615073.732,55479.307628033,-352560.058285453,-187028.428778034,0.956395594,0.124861318,0.104077482
615673.732,56053.081222517,-352484.748072677,-186965.773544216,0.956182700,0.126172705,0.104773272
616273.732,56626.726443317,-352408.651063756,-186902.700880898,0.955967681,0.127483971,0.105468914
616873.732,57200.242015061,-352331.767331391,-186839.210878019,0.955750537,0.128795116,0.106164404
617473.732,57773.626662318,-352254.096949710,-186775.303626284,0.955531266,0.130106135,0.106859743
618073.732,58346.879109594,-352175.639994275,-186710.979217174,0.955309870,0.131417028,0.107554929
618673.732,58919.998081339,-352096.396542079,-186646.237742940,0.955086348,0.132727791,0.108249960
619273.732,59492.982301946,-352016.366671546,-186581.079296604,0.954860700,0.134038422,0.108944835
619873.732,60065.830495748,-351935.550462534,-186515.503971962,0.954632925,0.135348919,0.109639554
620473.732,60638.541387028,-351853.947996334,-186449.511863581,0.954403025,0.136659279,0.110334114
621073.732,61211.113700010,-351771.559355671,-186383.103066803,0.954170998,0.137969500,0.111028515
621673.732,61783.546158869,-351688.384624705,-186316.277677741,0.953936844,0.139279580,0.111722755
622273.732,62355.837487726,-351604.423889029,-186249.035793283,0.953700564,0.140589515,0.112416833
622873.732,62927.986410651,-351519.677235676,-186181.377511089,0.953462158,0.141899305,0.113110747
623473.732,63499.991651667,-351434.144753112,-186113.302929594,0.953221625,0.143208946,0.113804497
624073.732,64071.851934747,-351347.826531240,-186044.812148008,0.952978965,0.144518435,0.114498081
624673.732,64643.565983817,-351260.722661403,-185975.905266315,0.952734178,0.145827772,0.115191497
625273.732,65215.132522756,-351172.833236381,-185906.582385271,0.952487264,0.147136952,0.115884745
625873.732,65786.550275400,-351084.158350393,-185836.843606412,0.952238223,0.148445975,0.116577823
626473.732,66357.817965541,-350994.698099096,-185766.689032047,0.951987056,0.149754836,0.117270730
627073.732,66928.934316928,-350904.452579591,-185696.118765259,0.951733761,0.151063535,0.117963464
627673.732,67499.898053268,-350813.421890416,-185625.132909909,0.951478339,0.152372068,0.118656025
628273.732,68070.707898229,-350721.606131552,-185553.731570634,0.951220790,0.153680433,0.119348410
628873.732,68641.362575440,-350629.005404423,-185481.914852849,0.950961113,0.154988628,0.120040620
629473.732,69211.860808490,-350535.619811893,-185409.682862741,0.950699309,0.156296651,0.120732651
630073.732,69782.201320934,-350441.449458272,-185337.035707280,0.950435378,0.157604498,0.121424504
630673.732,70352.382836291,-350346.494449313,-185263.973494209,0.950169319,0.158912168,0.122116176
631273.732,70922.404078043,-350250.754892214,-185190.496332051,0.949901132,0.160219658,0.122807667
631873.732,71492.263769643,-350154.230895617,-185116.604330106,0.949630818,0.161526966,0.123498975
632473.732,72061.960634509,-350056.922569612,-185042.297598453,0.949358377,0.162834089,0.124190099
633073.732,72631.493396029,-349958.830025733,-184967.576247950,0.949083807,0.164141025,0.124881038
633673.732,73200.860777562,-349859.953376964,-184892.440390231,0.948807110,0.165447772,0.125571790
634273.732,73770.061502437,-349760.292737735,-184816.890137713,0.948528285,0.166754327,0.126262354
634873.732,74339.094293958,-349659.848223925,-184740.925603591,0.948247332,0.168060687,0.126952728
635473.732,74907.957875402,-349558.619952863,-184664.546901839,0.947964251,0.169366850,0.127642912
636073.732,75476.650970019,-349456.608043327,-184587.754147211,0.947679043,0.170672815,0.128332904
636673.732,76045.172301040,-349353.812615545,-184510.547455244,0.947391706,0.171978577,0.129022703
637273.732,76613.520591668,-349250.233791197,-184432.926942252,0.947102241,0.173284136,0.129712308
637873.732,77181.694565089,-349145.871693416,-184354.892725332,0.946810649,0.174589488,0.130401716
638473.732,77749.692944467,-349040.726446786,-184276.444922363,0.946516928,0.175894632,0.131090928
639073.732,78317.514452947,-348934.798177344,-184197.583652005,0.946221079,0.177199564,0.131779941
639673.732,78885.157813658,-348828.087012583,-184118.309033699,0.945923102,0.178504283,0.132468754
640273.732,79452.621749711,-348720.593081448,-184038.621187669,0.945622997,0.179808785,0.133157366
640873.732,80019.904984202,-348612.316514340,-183958.520234922,0.945320763,0.181113069,0.133845776
641473.732,80587.006240213,-348503.257443117,-183878.006297247,0.945016402,0.182417132,0.134533982
642073.732,81153.924240814,-348393.416001094,-183797.079497217,0.944709912,0.183720971,0.135221984
642673.732,81720.657709062,-348282.792323041,-183715.739958189,0.944401294,0.185024585,0.135909779
643273.732,82287.205368004,-348171.386545188,-183633.987804301,0.944090548,0.186327970,0.136597366
643873.732,82853.565940679,-348059.198805222,-183551.823160479,0.943777673,0.187631125,0.137284745
644473.732,83419.738150117,-347946.229242293,-183469.246152432,0.943462670,0.188934046,0.137971913
645073.732,83985.720719342,-347832.477997006,-183386.256906651,0.943145539,0.190236732,0.138658870
645673.732,84551.512371372,-347717.945211431,-183302.855550417,0.942826280,0.191539180,0.139345615
646273.732,85117.111829219,-347602.631029098,-183219.042211793,0.942504892,0.192841388,0.140032145
646873.732,85682.517815897,-347486.535594999,-183134.817019629,0.942181376,0.194143352,0.140718460
647473.732,86247.729054412,-347369.659055588,-183050.180103561,0.941855731,0.195445071,0.141404558
648073.732,86812.744267775,-347252.001558786,-182965.131594011,0.941527959,0.196746543,0.142090438
648673.732,87377.562178994,-347133.563253974,-182879.671622188,0.941198057,0.198047764,0.142776098
649273.732,87942.181511080,-347014.344292002,-182793.800320088,0.940866028,0.199348733,0.143461538
649873.732,88506.600987049,-346894.344825183,-182707.517820496,0.940531870,0.200649447,0.144146756
650473.732,89070.819329918,-346773.565007297,-182620.824256981,0.940195584,0.201949903,0.144831751
651073.732,89634.835262712,-346652.004993593,-182533.719763905,0.939857170,0.203250099,0.145516521
651673.732,90198.647508463,-346529.664940786,-182446.204476413,0.939516628,0.204550033,0.146201066
652273.732,90762.254790211,-346406.545007061,-182358.278530444,0.939173957,0.205849702,0.146885383
652873.732,91325.655831005,-346282.645352071,-182269.942062722,0.938829158,0.207149103,0.147569471
653473.732,91888.849353905,-346157.966136940,-182181.195210762,0.938482231,0.208448235,0.148253330
654073.732,92451.834081983,-346032.507524263,-182092.038112870,0.938133175,0.209747095,0.148936958
654673.732,93014.608738325,-345906.269678106,-182002.470908140,0.937781991,0.211045680,0.149620353
655273.732,93577.172046030,-345779.252764009,-181912.493736457,0.937428680,0.212343988,0.150303514
655873.732,94139.522728214,-345651.456948983,-181822.106738498,0.937073240,0.213642016,0.150986440
656473.732,94701.659508011,-345522.882401513,-181731.310055729,0.936715672,0.214939762,0.151669130
657073.732,95263.581108570,-345393.529291560,-181640.103830410,0.936355976,0.216237224,0.152351582
657673.732,95825.286253064,-345263.397790560,-181548.488205590,0.935994151,0.217534398,0.153033794
658273.732,96386.773664684,-345132.488071423,-181456.463325113,0.935630199,0.218831284,0.153715767
658873.732,96948.042066644,-345000.800308539,-181364.029333613,0.935264119,0.220127877,0.154397498
659473.732,97509.090182183,-344868.334677774,-181271.186376518,0.934895911,0.221424176,0.155078985
660073.732,98069.916734562,-344735.091356471,-181177.934600050,0.934525575,0.222720178,0.155760229
660673.732,98630.520447070,-344601.070523455,-181084.274151222,0.934153112,0.224015881,0.156441226
661273.732,99190.900043024,-344466.272359028,-180990.205177845,0.933778520,0.225311283,0.157121977
661873.732,99751.054245768,-344330.697044974,-180895.727828520,0.933401801,0.226606380,0.157802479
662473.732,100310.981778678,-344194.344764558,-180800.842252645,0.933022954,0.227901170,0.158482732
663073.732,100870.681365160,-344057.215702529,-180705.548600412,0.932641980,0.229195651,0.159162734
663673.732,101430.151728652,-343919.310045115,-180609.847022809,0.932258877,0.230489821,0.159842483
664273.732,101989.391592628,-343780.627980032,-180513.737671619,0.931873648,0.231783677,0.160521979
664873.732,102548.399680596,-343641.169696477,-180417.220699422,0.931486291,0.233077216,0.161201219
665473.732,103107.174716102,-343500.935385134,-180320.296259594,0.931096806,0.234370436,0.161880204
666073.732,103665.715422728,-343359.925238173,-180222.964506306,0.930705195,0.235663334,0.162558931
666673.732,104224.020524095,-343218.139449249,-180125.225594529,0.930311455,0.236955908,0.163237399
667273.732,104782.088743869,-343075.578213508,-180027.079680029,0.929915589,0.238248156,0.163915606
667873.732,105339.918805752,-342932.241727581,-179928.526919371,0.929517596,0.239540075,0.164593552
668473.732,105897.509433493,-342788.130189590,-179829.567469919,0.929117475,0.240831663,0.165271235
669073.732,106454.859350885,-342643.243799146,-179730.201489834,0.928715228,0.242122916,0.165948654
669673.732,107011.967281767,-342497.582757351,-179630.429138077,0.928310854,0.243413833,0.166625807
670273.732,107568.831950025,-342351.147266798,-179530.250574407,0.927904353,0.244704412,0.167302694
670873.732,108125.452079594,-342203.937531574,-179429.665959385,0.927495725,0.245994649,0.167979312
671473.732,108681.826394458,-342055.953757258,-179328.675454368,0.927084970,0.247284542,0.168655660
672073.732,109237.953618654,-341907.196150922,-179227.279221518,0.926672089,0.248574088,0.169331738
672673.732,109793.832476270,-341757.664921134,-179125.477423796,0.926257082,0.249863286,0.170007543
673273.732,110349.461691451,-341607.360277957,-179023.270224962,0.925839948,0.251152132,0.170683074
673873.732,110904.839988393,-341456.282432951,-178920.657789580,0.925420688,0.252440625,0.171358331
674473.732,111459.966091354,-341304.431599171,-178817.640283015,0.924999301,0.253728761,0.172033311
675073.732,112014.838724647,-341151.807991172,-178714.217871436,0.924575789,0.255016539,0.172708014
675673.732,112569.456612644,-340998.411825008,-178610.390721811,0.924150150,0.256303955,0.173382438
676273.732,113123.818479781,-340844.243318231,-178506.159001914,0.923722386,0.257591007,0.174056582
676873.732,113677.923050554,-340689.302689894,-178401.522880322,0.923292496,0.258877693,0.174730443
677473.732,114231.769049524,-340533.590160551,-178296.482526414,0.922860480,0.260164010,0.175404022
678073.732,114785.355201317,-340377.105952259,-178191.038110376,0.922426338,0.261449956,0.176077317
678673.732,115338.680230623,-340219.850288576,-178085.189803196,0.921990072,0.262735527,0.176750326
679273.732,115891.742862205,-340061.823394566,-177978.937776668,0.921551679,0.264020723,0.177423048
679873.732,116444.541820891,-339903.025496795,-177872.282203390,0.921111162,0.265305540,0.178095482
680473.732,116997.075831582,-339743.456823336,-177765.223256769,0.920668519,0.266589975,0.178767625
681073.732,117549.343619250,-339583.117603767,-177657.761111014,0.920223752,0.267874026,0.179439478
681673.732,118101.343908942,-339422.008069174,-177549.895941144,0.919776860,0.269157691,0.180111039
682273.732,118653.075425778,-339260.128452151,-177441.627922981,0.919327842,0.270440967,0.180782306
682873.732,119204.536894956,-339097.478986799,-177332.957233158,0.918876701,0.271723852,0.181453278
683473.732,119755.727041752,-338934.059908730,-177223.884049114,0.918423435,0.273006343,0.182123953
684073.732,120306.644591520,-338769.871455066,-177114.408549095,0.917968044,0.274288437,0.182794331
684673.732,120857.288269695,-338604.913864439,-177004.530912156,0.917510529,0.275570132,0.183464409
685273.732,121407.656801796,-338439.187376995,-176894.251318163,0.917050890,0.276851426,0.184134187
685873.732,121957.748913423,-338272.692234390,-176783.569947787,0.916589128,0.278132315,0.184803664
686473.732,122507.563330264,-338105.428679798,-176672.486982513,0.916125241,0.279412799,0.185472837
687073.732,123057.098778089,-337937.396957904,-176561.002604633,0.915659231,0.280692873,0.186141705
687673.732,123606.353982760,-337768.597314909,-176449.116997249,0.915191097,0.281972535,0.186810268
688273.732,124155.327670228,-337599.029998531,-176336.830344277,0.914720840,0.283251784,0.187478524
688873.732,124704.018566531,-337428.695258005,-176224.142830440,0.914248460,0.284530615,0.188146471
689473.732,125252.425397805,-337257.593344083,-176111.054641276,0.913773957,0.285809028,0.188814108
690073.732,125800.546890276,-337085.724509038,-175997.565963133,0.913297331,0.287087019,0.189481434
690673.732,126348.381770265,-336913.089006660,-175883.676983172,0.912818582,0.288364585,0.190148447
691273.732,126895.928764192,-336739.687092261,-175769.387889367,0.912337711,0.289641725,0.190815146
691873.732,127443.186598574,-336565.519022676,-175654.698870504,0.911854717,0.290918435,0.191481530
692473.732,127990.154000028,-336390.585056258,-175539.610116183,0.911369601,0.292194714,0.192147598
693073.732,128536.829695271,-336214.885452887,-175424.121816820,0.910882363,0.293470558,0.192813347
693673.732,129083.212411123,-336038.420473967,-175308.234163641,0.910393003,0.294745965,0.193478777
694273.732,129629.300874511,-335861.190382423,-175191.947348692,0.909901521,0.296020933,0.194143886
694873.732,130175.093812463,-335683.195442710,-175075.261564829,0.909407918,0.297295459,0.194808673
695473.732,130720.589952117,-335504.435920809,-174958.177005728,0.908912194,0.298569540,0.195473137
696073.732,131265.788020720,-335324.912084226,-174840.693865878,0.908414348,0.299843174,0.196137275
696673.732,131810.686745627,-335144.624201997,-174722.812340586,0.907914381,0.301116358,0.196801088
697273.732,132355.284854308,-334963.572544689,-174604.532625975,0.907412294,0.302389090,0.197464573
697873.732,132899.581074341,-334781.757384396,-174485.854918984,0.906908086,0.303661368,0.198127729
698473.732,133443.574133424,-334599.178994745,-174366.779417373,0.906401758,0.304933188,0.198790555
699073.732,133987.262759369,-334415.837650895,-174247.306319717,0.905893309,0.306204548,0.199453049
699673.732,134530.645680104,-334231.733629537,-174127.435825411,0.905382740,0.307475446,0.200115210
700273.732,135073.721623680,-334046.867208896,-174007.168134667,0.904870052,0.308745879,0.200777037
700873.732,135616.489318266,-333861.238668733,-173886.503448518,0.904355244,0.310015844,0.201438528
701473.732,136158.947492155,-333674.848290342,-173765.441968817,0.903838316,0.311285339,0.202099682
702073.732,136701.094873762,-333487.696356556,-173643.983898236,0.903319269,0.312554361,0.202760497
702673.732,137242.930191630,-333299.783151742,-173522.129440268,0.902798104,0.313822909,0.203420973
703273.732,137784.452174426,-333111.108961810,-173399.878799225,0.902274819,0.315090978,0.204081107
703873.732,138325.659550949,-332921.674074205,-173277.232180244,0.901749416,0.316358567,0.204740899
704473.732,138866.551050126,-332731.478777913,-173154.189789281,0.901221895,0.317625673,0.205400347
705073.732,139407.125401016,-332540.523363463,-173030.751833114,0.900692255,0.318892294,0.206059449
705673.732,139947.381332812,-332348.808122923,-172906.918519346,0.900160498,0.320158426,0.206718205
706273.732,140487.317574840,-332156.333349907,-172782.690056401,0.899626623,0.321424068,0.207376613
706873.732,141026.932856565,-331963.099339568,-172658.066653527,0.899090630,0.322689217,0.208034671
707473.732,141566.225907588,-331769.106388609,-172533.048520796,0.898552520,0.323953870,0.208692379
708073.732,142105.195457651,-331574.354795274,-172407.635869103,0.898012294,0.325218025,0.209349734
708673.732,142643.840236637,-331378.844859356,-172281.828910171,0.897469950,0.326481678,0.210006736
709273.732,143182.158974571,-331182.576882194,-172155.627856543,0.896925490,0.327744828,0.210663383
709873.732,143720.150401623,-330985.551166678,-172029.032921593,0.896378914,0.329007472,0.211319674
710473.732,144257.813248108,-330787.768017242,-171902.044319517,0.895830222,0.330269608,0.211975607
711073.732,144795.146244491,-330589.227739876,-171774.662265340,0.895279414,0.331531232,0.212631181
711673.732,145332.148121385,-330389.930642117,-171646.886974912,0.894726490,0.332792342,0.213286394
712273.732,145868.817609552,-330189.877033054,-171518.718664910,0.894171451,0.334052935,0.213941246
712873.732,146405.153439910,-329989.067223332,-171390.157552841,0.893614297,0.335313010,0.214595734
713473.732,146941.154343529,-329787.501525147,-171261.203857039,0.893055029,0.336572563,0.215249858
714073.732,147476.819051634,-329585.180252251,-171131.857796665,0.892493646,0.337831592,0.215903616
714673.732,148012.146295610,-329382.103719951,-171002.119591711,0.891930148,0.339090094,0.216557006
715273.732,148547.134806999,-329178.272245111,-170871.989462997,0.891364537,0.340348067,0.217210028
715873.732,149081.783317505,-328973.686146152,-170741.467632174,0.890796812,0.341605507,0.217862680
716473.732,149616.090558992,-328768.345743055,-170610.554321724,0.890226974,0.342862414,0.218514960
717073.732,150150.055263492,-328562.251357359,-170479.249754956,0.889655022,0.344118782,0.219166867
717673.732,150683.676163199,-328355.403312163,-170347.554156014,0.889080958,0.345374611,0.219818400
718273.732,151216.951990475,-328147.801932130,-170215.467749872,0.888504781,0.346629898,0.220469558
718873.732,151749.881477854,-327939.447543481,-170082.990762336,0.887926492,0.347884640,0.221120338
719473.732,152282.463358036,-327730.340474004,-169950.123420045,0.887346090,0.349138834,0.221770740
720073.732,152814.696363898,-327520.481053049,-169816.865950470,0.886763577,0.350392478,0.222420762
720673.732,153346.579228488,-327309.869611533,-169683.218581916,0.886178953,0.351645569,0.223070403
721273.732,153878.110685031,-327098.506481936,-169549.181543521,0.885592217,0.352898104,0.223719661
721873.732,154409.289466928,-326886.391998309,-169414.755065259,0.885003371,0.354150082,0.224368536
722473.732,154940.114307762,-326673.526496267,-169279.939377937,0.884412414,0.355401498,0.225017025
723073.732,155470.583941295,-326459.910312997,-169144.734713197,0.883819346,0.356652352,0.225665127
723673.732,156000.697101470,-326245.543787253,-169009.141303516,0.883224169,0.357902639,0.226312841
724273.732,156530.452522418,-326030.427259364,-168873.159382210,0.882626882,0.359152359,0.226960165
724873.732,157059.848938454,-325814.561071226,-168736.789183428,0.882027486,0.360401507,0.227607099
725473.732,157588.885084079,-325597.945566310,-168600.030942158,0.881425981,0.361650081,0.228253640
726073.732,158117.559693987,-325380.581089662,-168462.884894223,0.880822367,0.362898079,0.228899787
726673.732,158645.871503061,-325162.467987901,-168325.351276285,0.880216645,0.364145497,0.229545540
727273.732,159173.819246378,-324943.606609221,-168187.430325846,0.879608815,0.365392334,0.230190896
727873.732,159701.401659208,-324723.997303394,-168049.122281244,0.878998877,0.366638587,0.230835853
728473.732,160228.617477020,-324503.640421770,-167910.427381657,0.878386831,0.367884253,0.231480412
729073.732,160755.465435479,-324282.536317275,-167771.345867102,0.877772679,0.369129330,0.232124570
729673.732,161281.944270451,-324060.685344418,-167631.877978436,0.877156420,0.370373814,0.232768325
730273.732,161808.052718003,-323838.087859285,-167492.023957357,0.876538054,0.371617704,0.233411678
730873.732,162333.789514406,-323614.744219547,-167351.784046405,0.875917583,0.372860996,0.234054625
731473.732,162859.153396138,-323390.654784453,-167211.158488957,0.875295005,0.374103688,0.234697166
732073.732,163384.143099880,-323165.819914840,-167070.147529237,0.874670323,0.375345777,0.235339299
732673.732,163908.757362526,-322940.239973126,-166928.751412308,0.874043535,0.376587261,0.235981023
733273.732,164432.994921178,-322713.915323316,-166786.970384076,0.873414643,0.377828137,0.236622336
733873.732,164956.854513152,-322486.846331002,-166644.804691290,0.872783646,0.379068402,0.237263238
734473.732,165480.334875977,-322259.033363361,-166502.254581543,0.872150546,0.380308054,0.237903726
735073.732,166003.434747399,-322030.476789159,-166359.320303273,0.871515342,0.381547090,0.238543799
735673.732,166526.152865381,-321801.176978753,-166216.002105760,0.870878034,0.382785508,0.239183456
736273.732,167048.487968107,-321571.134304090,-166072.300239131,0.870238624,0.384023304,0.239822696
736873.732,167570.438793981,-321340.349138705,-165928.214954356,0.869597112,0.385260476,0.240461517
737473.732,168092.004081630,-321108.821857729,-165783.746503254,0.868953497,0.386497022,0.241099917
738073.732,168613.182569910,-320876.552837885,-165638.895138488,0.868307780,0.387732939,0.241737895
738673.732,169133.972997898,-320643.542457489,-165493.661113567,0.867659963,0.388968224,0.242375450
739273.732,169654.374104905,-320409.791096454,-165348.044682849,0.867010044,0.390202874,0.243012581
739873.732,170174.384630471,-320175.299136288,-165202.046101539,0.866358025,0.391436887,0.243649286
740473.732,170694.003314367,-319940.066960096,-165055.665625690,0.865703905,0.392670260,0.244285563
741073.732,171213.228896601,-319704.094952583,-164908.903512202,0.865047686,0.393902991,0.244921411
741673.732,171732.060117415,-319467.383500051,-164761.760018827,0.864389367,0.395135076,0.245556829
742273.732,172250.495717291,-319229.932990403,-164614.235404163,0.863728949,0.396366514,0.246191815
742873.732,172768.534436950,-318991.743813144,-164466.329927661,0.863066433,0.397597301,0.246826368
743473.732,173286.175017355,-318752.816359379,-164318.043849620,0.862401819,0.398827435,0.247460486
744073.732,173803.416199713,-318513.151021818,-164169.377431190,0.861735106,0.400056914,0.248094169
744673.732,174320.256725477,-318272.748194776,-164020.330934373,0.861066297,0.401285733,0.248727414
745273.732,174836.695336347,-318031.608274170,-163870.904622023,0.860395390,0.402513892,0.249360220
745873.732,175352.730774274,-317789.731657526,-163721.098757846,0.859722387,0.403741386,0.249992587
746473.732,175868.361781457,-317547.118743975,-163570.913606399,0.859047288,0.404968214,0.250624511
747073.732,176383.587100353,-317303.769934259,-163420.349433093,0.858370093,0.406194373,0.251255993
747673.732,176898.405473670,-317059.685630726,-163269.406504193,0.857690802,0.407419860,0.251887030
748273.732,177412.815644376,-316814.866237335,-163118.085086818,0.857009417,0.408644672,0.252517621
748873.732,177926.816355698,-316569.312159659,-162966.385448941,0.856325938,0.409868807,0.253147764
749473.732,178440.406351121,-316323.023804879,-162814.307859389,0.855640365,0.411092262,0.253777459
750073.732,178953.584374398,-316076.001581792,-162661.852587846,0.854952698,0.412315034,0.254406704
750673.732,179466.349169542,-315828.245900809,-162509.019904851,0.854262937,0.413537121,0.255035497
751273.732,179978.699480837,-315579.757173954,-162355.810081798,0.853571085,0.414758520,0.255663837
751873.732,180490.634052832,-315330.535814869,-162202.223390941,0.852877140,0.415979228,0.256291723
752473.732,181002.151630351,-315080.582238814,-162048.260105387,0.852181103,0.417199243,0.256919153
753073.732,181513.250958488,-314829.896862665,-161893.920499105,0.851482975,0.418418561,0.257546125
753673.732,182023.930782612,-314578.480104919,-161739.204846917,0.850782757,0.419637181,0.258172639
754273.732,182534.189848370,-314326.332385693,-161584.113424508,0.850080448,0.420855099,0.258798692
754873.732,183044.026901686,-314073.454126725,-161428.646508420,0.849376049,0.422072313,0.259424284
755473.732,183553.440688768,-313819.845751375,-161272.804376055,0.848669560,0.423288820,0.260049413
756073.732,184062.429956103,-313565.507684627,-161116.587305674,0.847960983,0.424504617,0.260674077
756673.732,184570.993450465,-313310.440353088,-160959.995576400,0.847250317,0.425719702,0.261298276
757273.732,185079.129918914,-313054.644184992,-160803.029468216,0.846537563,0.426934072,0.261922007
757873.732,185586.838108799,-312798.119610199,-160645.689261964,0.845822722,0.428147724,0.262545269
758473.732,186094.116767761,-312540.867060195,-160487.975239353,0.845105794,0.429360656,0.263168061
759073.732,186600.964643733,-312282.886968097,-160329.887682949,0.844386779,0.430572864,0.263790381
759673.732,187107.380484941,-312024.179768648,-160171.426876184,0.843665678,0.431784346,0.264412229
760273.732,187613.363039911,-311764.745898224,-160012.593103352,0.842942491,0.432995100,0.265033601
760873.732,188118.911057467,-311504.585794833,-159853.386649610,0.842217220,0.434205122,0.265654498
761473.732,188624.023286734,-311243.699898113,-159693.807800979,0.841489864,0.435414411,0.266274918
762073.732,189128.698477139,-310982.088649336,-159533.856844347,0.840760424,0.436622962,0.266894858
762673.732,189632.935378416,-310719.752491411,-159373.534067465,0.840028900,0.437830774,0.267514318
763273.732,190136.732740605,-310456.691868880,-159212.839758948,0.839295293,0.439037844,0.268133297
763873.732,190640.089314057,-310192.907227922,-159051.774208280,0.838559604,0.440244168,0.268751792
764473.732,191143.003849432,-309928.399016355,-158890.337705810,0.837821833,0.441449745,0.269369802
765073.732,191645.475097706,-309663.167683634,-158728.530542753,0.837081981,0.442654572,0.269987327
765673.732,192147.501810169,-309397.213680855,-158566.353011193,0.836340047,0.443858645,0.270604364
766273.732,192649.082738430,-309130.537460754,-158403.805404080,0.835596034,0.445061962,0.271220912
766873.732,193150.216634416,-308863.139477707,-158240.888015233,0.834849940,0.446264521,0.271836969
767473.732,193650.902250379,-308595.020187736,-158077.601139340,0.834101767,0.447466318,0.272452535
768073.732,194151.138338891,-308326.180048506,-157913.945071958,0.833351515,0.448667351,0.273067607
768673.732,194650.923652855,-308056.619519324,-157749.920109514,0.832599185,0.449867618,0.273682185
769273.732,195150.256945498,-307786.339061146,-157585.526549303,0.831844777,0.451067114,0.274296266
769873.732,195649.136970380,-307515.339136573,-157420.764689494,0.831088293,0.452265839,0.274909850
770473.732,196147.562481394,-307243.620209855,-157255.634829124,0.830329731,0.453463788,0.275522935
771073.732,196645.532232766,-306971.182746891,-157090.137268103,0.829569094,0.454660959,0.276135519
771673.732,197143.044979060,-306698.027215229,-156924.272307212,0.828806381,0.455857350,0.276747601
772273.732,197640.099475180,-306424.154084068,-156758.040248106,0.828041593,0.457052957,0.277359179
