t_sec,phase,orion_x,orion_y,orion_z,moon_x,moon_y,moon_z,orion_vx,orion_vy,orion_vz
0.000,EarthOrbit,-24468.231698272,-12677.926410380,-6901.348388603,-384678.496,-66279.322,-50201.334,-1.837968636896,-3.417226472808,-1.847823515795
65.703,EarthOrbit,-24588.078986612,-12901.972754690,-7022.496964210,-384667.292,-66336.770,-50231.787,-1.810291262968,-3.402794535918,-1.839966535114
362.253,EarthOrbit,-25107.400003890,-13901.530356087,-7563.003976432,-384616.287,-66595.984,-50369.177,-1.692929245416,-3.338842828659,-1.805380365302
602.253,EarthOrbit,-25502.919460762,-14696.800884967,-7993.002753100,-384574.999,-66805.766,-50480.367,-1.604048423174,-3.288631725981,-1.778064092413
842.253,EarthOrbit,-25877.790558700,-15480.178080093,-8416.532276891,-384533.457,-67015.504,-50591.523,-1.520761786002,-3.239726550853,-1.751466884193
1082.253,EarthOrbit,-26233.288662563,-16251.971364546,-8833.762790311,-384491.807,-67225.223,-50702.665,-1.442521794638,-3.192092896951,-1.725568751199
1322.253,EarthOrbit,-26570.566429055,-17012.481235519,-9244.859400498,-384450.083,-67434.929,-50813.797,-1.368851388549,-3.145691205799,-1.700347108171
1562.253,EarthOrbit,-26890.669352807,-17761.998297703,-9649.981598284,-384408.071,-67644.585,-50924.890,-1.299332953612,-3.100478895742,-1.675777893943
1802.253,EarthOrbit,-27194.548914706,-18500.802729778,-10049.283004678,-384366.059,-67854.241,-51035.984,-1.233599295563,-3.056411876135,-1.651836364850
2042.253,EarthOrbit,-27483.073762449,-19229.164058339,-10442.911278088,-384323.793,-68063.852,-51147.044,-1.171326208390,-3.013445619059,-1.628497653559
2282.253,EarthOrbit,-27757.039266312,-19947.341148581,-10831.008134245,-384281.419,-68273.444,-51258.089,-1.112226319579,-2.971535911140,-1.605737158614
2522.253,EarthOrbit,-28017.175725628,-20655.582346096,-11213.709444132,-384238.972,-68483.023,-51369.125,-1.056043964214,-2.930639373337,-1.583530811487
2762.253,EarthOrbit,-28264.155448579,-21354.125722108,-11591.145384780,-384196.237,-68692.551,-51480.121,-1.002550893175,-2.890713812083,-1.561855254806
3002.253,EarthOrbit,-28498.598886315,-22043.199387490,-11963.440624694,-384153.501,-68902.078,-51591.118,-0.951542661538,-2.851718447790,-1.540687956192
3242.253,EarthOrbit,-28721.079969411,-22723.021850352,-12330.714530710,-384110.512,-69111.561,-51702.080,-0.902835574790,-2.813614054271,-1.520007275506
3482.253,EarthOrbit,-28932.130768347,-23393.802398944,-12693.081386730,-384067.415,-69321.024,-51813.028,-0.856264094913,-2.776363033668,-1.499792498480
3722.253,EarthOrbit,-29132.245578590,-24055.741496652,-13050.650617491,-384024.245,-69530.473,-51923.966,-0.811678627521,-2.739929444967,-1.480023846323
3962.253,EarthOrbit,-29321.884513806,-24709.031179643,-13403.527012469,-383980.787,-69739.871,-52034.865,-0.768943626290,-2.704278999401,-1.460682468282
4202.253,EarthOrbit,-29501.476676925,-25353.855450447,-13751.810946484,-383937.329,-69949.269,-52145.763,-0.727935962789,-2.669379032597,-1.441750422350
4317.499,EarthOrbit,-29584.090239438,-25660.573914827,-13917.498756941,-383916.395,-70049.808,-52199.007,-0.706843230608,-2.653054488216,-1.432959308136
4422.499,EarthOrbit,-29657.408571253,-25938.361600591,-14067.534765395,-383897.224,-70141.390,-52247.503,-0.689745608936,-2.638161783550,-1.424881558032
4527.499,EarthOrbit,-29728.947001036,-26214.592520909,-14216.726408913,-383878.053,-70232.973,-52296.000,-0.672938961474,-2.623401410275,-1.416875945664
4632.499,EarthOrbit,-29798.735654047,-26489.280444631,-14365.081192911,-383858.882,-70324.556,-52344.496,-0.656415206630,-2.608770978260,-1.408941160751
4737.499,EarthOrbit,-29866.803823199,-26762.438892413,-14512.606486759,-383839.711,-70416.139,-52392.993,-0.640166569243,-2.594268149956,-1.401075922174
4842.499,EarthOrbit,-29933.180000459,-27034.081142183,-14659.309526817,-383820.540,-70507.721,-52441.489,-0.624185565993,-2.579890639357,-1.393278977377
4947.499,EarthOrbit,-29997.891906760,-27304.220234498,-14805.197419398,-383801.258,-70599.284,-52489.971,-0.608464991642,-2.565636210954,-1.385549101760
5052.499,EarthOrbit,-30060.966520515,-27572.868977791,-14950.277143673,-383781.930,-70690.837,-52538.445,-0.592997906049,-2.551502678669,-1.377885098081
5157.499,EarthOrbit,-30122.430104800,-27840.039953507,-15094.555554515,-383762.601,-70782.391,-52586.920,-0.577777621912,-2.537487904793,-1.370285795843
5262.499,EarthOrbit,-30182.308233288,-28105.745521124,-15238.039385269,-383743.272,-70873.945,-52635.395,-0.562797693193,-2.523589798921,-1.362750050692
5326.655,EarthOrbit,-30217.259953328,-28267.397517424,-15325.346855769,-383731.462,-70929.885,-52665.014,-0.538531422010,-2.515508227820,-1.358636014756
5599.591,EarthOrbit,-30359.520711991,-28948.953144727,-15695.356570809,-383681.029,-71167.834,-52790.992,-0.501356962359,-2.480017557970,-1.340076499603
5839.591,EarthOrbit,-30476.012173842,-29540.480900784,-16014.981575033,-383636.489,-71377.033,-52901.742,-0.469587519012,-2.449472186308,-1.323515154800
6079.591,EarthOrbit,-30585.007791261,-30124.742998100,-16330.667358537,-383591.939,-71586.230,-53012.490,-0.438881608031,-2.419466898900,-1.307247747007
6319.591,EarthOrbit,-30686.755804809,-30701.866576060,-16642.483111329,-383547.037,-71795.362,-53123.190,-0.409181576999,-2.389981192103,-1.291263079027
6559.591,EarthOrbit,-30781.491135150,-31271.973973341,-16950.495402109,-383502.136,-72004.494,-53233.889,-0.380434010728,-2.360995554462,-1.275550498702
6799.591,EarthOrbit,-30869.436352536,-31835.182959509,-17254.768305451,-383457.045,-72213.590,-53344.562,-0.352589343319,-2.332491412696,-1.260099868894
7039.591,EarthOrbit,-30950.802558356,-32391.606953937,-17555.363521937,-383411.783,-72422.654,-53455.211,-0.325601512424,-2.304451080111,-1.244901538869
7279.591,EarthOrbit,-31025.790188237,-32941.355232654,-17852.340491615,-383366.513,-72631.716,-53565.859,-0.299427650404,-2.276857707538,-1.229946317129
7519.591,EarthOrbit,-31094.589744995,-33484.533123711,-18145.756501091,-383320.890,-72840.712,-53676.457,-0.274027807866,-2.249695236795,-1.215225445675
7759.591,EarthOrbit,-31157.382468721,-34021.242191684,-18435.666784627,-383275.268,-73049.708,-53787.056,-0.249364705674,-2.222948356658,-1.200730575686
7999.591,EarthOrbit,-31214.340950418,-34551.580411912,-18722.124619560,-383229.457,-73258.667,-53897.627,-0.225403512030,-2.196602461289,-1.186453744585
8239.591,EarthOrbit,-31265.629694861,-35075.642335034,-19005.181416385,-383183.475,-73467.595,-54008.175,-0.202111641736,-2.170643611025,-1.172387354424
8479.591,EarthOrbit,-31311.405637674,-35593.519242395,-19284.886803799,-383137.484,-73676.520,-54118.721,-0.179458575062,-2.145058495458,-1.158524151551
8719.591,EarthOrbit,-31351.818621071,-36105.299292859,-19561.288709015,-383091.142,-73885.378,-54229.217,-0.157415694035,-2.119834398681,-1.144857207484
8959.591,EarthOrbit,-31387.011832192,-36611.067661523,-19834.433433620,-383044.800,-74094.236,-54339.713,-0.135956134192,-2.094959166605,-1.131379900941
9199.591,EarthOrbit,-31417.122207558,-37110.906670828,-20104.365725260,-382998.269,-74303.057,-54450.182,-0.115054650134,-2.070421176242,-1.118085900956
9439.591,EarthOrbit,-31442.280806749,-37604.895914529,-20371.128845391,-382951.567,-74511.846,-54560.627,-0.094687493378,-2.046209306831,-1.104969151020
9679.591,EarthOrbit,-31462.613158124,-38093.112374931,-20634.764633343,-382904.857,-74720.632,-54671.070,-0.074832301212,-2.022312912708,-1.092023854191
9919.591,EarthOrbit,-31478.239579064,-38575.630533833,-20895.313566923,-382857.795,-74929.350,-54781.463,-0.055467995418,-1.998721797825,-1.079244459108
10159.591,EarthOrbit,-31489.275472990,-39052.522477521,-21152.814819756,-382810.734,-75138.068,-54891.856,-0.036574689832,-1.975426191799,-1.066625646862
10399.591,EarthOrbit,-31495.831605168,-39523.857996209,-21407.306315584,-382763.484,-75346.749,-55002.222,-0.018133605867,-1.952416727414,-1.054162318657
10639.591,EarthOrbit,-31498.014359112,-39989.704678230,-21658.824779686,-382716.063,-75555.397,-55112.563,-0.000126995187,-1.929684419470,-1.041849584223
10879.591,EarthOrbit,-31495.925975221,-40450.127999310,-21907.405787603,-382668.634,-75764.043,-55222.903,0.017461931149,-1.907220644909,-1.029682750930
11119.591,EarthOrbit,-31489.664773118,-40905.191407220,-22153.083811331,-382620.854,-75972.619,-55333.192,0.034649067716,-1.885017124126,-1.017657313550
11359.591,EarthOrbit,-31479.325359025,-41354.956402069,-22395.892263134,-382573.074,-76181.195,-55443.480,0.051449474472,-1.863065903381,-1.005768944635
11599.591,EarthOrbit,-31464.998819389,-41799.482612511,-22635.863537109,-382525.106,-76389.734,-55553.742,0.067877431724,-1.841359338272,-0.994013485467
11839.591,EarthOrbit,-31446.772901836,-42238.827868095,-22873.029048652,-382476.967,-76598.239,-55663.978,0.083946490759,-1.819890078156,-0.982386937541
12079.591,EarthOrbit,-31424.732184462,-42673.048267995,-23107.419271937,-382428.819,-76806.742,-55774.213,0.099669520527,-1.798651051500,-0.970885454547
12319.591,EarthOrbit,-31398.958234350,-43102.198246321,-23339.063775529,-382380.321,-77015.175,-55884.397,0.115058750747,-1.777635452072,-0.959505334823
12559.591,EarthOrbit,-31369.529756143,-43526.330634212,-23567.991256235,-382331.824,-77223.607,-55994.580,0.130125811739,-1.756836725928,-0.948243014241
12799.591,EarthOrbit,-31336.522731423,-43945.496718906,-23794.229571301,-382283.138,-77432.002,-56104.736,0.144881771281,-1.736248559151,-0.937095059505
13039.591,EarthOrbit,-31300.010549570,-44359.746299937,-24017.805769046,-382234.281,-77640.362,-56214.867,0.159337168743,-1.715864866280,-0.926058161827
13279.591,EarthOrbit,-31260.064130738,-44769.127742647,-24238.746118022,-382185.416,-77848.721,-56324.996,0.173502046734,-1.695679779393,-0.915129130966
13519.591,EarthOrbit,-31216.752041506,-45173.688029144,-24457.076134783,-382136.202,-78057.008,-56435.073,0.187385980470,-1.675687637806,-0.904304889601
13759.591,EarthOrbit,-31170.140603739,-45573.472806861,-24672.820610339,-382086.987,-78265.295,-56545.151,0.200998105058,-1.655882978333,-0.893582468010
13999.591,EarthOrbit,-31120.293997138,-45968.526434844,-24886.003635377,-382037.584,-78473.543,-56655.200,0.214347140865,-1.636260526097,-0.882958999055
14239.591,EarthOrbit,-31067.274355904,-46358.892027888,-25096.648624303,-381988.011,-78681.757,-56765.224,0.227441417121,-1.616815185831,-0.872431713431
14479.591,EarthOrbit,-31011.141859947,-46744.611498654,-25304.778338177,-381938.429,-78889.968,-56875.247,0.240288893915,-1.597542033654,-0.861997935183
14719.591,EarthOrbit,-30951.954820988,-47125.725597851,-25510.414906605,-381888.498,-79098.108,-56985.217,0.252897182692,-1.578436309290,-0.851655077451
14959.591,EarthOrbit,-30889.769763910,-47502.273952617,-25713.579848636,-381838.567,-79306.247,-57095.187,0.265273565391,-1.559493408705,-0.841400638458
15199.591,EarthOrbit,-30824.641503677,-47874.295103169,-25914.294092717,-381788.448,-79514.348,-57205.129,0.277425012303,-1.540708877123,-0.831232197701
15439.591,EarthOrbit,-30756.623218096,-48241.826537823,-26112.577995766,-381738.158,-79722.413,-57315.045,0.289358198774,-1.522078402415,-0.821147412342
15679.591,EarthOrbit,-30685.766516714,-48604.904726471,-26308.451361397,-381687.861,-79930.476,-57424.960,0.301079520819,-1.503597808833,-0.811144013791
15919.591,EarthOrbit,-30612.121506083,-48963.565152594,-26501.933457342,-381637.214,-80138.466,-57534.822,0.312595109748,-1.485263051059,-0.801219804459
16159.591,EarthOrbit,-30535.736851625,-49317.842343883,-26693.043032129,-381586.567,-80346.456,-57644.684,0.323910845859,-1.467070208566,-0.791372654689
16399.591,EarthOrbit,-30456.659836323,-49667.769901536,-26881.798331020,-381535.732,-80554.407,-57754.517,0.335032371276,-1.449015480255,-0.781600499827
16639.591,EarthOrbit,-30374.936416415,-50013.380528308,-27068.217111286,-381484.728,-80762.321,-57864.325,0.345965102002,-1.431095179370,-0.771901337451
16879.591,EarthOrbit,-30290.611274298,-50354.706055368,-27252.316656817,-381433.715,-80970.234,-57974.131,0.356714239222,-1.413305728658,-0.762273224734
17119.591,EarthOrbit,-30203.727868792,-50691.777468022,-27434.113792126,-381382.353,-81178.072,-58083.884,0.367284779932,-1.395643655774,-0.752714275939
17359.591,EarthOrbit,-30114.328482936,-51024.624930363,-27613.624895759,-381330.991,-81385.911,-58193.636,0.377681526924,-1.378105588901,-0.743222660033
17599.591,EarthOrbit,-30022.454269458,-51353.277808894,-27790.865913151,-381279.442,-81593.710,-58303.360,0.387909098186,-1.360688252596,-0.733796598422
17839.591,EarthOrbit,-29928.145294056,-51677.764695175,-27965.852368951,-381227.723,-81801.472,-58413.058,0.397971935744,-1.343388463818,-0.724434362787
18079.591,EarthOrbit,-29831.440576619,-51998.113427549,-28138.599378836,-381175.996,-82009.232,-58522.754,0.407874313993,-1.326203128156,-0.715134273033
18319.591,EarthOrbit,-29732.378130508,-52314.351111972,-28309.121660852,-381123.920,-82216.917,-58632.397,0.417620347554,-1.309129236235,-0.705894695326
18559.591,EarthOrbit,-29630.995000001,-52626.504142010,-28477.433546288,-381071.844,-82424.602,-58742.039,0.427213998674,-1.292163860278,-0.696714040223
18799.591,EarthOrbit,-29527.327296021,-52934.598218027,-28643.548990113,-381019.581,-82632.247,-58851.652,0.436659084212,-1.275304150844,-0.687590760896
19039.591,EarthOrbit,-29421.410230226,-53238.658365606,-28807.481581001,-380967.148,-82839.855,-58961.239,0.445959282244,-1.258547333699,-0.678523351425
19140.880,EarthOrbit,-29376.042625964,-53365.778588944,-28876.015476714,-380945.020,-82927.473,-59007.489,0.449841700678,-1.251505546987,-0.674712973184
19380.880,EarthOrbit,-29266.985825746,-53664.144148685,-29036.866671399,-380892.428,-83135.046,-59117.051,0.458941938114,-1.234890410285,-0.665722496239
19620.880,EarthOrbit,-29155.761416704,-53958.533703046,-29195.566465394,-380839.638,-83342.576,-59226.582,0.467905658651,-1.218371740334,-0.656784401547
19860.880,EarthOrbit,-29042.401770782,-54248.970098129,-29352.127264409,-380786.849,-83550.106,-59336.114,0.476736110541,-1.201946998521,-0.647897311349
20100.880,EarthOrbit,-28926.938494081,-54535.475578377,-29506.561147633,-380733.722,-83757.562,-59445.592,0.485436428352,-1.185613709230,-0.639059882150
20340.880,EarthOrbit,-28809.402453560,-54818.071801401,-29658.879875792,-380680.577,-83965.014,-59555.067,0.494009637847,-1.169369457404,-0.630270803387
20580.880,EarthOrbit,-28689.823802587,-55096.779852232,-29809.094898901,-380627.272,-84172.430,-59664.517,0.502458660603,-1.153211886207,-0.621528796165
20820.880,EarthOrbit,-28568.232005413,-55371.620257019,-29957.217363720,-380573.770,-84379.803,-59773.936,0.510786318390,-1.137138694788,-0.612832612030
21060.880,EarthOrbit,-28444.655860624,-55642.612996213,-30103.258120914,-380520.268,-84587.176,-59883.355,0.518995337323,-1.121147636141,-0.604181031815
21300.880,EarthOrbit,-28319.123523620,-55909.777517238,-30247.227731952,-380466.429,-84794.474,-59992.721,0.527088351804,-1.105236515049,-0.595572864512
21540.880,EarthOrbit,-28191.662528175,-56173.132746682,-30389.136475731,-380412.571,-85001.767,-60102.083,0.535067908258,-1.089403186118,-0.587006946208
21780.880,EarthOrbit,-28062.299807122,-56432.697102028,-30528.994354957,-380358.554,-85209.025,-60211.420,0.542936468686,-1.073645551889,-0.578482139057
22020.880,EarthOrbit,-27931.061712205,-56688.488502940,-30666.811102284,-380304.340,-85416.239,-60320.726,0.550696414039,-1.057961561028,-0.569997330291
22260.880,EarthOrbit,-27797.974033142,-56940.524382121,-30802.596186216,-380250.126,-85623.453,-60430.031,0.558350047419,-1.042349206585,-0.561551431281
22500.880,EarthOrbit,-27663.062015945,-57188.821695766,-30936.358816788,-380195.576,-85830.590,-60539.283,0.565899597131,-1.026806524326,-0.553143376623
22740.880,EarthOrbit,-27526.350380516,-57433.396933617,-31068.107951041,-380141.006,-86037.724,-60648.532,0.573347219581,-1.011331591127,-0.544772123265
22980.880,EarthOrbit,-27387.863337569,-57674.266128645,-31197.852298281,-380086.278,-86244.821,-60757.755,0.580695002032,-0.995922523433,-0.536436649675
23220.880,EarthOrbit,-27247.624604910,-57911.444866370,-31325.600325147,-380031.353,-86451.874,-60866.946,0.587944965232,-0.980577475774,-0.528135955025
23460.880,EarthOrbit,-27105.657423095,-58144.948293821,-31451.360260486,-379976.428,-86658.927,-60976.138,0.595099065913,-0.965294639338,-0.519869058422
23700.880,EarthOrbit,-26961.984570507,-58374.791128177,-31575.140100048,-379921.167,-86865.902,-61085.275,0.602159199172,-0.950072240598,-0.511634998159
23940.880,EarthOrbit,-26816.628377875,-58600.987665071,-31696.947611003,-379865.886,-87072.874,-61194.409,0.609127200740,-0.934908539986,-0.503432830994
24180.880,EarthOrbit,-26669.610742258,-58823.551786586,-31816.790336289,-379810.448,-87279.809,-61303.517,0.616004849146,-0.919801830619,-0.495261631458
24420.880,EarthOrbit,-26520.953140525,-59042.496968953,-31934.675598800,-379754.812,-87486.699,-61412.593,0.622793867777,-0.904750437074,-0.487120491188
24660.880,EarthOrbit,-26370.676642353,-59257.836289957,-32050.610505406,-379699.177,-87693.588,-61521.669,0.629495926849,-0.889752714196,-0.479008518280
24900.880,EarthOrbit,-26218.801922757,-59469.582436064,-32164.601950838,-379643.206,-87900.400,-61630.691,0.636112645278,-0.874807045959,-0.470924836671
25140.880,EarthOrbit,-26065.349274190,-59677.747709277,-32276.656621407,-379587.216,-88107.208,-61739.709,0.642645592479,-0.859911844360,-0.462868585533
25380.880,EarthOrbit,-25910.338618213,-59882.344033735,-32386.780998600,-379531.067,-88313.979,-61848.701,0.649096290068,-0.845065548350,-0.454838918701
25620.880,EarthOrbit,-25753.789516771,-60083.382962056,-32494.981362526,-379474.722,-88520.704,-61957.661,0.655466213499,-0.830266622808,-0.446835004106
25860.880,EarthOrbit,-25595.721183083,-60280.875681441,-32601.263795234,-379418.377,-88727.429,-62066.621,0.661756793623,-0.815513557540,-0.438856023236
26100.880,EarthOrbit,-25436.152492167,-60474.833019537,-32705.634183906,-379361.697,-88934.075,-62175.525,0.667969418178,-0.800804866317,-0.430901170614
26340.880,EarthOrbit,-25275.101991012,-60665.265450081,-32808.098223921,-379304.997,-89140.717,-62284.427,0.674105433210,-0.786139085938,-0.422969653287
26580.880,EarthOrbit,-25112.587908426,-60852.183098312,-32908.661421803,-379248.140,-89347.321,-62393.302,0.680166144439,-0.771514775330,-0.415060690337
26820.880,EarthOrbit,-24948.628164550,-61035.595746181,-33007.329098054,-379191.086,-89553.879,-62502.145,0.686152818553,-0.756930514671,-0.407173512406
27060.880,EarthOrbit,-24783.240380080,-61215.512837344,-33104.106389870,-379134.033,-89760.438,-62610.987,0.692066684457,-0.742384904536,-0.399307361231
27300.880,EarthOrbit,-24616.441885188,-61391.943481963,-33198.998253749,-379076.644,-89966.916,-62719.774,0.697908934462,-0.727876565080,-0.391461489201
27540.880,EarthOrbit,-24448.249728170,-61564.896461303,-33292.009468000,-379019.236,-90173.390,-62828.558,0.703680725420,-0.713404135231,-0.383635158918
27780.880,EarthOrbit,-24278.680683823,-61734.380232150,-33383.144635136,-378961.670,-90379.827,-62937.315,0.709383179811,-0.698966271915,-0.375827642779
28020.880,EarthOrbit,-24107.751261567,-61900.402931035,-33472.408184184,-378903.909,-90586.216,-63046.039,0.715017386792,-0.684561649305,-0.368038222563
28260.880,EarthOrbit,-23935.477713326,-62062.972378285,-33559.804372878,-378846.147,-90792.606,-63154.764,0.720584403183,-0.670188958078,-0.360266189032
28500.880,EarthOrbit,-23761.876041170,-62222.096081900,-33645.337289780,-378788.051,-90998.915,-63263.432,0.726085254427,-0.655846904705,-0.352510841544
28740.880,EarthOrbit,-23586.962004736,-62377.781241259,-33729.010856288,-378729.935,-91205.219,-63372.097,0.731520935499,-0.641534210755,-0.344771487676
29032.674,EarthOrbit,-23362.578544570,-62557.265035302,-33821.413040201,-378659.044,-91455.989,-63504.173,0.738439006739,-0.623756717037,-0.335085788238
29272.674,EarthOrbit,-23184.716573494,-62705.255291629,-33900.908380840,-378600.575,-91662.208,-63612.778,0.743733647443,-0.609499739648,-0.327377739283
29512.674,EarthOrbit,-23005.591368321,-62849.826934986,-33978.555459047,-378542.049,-91868.414,-63721.374,0.748966105702,-0.595268070836,-0.319683490427
29752.674,EarthOrbit,-22825.217747239,-62990.985892472,-34054.357507277,-378483.227,-92074.547,-63829.919,0.754137257063,-0.581060487934,-0.312002379683
29992.674,EarthOrbit,-22643.610321476,-63128.737799162,-34128.317599879,-378424.405,-92280.680,-63938.464,0.759247950756,-0.566875779996,-0.304333751446
30232.674,EarthOrbit,-22460.783501534,-63263.088000853,-34200.438654593,-378365.349,-92486.755,-64046.970,0.764299010390,-0.552712747196,-0.296676956173
30472.674,EarthOrbit,-22276.751503257,-63394.041556657,-34270.723433960,-378306.174,-92692.802,-64155.455,0.769291234613,-0.538570200238,-0.289031350059
30712.674,EarthOrbit,-22091.528353744,-63521.603241462,-34339.174546670,-378246.941,-92898.834,-64263.930,0.774225397748,-0.524446959780,-0.281396294730
30952.674,EarthOrbit,-21905.127897115,-63645.777548252,-34405.794448820,-378187.413,-93104.794,-64372.354,0.779102250400,-0.510341855871,-0.273771156931
31192.674,EarthOrbit,-21717.563800133,-63766.568690293,-34470.585445113,-378127.885,-93310.754,-64480.779,0.783922520036,-0.496253727396,-0.266155308230
31432.674,EarthOrbit,-21528.849557690,-63883.980603190,-34533.549689975,-378068.124,-93516.655,-64589.163,0.788686911536,-0.482181421531,-0.258548124720
31672.674,EarthOrbit,-21338.998498163,-63998.016946812,-34594.689188610,-378008.243,-93722.528,-64697.527,0.793396107727,-0.468123793207,-0.250948986732
31912.674,EarthOrbit,-21148.023788647,-64108.681107087,-34654.005797980,-377948.305,-93928.386,-64805.881,0.798050769887,-0.454079704584,-0.243357278545
32152.674,EarthOrbit,-20955.938440068,-64215.976197681,-34711.501227722,-377888.072,-94134.170,-64914.184,0.802651538225,-0.440048024534,-0.235772388108
32392.674,EarthOrbit,-20762.755312183,-64319.905061540,-34767.177040991,-377827.838,-94339.954,-65022.486,0.807199032347,-0.426027628127,-0.228193706763
32632.674,EarthOrbit,-20568.487118471,-64420.470272321,-34821.034655245,-377767.372,-94545.680,-65130.749,0.811693851689,-0.412017396129,-0.220620628972
32872.674,EarthOrbit,-20373.146430928,-64517.674135699,-34873.075342960,-377706.786,-94751.376,-65238.990,0.816136575938,-0.398016214501,-0.213052552044
33112.674,EarthOrbit,-20176.745684751,-64611.518690553,-34923.300232280,-377646.144,-94957.058,-65347.222,0.820527765429,-0.384022973910,-0.205488875872
33352.674,EarthOrbit,-19979.297182944,-64702.005710039,-34971.710307610,-377585.206,-95162.665,-65455.402,0.824867961525,-0.370036569240,-0.197929002668
33592.674,EarthOrbit,-19780.813100822,-64789.136702543,-35018.306410135,-377524.269,-95368.272,-65563.582,0.829157686978,-0.356055899110,-0.190372336701
33832.674,EarthOrbit,-19581.305490440,-64872.912912518,-35063.089238287,-377463.098,-95573.820,-65671.721,0.833397446265,-0.342079865396,-0.182818284040
34072.674,EarthOrbit,-19380.786284938,-64953.335321213,-35106.059348144,-377401.809,-95779.338,-65779.840,0.837587725917,-0.328107372757,-0.175266252296
34312.674,EarthOrbit,-19179.267302813,-65030.404647280,-35147.217153771,-377340.462,-95984.841,-65887.948,0.841728994823,-0.314137328164,-0.167715650364
34552.674,EarthOrbit,-18976.760252115,-65104.121347276,-35186.562927496,-377278.821,-96190.270,-65996.004,0.845821704519,-0.300168640429,-0.160165888176
34792.674,EarthOrbit,-18773.276734579,-65174.485616047,-35224.096800131,-377217.180,-96395.698,-66104.061,0.849866289462,-0.286200219742,-0.152616376444
35032.674,EarthOrbit,-18568.828249698,-65241.497387003,-35259.818761124,-377155.306,-96601.066,-66212.076,0.853863167288,-0.272230977206,-0.145066526409
35272.674,EarthOrbit,-18363.426198723,-65305.156332282,-35293.728658664,-377093.314,-96806.404,-66320.070,0.857812739050,-0.258259824371,-0.137515749593
35512.674,EarthOrbit,-18157.081888620,-65365.461862802,-35325.826199711,-377031.264,-97011.727,-66428.055,0.861715389446,-0.244285672778,-0.129963457545
35752.674,EarthOrbit,-17949.806535971,-65422.413128202,-35356.110949975,-376968.921,-97216.974,-66535.986,0.865571487029,-0.230307433488,-0.122409061595
35992.674,EarthOrbit,-17741.611270821,-65476.009016674,-35384.582333835,-376906.577,-97422.222,-66643.918,0.869381384406,-0.216324016628,-0.114851972603
36232.674,EarthOrbit,-17532.507140484,-65526.248154681,-35411.239634195,-376844.001,-97627.408,-66751.808,0.873145418414,-0.202334330924,-0.107291600706
36472.674,EarthOrbit,-17322.505113311,-65573.128906566,-35436.081992278,-376781.306,-97832.564,-66859.678,0.876863910290,-0.188337283239,-0.099727355071
36613.000,EarthOrbit,-17199.307053107,-65598.983078308,-35449.765895653,-376744.649,-97952.517,-66922.748,0.879017105527,-0.180149478317,-0.095302572808
36878.212,EarthOrbit,-16964.318297640,-65644.962479151,-35473.144587495,-376675.069,-98179.147,-67041.895,0.888497314380,-0.165711400239,-0.083701363369
37099.911,EarthOrbit,-16766.970028050,-65680.264882304,-35490.925299428,-376616.831,-98368.574,-67141.480,0.891821736243,-0.152758349985,-0.076701834033
37321.610,EarthOrbit,-16568.888971841,-65712.694522629,-35507.153664942,-376558.523,-98557.983,-67241.053,0.895107989444,-0.139795382307,-0.069697200825
37543.309,EarthOrbit,-16370.083569018,-65742.249105011,-35521.828500419,-376499.961,-98747.326,-67340.581,0.898356270212,-0.126821626748,-0.062686993529
37765.009,EarthOrbit,-16170.562217290,-65768.926140991,-35534.948517809,-376441.399,-98936.669,-67440.108,0.901566763880,-0.113836209520,-0.055670740206
37986.708,EarthOrbit,-15970.333274482,-65792.722947996,-35546.512324225,-376382.672,-99125.968,-67539.605,0.904739644934,-0.100838253189,-0.048647967019
38208.407,EarthOrbit,-15769.405060931,-65813.636648490,-35556.518421504,-376323.786,-99315.224,-67639.074,0.907875077060,-0.087826876347,-0.041618198058
38430.106,EarthOrbit,-15567.785861883,-65831.664169061,-35564.965205728,-376264.901,-99504.481,-67738.543,0.910973213175,-0.074801193284,-0.034580955162
38651.805,EarthOrbit,-15365.483929871,-65846.802239425,-35571.850966708,-376205.755,-99693.669,-67837.964,0.914034195451,-0.061760313653,-0.027535757740
38873.504,EarthOrbit,-15162.516812000,-65859.141377000,-35577.171828000,-376146.546,-99882.839,-67937.374,0.917055391000,-0.048720147000,-0.020488759000
38991.654,EarthOrbit,-15054.072670277,-65864.486217764,-35579.370312456,-376114.992,-99983.654,-67990.352,0.918651858462,-0.041754853829,-0.016726079513
39109.803,EarthOrbit,-14945.440524847,-65869.007820116,-35581.124084495,-376083.385,-100084.454,-68043.320,0.920237862559,-0.034784598109,-0.012960791981
39227.953,EarthOrbit,-14836.621610988,-65872.705589617,-35582.432831600,-376051.659,-100185.223,-68096.267,0.921813419458,-0.027809242407,-0.009192822255
39346.102,EarthOrbit,-14727.617162120,-65875.578915564,-35583.296232477,-376019.932,-100285.991,-68149.214,0.923378544464,-0.020828648802,-0.005422095932
39464.252,EarthOrbit,-14618.428409905,-65877.627170930,-35583.713957027,-375988.206,-100386.759,-68202.161,0.924933252014,-0.013842678876,-0.001648538344
39582.402,EarthOrbit,-14509.056584352,-65878.849712301,-35583.685666313,-375956.479,-100487.528,-68255.108,0.926477555681,-0.006851193690,0.002127925449
39700.551,EarthOrbit,-14399.502913917,-65879.245879817,-35583.211012528,-375924.714,-100588.285,-68308.047,0.928011468168,0.000145946223,0.005907370672
39818.701,EarthOrbit,-14289.768625604,-65878.814997110,-35582.289638958,-375892.815,-100689.008,-68360.962,0.929535001312,0.007148880882,0.009689872835
39936.850,EarthOrbit,-14179.854945073,-65877.556371232,-35580.921179951,-375860.916,-100789.729,-68413.877,0.931048166078,0.014157750866,0.013475507749
40055.000,EarthOrbit,-14069.763096739,-65875.469292596,-35579.105260882,-375829.018,-100890.452,-68466.793,0.932550972561,0.021172697335,0.017264351530
40295.000,EarthOrbit,-13845.587510178,-65868.676100233,-35574.037306686,-375764.190,-101095.043,-68574.275,0.935571804088,0.035441614835,0.024970913063
40535.000,EarthOrbit,-13620.692041765,-65858.455169117,-35567.118086531,-375699.044,-101299.547,-68681.698,0.938549997770,0.049737387178,0.032691675795
40775.000,EarthOrbit,-13395.086918143,-65844.799909470,-35558.344114175,-375633.898,-101504.052,-68789.122,0.941485604774,0.064061221369,0.040427290353
41015.000,EarthOrbit,-13168.782355480,-65827.703440459,-35547.711746492,-375568.547,-101708.501,-68896.507,0.944378661185,0.078414335971,0.048178413495
41255.000,EarthOrbit,-12941.788563109,-65807.158587349,-35535.217181972,-375503.051,-101912.910,-69003.866,0.947229187899,0.092797961689,0.055945708427
41495.000,EarthOrbit,-12714.115747178,-65783.157878519,-35520.856459125,-375437.525,-102117.312,-69111.219,0.950037190491,0.107213341972,0.063729845125
41735.000,EarthOrbit,-12485.774114351,-65755.693542329,-35504.625454825,-375371.681,-102321.626,-69218.513,0.952802659084,0.121661733632,0.071531500666
41975.000,EarthOrbit,-12256.773875534,-65724.757503840,-35486.519882557,-375305.836,-102525.940,-69325.807,0.955525568187,0.136144407471,0.079351359570
42215.000,EarthOrbit,-12027.125249640,-65690.341381374,-35466.535290599,-375239.786,-102730.198,-69433.062,0.958205876523,0.150662648929,0.087190114140
42455.000,EarthOrbit,-11796.838467402,-65652.436482928,-35444.667060104,-375173.593,-102934.417,-69540.291,0.960843526840,0.165217758740,0.095048464823
42695.000,EarthOrbit,-11565.923775229,-65611.033802418,-35420.910403103,-375107.369,-103138.627,-69647.514,0.963438445710,0.179811053614,0.102927120569
42935.000,EarthOrbit,-11334.391439119,-65566.124015765,-35395.260360424,-375040.827,-103342.749,-69754.678,0.965990543296,0.194443866929,0.110826799206
43175.000,EarthOrbit,-11102.251748623,-65517.697476805,-35367.711799512,-374974.285,-103546.871,-69861.841,0.968499713121,0.209117549445,0.118748227823
43415.000,EarthOrbit,-10869.515020867,-65465.744213035,-35338.259412158,-374907.538,-103750.936,-69968.966,0.970965831798,0.223833470036,0.126692143163
43655.000,EarthOrbit,-10636.191604650,-65410.253921175,-35306.897712139,-374840.647,-103954.962,-70076.064,0.973388758758,0.238593016445,0.134659292027
43895.000,EarthOrbit,-10402.291884598,-65351.215962540,-35273.621032751,-374773.726,-104158.978,-70183.156,0.975768335944,0.253397596056,0.142650431687
44135.000,EarthOrbit,-10167.826285399,-65288.619358242,-35238.423524242,-374706.487,-104362.907,-70290.188,0.978104387499,0.268248636694,0.150666330319
44375.000,EarthOrbit,-9932.805276120,-65222.452784177,-35201.299151150,-374639.249,-104566.835,-70397.220,0.980396719416,0.283147587442,0.158707767435
44615.000,EarthOrbit,-9697.239374601,-65152.704565827,-35162.241689522,-374571.805,-104770.705,-70504.213,0.982645119179,0.298095919489,0.166775534345
44855.000,EarthOrbit,-9461.139151948,-65079.362672849,-35121.244724030,-374504.219,-104974.536,-70611.179,0.984849355376,0.313095127002,0.174870434617
45095.000,EarthOrbit,-9224.515237111,-65002.414713452,-35078.301644968,-374436.601,-105178.357,-70718.139,0.987009177288,0.328146728022,0.182993284564
45335.000,EarthOrbit,-8987.378321576,-64921.847928559,-35033.405645138,-374368.667,-105382.090,-70825.038,0.989124314453,0.343252265396,0.191144913736
45575.000,EarthOrbit,-8749.739164152,-64837.649185736,-34986.549716610,-374300.732,-105585.822,-70931.938,0.991194476204,0.358413307731,0.199326165439
45815.000,EarthOrbit,-8511.608595883,-64749.804972897,-34937.726647357,-374232.593,-105789.496,-71038.798,0.993219351182,0.373631450385,0.207537897261
46055.000,EarthOrbit,-8272.997525074,-64658.301391752,-34886.929017762,-374164.311,-105993.130,-71145.631,0.995198606819,0.388908316491,0.215780981621
46295.000,EarthOrbit,-8033.916942444,-64563.124151027,-34834.149196993,-374095.998,-106196.754,-71252.458,0.997131888789,0.404245558015,0.224056306335
46535.000,EarthOrbit,-7794.377926419,-64464.258559404,-34779.379339234,-374027.369,-106400.289,-71359.224,0.999018820434,0.419644856846,0.232364775202
46775.000,EarthOrbit,-7554.391648566,-64361.689518207,-34722.611379779,-373958.739,-106603.823,-71465.990,1.000859002153,0.435107925934,0.240707308614
47015.000,EarthOrbit,-7313.969379171,-64255.401513809,-34663.837030975,-373889.906,-106807.299,-71572.717,1.002652010757,0.450636510462,0.249084844177
47255.000,EarthOrbit,-7073.122492982,-64145.378609752,-34603.047778013,-373820.929,-107010.734,-71679.416,1.004397398793,0.466232389059,0.257498337369
47495.000,EarthOrbit,-6831.862475121,-64031.604438564,-34540.234874557,-373751.922,-107214.160,-71786.109,1.006094693828,0.481897375064,0.265948762211
47735.000,EarthOrbit,-6590.200927167,-63914.062193280,-34475.389338212,-373682.598,-107417.495,-71892.741,1.007743397689,0.497633317830,0.274437111965
47975.000,EarthOrbit,-6348.149573427,-63792.734618630,-34408.501945817,-373613.275,-107620.830,-71999.373,1.009342985675,0.513442104082,0.282964399864
48215.000,EarthOrbit,-6105.720267404,-63667.604001909,-34339.563228567,-373543.747,-107824.106,-72105.965,1.010892905710,0.529325659322,0.291531659859
48455.000,EarthOrbit,-5862.924998472,-63538.652163488,-34268.563466940,-373474.077,-108027.340,-72212.529,1.012392577463,0.545285949296,0.300139947409
48695.000,EarthOrbit,-5619.775898766,-63405.860446983,-34195.492685446,-373404.376,-108230.565,-72319.087,1.013841391415,0.561324981508,0.308790340286
48935.000,EarthOrbit,-5376.285250308,-63269.209709038,-34120.340647166,-373334.360,-108433.699,-72425.584,1.015238707878,0.577444806802,0.317483939426
49175.000,EarthOrbit,-5132.465492369,-63128.680308730,-34043.096848089,-373264.343,-108636.832,-72532.080,1.016583855956,0.593647521004,0.326221869803
49415.000,EarthOrbit,-4888.329229086,-62984.252096571,-33963.750511236,-373194.123,-108839.906,-72638.537,1.017876132457,0.609935266629,0.335005281345
49655.000,EarthOrbit,-4643.889237354,-62835.904403090,-33882.290580556,-373123.760,-109042.938,-72744.965,1.019114800741,0.626310234662,0.343835349882
49895.000,EarthOrbit,-4399.158474996,-62683.616026976,-33798.705714590,-373053.367,-109245.961,-72851.387,1.020299089510,0.642774666407,0.352713278140
50135.000,EarthOrbit,-4154.150089230,-62527.365222777,-33712.984279896,-372982.658,-109448.891,-72957.748,1.021428191529,0.659330855419,0.361640296772
50375.000,EarthOrbit,-3908.877425460,-62367.129688118,-33625.114344217,-372911.949,-109651.821,-73064.108,1.022501262277,0.675981149513,0.370617665431
50615.000,EarthOrbit,-3663.354036390,-62202.886550427,-33535.083669389,-372841.037,-109854.691,-73170.428,1.023517418527,0.692727952862,0.379646673890
50855.000,EarthOrbit,-3417.593691490,-62034.612353149,-33442.879703968,-372769.982,-110057.518,-73276.719,1.024475736849,0.709573728185,0.388728643215
51095.000,EarthOrbit,-3171.610386838,-61862.283041425,-33348.489575580,-372698.897,-110260.337,-73383.005,1.025375252026,0.726520999028,0.397864926984
51335.000,EarthOrbit,-2925.418355343,-61685.873947208,-33251.900082965,-372627.497,-110463.062,-73489.228,1.026214955386,0.743572352150,0.407056912557
51575.000,EarthOrbit,-2679.032077384,-61505.359773796,-33153.097687707,-372556.096,-110665.787,-73595.451,1.026993793043,0.760730440011,0.416306022413
51815.000,EarthOrbit,-2432.466291885,-61320.714579752,-33052.068505647,-372484.493,-110868.451,-73701.633,1.027710664034,0.777997983376,0.425613715533
52055.000,EarthOrbit,-2185.736007844,-61131.911762189,-32948.798297940,-372412.748,-111071.073,-73807.787,1.028364418358,0.795377774033,0.434981488861
52295.000,EarthOrbit,-1938.856516353,-60938.924039385,-32843.272461772,-372340.972,-111273.685,-73913.935,1.028953854899,0.812872677644,0.444410878819
52535.000,EarthOrbit,-1691.843403121,-60741.723432697,-32735.476020691,-372268.881,-111476.203,-74020.020,1.029477719235,0.830485636715,0.453903462899
52775.000,EarthOrbit,-1444.712561546,-60540.281247749,-32625.393614552,-372196.790,-111678.721,-74126.105,1.029934701317,0.848219673722,0.463460861329
53015.000,EarthOrbit,-1197.480206357,-60334.568054850,-32513.009489052,-372124.497,-111881.178,-74232.149,1.030323433022,0.866077894373,0.473084738820
53255.000,EarthOrbit,-950.162887860,-60124.553668610,-32398.307484841,-372052.061,-112083.591,-74338.164,1.030642485554,0.884063491028,0.482776806386
53495.000,EarthOrbit,-702.777506825,-59910.207126718,-32281.271026175,-371979.595,-112285.996,-74444.173,1.030890366703,0.902179746294,0.492538823269
53735.000,EarthOrbit,-455.341330051,-59691.496667832,-32161.883109108,-371906.815,-112488.305,-74550.119,1.031065517934,0.920430036784,0.502372598944
53975.000,EarthOrbit,-207.872006651,-59468.389708550,-32040.126289179,-371834.035,-112690.614,-74656.064,1.031166311311,0.938817837067,0.512279995227
54215.000,EarthOrbit,39.612414905,-59240.852819406,-31915.982668592,-371761.052,-112892.861,-74761.969,1.031191046230,0.957346723816,0.522262928492
54455.000,EarthOrbit,287.093468937,-59008.851699846,-31789.433882842,-371687.928,-113095.065,-74867.845,1.031137945960,0.976020380167,0.532323371994
54695.000,EarthOrbit,534.552253851,-58772.351152133,-31660.461086774,-371614.773,-113297.260,-74973.714,1.031005153975,0.994842600294,0.542463358317
54935.000,EarthOrbit,781.969412524,-58531.315054123,-31529.044940038,-371541.304,-113499.358,-75079.520,1.030790730052,1.013817294226,0.552684981939
55175.000,EarthOrbit,1029.325111723,-58285.706330861,-31395.165591913,-371467.836,-113701.457,-75185.325,1.030492646136,1.032948492913,0.562990401938
55415.000,EarthOrbit,1276.599020506,-58035.486924920,-31258.802665463,-371394.165,-113903.493,-75291.089,1.030108781947,1.052240353556,0.573381844836
55655.000,EarthOrbit,1523.770287532,-57780.617765439,-31119.935240998,-371320.352,-114105.485,-75396.824,1.029636920302,1.071697165223,0.583861607598
55895.000,EarthOrbit,1770.817517216,-57521.058735766,-30978.541838787,-371246.509,-114307.468,-75502.553,1.029074742150,1.091323354770,0.594432060785
56135.000,EarthOrbit,2017.718744647,-57256.768639651,-30834.600401003,-371172.353,-114509.354,-75608.218,1.028419821278,1.111123493073,0.605095651885
56375.000,EarthOrbit,2264.451409208,-56987.705165892,-30688.088272840,-371098.196,-114711.240,-75713.882,1.027669618682,1.131102301617,0.615854908825
56615.000,EarthOrbit,2510.992326787,-56713.824851372,-30538.982182769,-371023.838,-114913.063,-75819.505,1.026821476561,1.151264659435,0.626712443672
56855.000,EarthOrbit,2757.317660508,-56435.083042368,-30387.258221881,-370949.338,-115114.842,-75925.099,1.025872611921,1.171615610450,0.637670956548
57095.000,EarthOrbit,3003.402889877,-56151.433854058,-30232.891822256,-370874.808,-115316.612,-76030.686,1.024820109748,1.192160371223,0.648733239766
57335.000,EarthOrbit,3249.222778230,-55862.830128113,-30075.857734326,-370799.965,-115518.283,-76136.209,1.023660915717,1.212904339153,0.659902182195
57575.000,EarthOrbit,3494.751338373,-55569.223388269,-29916.130003144,-370725.122,-115719.955,-76241.731,1.022391828408,1.233853101144,0.671180773888
57815.000,EarthOrbit,3739.961796294,-55270.563793747,-29753.681943525,-370650.077,-115921.563,-76347.212,1.021009490980,1.255012442788,0.682572110975
58055.000,EarthOrbit,3984.826552804,-54966.800090421,-29588.486113965,-370574.891,-116123.127,-76452.663,1.019510382268,1.276388358088,0.694079400844
58295.000,EarthOrbit,4229.317142969,-54657.879559568,-29420.514289292,-370499.675,-116324.681,-76558.108,1.017890807247,1.297987059762,0.705705967638
58535.000,EarthOrbit,4473.404193170,-54343.747964079,-29249.737431950,-370424.146,-116526.136,-76663.487,1.016146886821,1.319814990178,0.717455258076
58775.000,EarthOrbit,4717.057375632,-54024.349491969,-29076.125661847,-370348.617,-116727.592,-76768.867,1.014274546864,1.341878832954,0.729330847639
58879.591,EarthOrbit,4822.184516000,-53884.688461000,-28997.683945000,-370315.694,-116815.383,-76814.789,1.013448082000,1.351570948000,0.734497796000
59119.591,EarthOrbit,5065.167128111,-53557.626604863,-28819.959631590,-370239.822,-117016.729,-76920.097,1.011384204393,1.373986114997,0.746560414413
59359.591,EarthOrbit,5307.637796372,-53225.154863797,-28639.324100258,-370163.951,-117218.076,-77025.405,1.009181097110,1.396654566608,0.758758610720
59599.591,EarthOrbit,5549.562529896,-52887.211542014,-28455.744327030,-370087.900,-117419.365,-77130.675,1.006833921019,1.419583914250,0.771096455090
59839.591,EarthOrbit,5790.906146206,-52543.733081036,-28269.186291914,-370011.687,-117620.603,-77235.911,1.004337582734,1.442782071513,0.783578178890
60079.591,EarthOrbit,6031.632208291,-52194.653985254,-28079.614939189,-369935.465,-117821.838,-77341.145,1.001686718384,1.466257270381,0.796208183323
60319.591,EarthOrbit,6271.702957615,-51839.906743454,-27886.994135551,-369858.909,-118022.966,-77446.308,0.998875676117,1.490018078534,0.808991048640
60559.591,EarthOrbit,6511.079242769,-51479.421746064,-27691.286625973,-369782.353,-118224.093,-77551.471,0.995898497218,1.514073417810,0.821931543966
60799.591,EarthOrbit,6749.720443402,-51113.127197812,-27492.453987129,-369705.618,-118425.163,-77656.597,0.992748895712,1.538432583912,0.835034637793
61039.591,EarthOrbit,6987.584389074,-50740.949025502,-27290.456578220,-369628.721,-118626.181,-77761.688,0.989420236319,1.563105267473,0.848305509186
61279.591,EarthOrbit,7224.627272592,-50362.810780558,-27085.253489011,-369551.815,-118827.196,-77866.777,0.985905510589,1.588101576587,0.861749559777
61519.591,EarthOrbit,7460.803557390,-49978.633535969,-26876.802484893,-369474.576,-119028.103,-77971.795,0.982197311045,1.613432060921,0.875372426588
61602.513,EarthOrbit,7542.194446550,-49844.478643735,-26804.018089191,-369447.889,-119097.518,-78008.080,0.980869715235,1.622263618471,0.880121867031
61842.513,EarthOrbit,7777.129627619,-49452.046761337,-26591.127902338,-369370.650,-119298.425,-78113.098,0.976888750361,1.648061211861,0.893994668119
62082.513,EarthOrbit,8011.084041852,-49053.380399272,-26374.885205937,-369293.114,-119499.236,-78218.052,0.972695207847,1.674219607711,0.908060510676
62322.513,EarthOrbit,8244.005605784,-48648.391508901,-26155.242892286,-369215.534,-119700.032,-78322.998,0.968280127331,1.700751031689,0.922325924926
62562.513,EarthOrbit,8475.840021466,-48236.989039898,-25932.152250451,-369137.827,-119900.787,-78427.916,0.963634008676,1.727668277819,0.936797743909
62802.513,EarthOrbit,8706.530642133,-47819.078799678,-25705.562891375,-369059.906,-120101.472,-78532.788,0.958746771538,1.754984743697,0.951483122202
63042.513,EarthOrbit,8936.018327745,-47394.563304036,-25475.422668317,-368981.984,-120302.156,-78637.660,0.953607711258,1.782714468403,0.966389556062
63282.513,EarthOrbit,9164.241289444,-46963.341618360,-25241.677592278,-368903.766,-120502.743,-78742.468,0.948205450659,1.810872173355,0.981524905142
63522.513,EarthOrbit,9391.134921926,-46525.309188643,-25004.271742013,-368825.504,-120703.316,-78847.266,0.942527887298,1.839473306378,0.996897415898
63762.513,EarthOrbit,9616.631622543,-46080.357661507,-24763.147168201,-368747.115,-120903.847,-78952.037,0.936562135688,1.868534089296,1.012515746869
64002.513,EarthOrbit,9840.660595883,-45628.374692356,-24518.243791313,-368668.512,-121104.307,-79056.762,0.930294463896,1.898071569369,1.028388995994
64242.513,EarthOrbit,10063.147642400,-45169.243740677,-24269.499292656,-368589.909,-121304.768,-79161.487,0.923710223887,1.928103674964,1.044526730165
64482.513,EarthOrbit,10284.014929498,-44702.843851433,-24016.848998030,-368511.010,-121505.130,-79266.147,0.916793774873,1.958649275855,1.060939017238
64722.513,EarthOrbit,10503.180743296,-44229.049421388,-23760.225753395,-368432.067,-121705.477,-79370.798,0.909528398847,1.989728248631,1.077636460741
64962.513,EarthOrbit,10720.559219099,-43747.729949064,-23499.559791846,-368352.998,-121905.783,-79475.422,0.901896207345,2.021361547710,1.094630237551
65202.513,EarthOrbit,10936.060048320,-43258.749766929,-23234.778591167,-368273.714,-122106.017,-79579.998,0.893878038366,2.053571282539,1.111932138841
65442.513,EarthOrbit,11149.588159374,-42761.967754250,-22965.806721127,-368194.431,-122306.251,-79684.575,0.885453342212,2.086380801625,1.129554614637
65682.513,EarthOrbit,11361.043369694,-42257.237028890,-22692.565679614,-368114.852,-122506.386,-79789.087,0.876600054848,2.119814784100,1.147510822358
65922.513,EarthOrbit,11570.320005700,-41744.404616140,-22414.973716600,-368035.228,-122706.507,-79893.589,0.867294457145,2.153899339643,1.165814679772
66162.513,EarthOrbit,11777.306487112,-41223.311092485,-22132.945644821,-367955.479,-122906.585,-79998.064,0.857511018159,2.188662117647,1.184480922825
66402.513,EarthOrbit,11981.884871517,-40693.790201959,-21846.392635935,-367875.516,-123106.591,-80102.491,0.847222220289,2.224132426647,1.203525168896
66642.513,EarthOrbit,12183.930354557,-40155.668442485,-21555.222000798,-367795.553,-123306.597,-80206.919,0.836398363819,2.260341365163,1.222963986065
66882.513,EarthOrbit,12383.310720449,-39608.764619327,-21259.336952314,-367715.295,-123506.504,-80311.282,0.825007347975,2.297321965235,1.242814969077
67122.513,EarthOrbit,12579.885736810,-39052.889362422,-20958.636349190,-367634.993,-123706.395,-80415.634,0.813014425136,2.335109350103,1.263096822756
67362.513,EarthOrbit,12773.506486888,-38487.844604003,-20653.014418677,-367554.565,-123906.244,-80519.959,0.800381924287,2.373740907696,1.283829453747
67602.513,EarthOrbit,12964.014631277,-37913.423012515,-20342.360456214,-367473.923,-124106.021,-80624.237,0.787068939143,2.413256481759,1.305034071542
67842.513,EarthOrbit,13151.241590019,-37329.407378328,-20026.558499587,-367393.282,-124305.797,-80728.515,0.773030975578,2.453698582767,1.326733299903
68082.513,EarthOrbit,13335.007634581,-36735.569946221,-19705.486974985,-367312.345,-124505.473,-80832.727,0.758219552050,2.495112620989,1.348951299940
68322.513,EarthOrbit,13515.120877566,-36131.671689008,-19379.018311974,-367231.365,-124705.134,-80936.929,0.742581745557,2.537547164446,1.371713906250
68562.513,EarthOrbit,13691.376146039,-35517.461515950,-19047.018524075,-367150.259,-124904.752,-81041.104,0.726059674293,2.581054224850,1.395048777743
68802.513,EarthOrbit,13863.553722079,-34892.675408854,-18709.346751199,-367068.940,-125104.297,-81145.231,0.708589906506,2.625689575053,1.418985564975
69042.513,EarthOrbit,14031.417931351,-34257.035477789,-18365.854759728,-366987.621,-125303.842,-81249.358,0.690102783011,2.671513102012,1.443556096095
69277.801,EarthOrbit,14191.668488000,-33623.038477000,-18023.433146000,-366907.611,-125499.370,-81351.376,0.670932410000,2.717654526000,1.468260331000
69517.801,EarthOrbit,14350.228409811,-32965.024002518,-17667.953641662,-366825.953,-125698.799,-81455.427,0.650196643652,2.766025553653,1.494189423049
69757.801,EarthOrbit,14503.661290213,-32295.234617062,-17306.162737039,-366744.177,-125898.186,-81559.451,0.628190706315,2.815791707390,1.520862193817
69997.801,EarthOrbit,14651.650089661,-31613.325939933,-16937.876879975,-366662.181,-126097.498,-81663.426,0.604811145859,2.867033618232,1.548321438447
70237.801,EarthOrbit,14793.851586929,-30918.933461987,-16562.901837286,-366580.186,-126296.810,-81767.401,0.579942981306,2.919838500086,1.576613426936
70477.801,EarthOrbit,14929.893420379,-30211.670884997,-16181.031818482,-366497.903,-126496.021,-81871.311,0.553458060927,2.974300835705,1.605788263511
70717.801,EarthOrbit,15059.370701776,-29491.128286544,-15792.048508142,-366415.569,-126695.216,-81975.210,0.525213133024,3.030523146479,1.635900289387
70957.801,EarthOrbit,15181.842126737,-28756.870089006,-15395.719995881,-366333.117,-126894.369,-82079.082,0.495047569304,3.088616856934,1.667008534389
71197.801,EarthOrbit,15296.825489791,-28008.432808530,-14991.799591456,-366250.446,-127093.445,-82182.904,0.462780666106,3.148703265938,1.699177223459
71437.801,EarthOrbit,15403.792491946,-27245.322556796,-14580.024511104,-366167.775,-127292.522,-82286.726,0.428208429874,3.210914637678,1.732476344479
71677.801,EarthOrbit,15502.162703370,-26467.012265212,-14160.114419546,-366084.817,-127491.498,-82390.483,0.391099728996,3.275395426251,1.766982284166
71917.801,EarthOrbit,15591.296511901,-25672.938597741,-13731.769810557,-366001.808,-127690.456,-82494.229,0.351191662550,3.342303648022,1.802778538718
72157.801,EarthOrbit,15670.486847503,-24862.498515279,-13294.670207381,-365918.681,-127889.373,-82597.948,0.308183955224,3.411812415166,1.839956505259
72397.801,EarthOrbit,15738.949420776,-24035.045451502,-12848.472163043,-365835.335,-128088.212,-82701.616,0.261732133189,3.484111641440,1.878616358526
72637.801,EarthOrbit,15795.811146487,-23189.885057992,-12392.807039856,-365751.990,-128287.052,-82805.285,0.211439163414,3.559409925979,1.918868013936
72893.850,EarthOrbit,15842.724962480,-22267.842522918,-11895.743625329,-365662.761,-128499.079,-82915.815,0.153102866004,3.643333916955,1.963655038694
73133.850,EarthOrbit,15872.400065412,-21383.645141637,-11419.232448242,-365579.079,-128697.799,-83019.407,0.093327353718,3.725583104241,2.007592293467
73373.850,EarthOrbit,15887.081624865,-20479.260500141,-10931.939288973,-365495.256,-128896.470,-83122.966,0.028042239023,3.811609875037,2.053530466561
73613.850,EarthOrbit,15885.360138919,-19553.745714498,-10433.364930224,-365411.236,-129095.071,-83226.480,-0.043500015363,3.901721229671,2.101630322876
73853.850,EarthOrbit,15865.630533677,-18606.080684428,-9922.969765963,-365327.217,-129293.671,-83329.994,-0.122186551507,3.996253950158,2.152067808404
74093.850,EarthOrbit,15826.054798746,-17635.160748220,-9400.170075469,-365242.889,-129492.162,-83433.437,-0.209077702924,4.095576110937,2.205034656107
74333.850,EarthOrbit,15764.515425079,-16639.789099874,-8864.334226276,-365158.533,-129690.643,-83536.873,-0.305450548806,4.200087420665,2.260738300036
74573.850,EarthOrbit,15678.556853155,-15618.669361226,-8314.779034989,-365074.037,-129889.074,-83640.277,-0.412855966382,4.310217369757,2.319400523144
74813.850,EarthOrbit,15565.311129038,-14570.399026421,-7750.766696210,-364989.345,-130087.434,-83743.635,-0.533194161368,4.426419440322,2.381253868165
75053.850,EarthOrbit,15421.402532786,-13493.465048987,-7171.502996708,-364904.653,-130285.795,-83846.994,-0.668815773509,4.549158402887,2.446534163394
75293.850,EarthOrbit,15242.823890942,-12386.243789286,-6576.138055586,-364819.653,-130484.044,-83950.281,-0.822658767094,4.678885579758,2.515466339544
75533.850,EarthOrbit,15024.774319085,-11247.009180440,-5963.771733961,-364734.626,-130682.284,-84053.561,-0.998435907492,4.815993162832,2.588238640300
75773.850,EarthOrbit,14761.443829928,-10073.955847857,-5333.467435892,-364649.458,-130880.472,-84156.809,-1.200894369271,4.960731847461,2.664956605529
76013.850,EarthOrbit,14445.723971828,-8865.249044440,-4684.280826281,-364564.094,-131078.591,-84260.011,-1.436178753877,5.113063518058,2.745561388217
76253.850,EarthOrbit,14068.814624310,-7619.122564115,-4015.315064466,-364478.731,-131276.709,-84363.213,-1.712342180660,5.272397275561,2.829684232066
76493.850,EarthOrbit,13619.684438853,-6334.062993071,-3325.823508996,-364393.060,-131474.715,-84466.344,-2.040066305754,5.437112368616,2.916384694134
76733.850,EarthOrbit,13084.326126115,-5009.151055227,-2615.398434418,-364307.361,-131672.712,-84569.467,-2.433663162146,5.603684933099,3.003673332154
76973.850,EarthOrbit,12444.731491070,-3644.692787331,-1884.317862928,-364221.522,-131870.657,-84672.558,-2.912411823076,5.765066553607,3.087628463615
77213.850,EarthOrbit,11677.511584021,-2243.392531107,-1134.187022212,-364135.488,-132068.531,-84775.603,-3.502137049070,5.907639096068,3.160742596196
77453.850,EarthOrbit,10752.163698923,-812.544967514,-369.132204262,-364049.454,-132266.405,-84878.647,-4.236371078325,6.005496696091,3.208827232152
77693.850,EarthOrbit,9629.324935130,631.885045414,401.985455474,-363963.113,-132464.167,-84981.620,-5.154606881390,6.010046796921,3.205404225485
77933.850,EarthOrbit,8260.469014019,2057.928308588,1161.605711727,-363876.745,-132661.918,-85084.586,-6.290039199966,5.833243040751,3.102712393695
78173.850,EarthOrbit,6593.490824738,3405.907010698,1877.175612778,-363790.236,-132859.619,-85187.518,-7.628720521283,5.330562971217,2.822733579994
78413.850,EarthOrbit,4593.839481838,4575.916767785,2494.504542090,-363703.533,-133057.247,-85290.405,-9.019712254657,4.322346857369,2.269254459154
78653.850,EarthOrbit,2288.904281959,5433.593538295,2941.153043733,-363616.829,-133254.875,-85393.291,-10.096676599586,2.738568495897,1.406721702053
78733.000,EarthOrbit,1480.884181279,5626.201377092,3039.391802022,-363588.153,-133320.021,-85427.203,-10.306199724057,2.123616678859,1.073169580685
78793.000,EarthOrbit,857.546990497,5739.958525965,3095.704658784,-363566.393,-133369.397,-85452.905,-10.463154658176,1.666870948195,0.803134246694
78853.000,EarthOrbit,226.339328248,5826.141468364,3135.720694302,-363544.634,-133418.773,-85478.607,-10.568502249328,1.205904878249,0.530737822850
78913.000,EarthOrbit,-409.657164210,5884.752353330,3159.440286199,-363522.874,-133468.149,-85504.308,-10.623117591728,0.749180080494,0.260683616045
78973.000,EarthOrbit,-1047.479928653,5916.285679158,3167.136902648,-363501.115,-133517.526,-85530.010,-10.630050827330,0.304546537478,-0.002683984350
79033.000,EarthOrbit,-1684.405749545,5921.674941049,3159.326382555,-363479.356,-133566.902,-85555.712,-10.594150630488,-0.121287405314,-0.255671361907
79125.396,EarthOrbit,-2657.037670238,5881.758397345,3118.971605267,-363445.847,-133642.938,-85595.291,-10.420705441971,-0.735706567790,-0.604135208385
79211.246,EarthOrbit,-3540.314327381,5796.079910033,3055.158933085,-363414.713,-133713.587,-85632.066,-10.148941524466,-1.249264309313,-0.876348172938
79297.095,EarthOrbit,-4398.538341196,5669.167613239,2969.556935818,-363383.547,-133784.223,-85668.833,-9.840123418587,-1.696373322049,-1.111847261242
79382.944,EarthOrbit,-5229.268569617,5506.652175320,2865.262232609,-363352.294,-133854.827,-85705.579,-9.510904635917,-2.079381946384,-1.312246913495
79468.793,EarthOrbit,-6031.337750566,5313.826922958,2745.162511359,-363321.040,-133925.431,-85742.325,-9.174274247444,-2.403514551106,-1.480644062895
79751.718,EarthOrbit,-8474.207137099,4518.443958807,2267.611223246,-363218.042,-134158.114,-85863.425,-8.109889076326,-3.138984513495,-1.856117972048
79991.718,EarthOrbit,-10324.258887215,3719.690160257,1799.556332031,-363130.506,-134355.434,-85966.113,-7.328252271529,-3.485547653320,-2.027604891894
80231.718,EarthOrbit,-12001.661546045,2857.308553332,1300.606433768,-363042.800,-134552.690,-86068.761,-6.669609143865,-3.681775121199,-2.120336246383
80471.718,EarthOrbit,-13534.280508857,1959.655180145,785.519991079,-362955.095,-134749.947,-86171.408,-6.118495965063,-3.787007801731,-2.166080072671
80711.718,EarthOrbit,-14945.577595920,1043.957566803,263.129371068,-362867.058,-134947.079,-86273.976,-5.655443469401,-3.836622471038,-2.183560607010
80951.718,EarthOrbit,-16254.538512615,120.812410359,-261.225436556,-362779.019,-135144.211,-86376.544,-5.263070334193,-3.851770304547,-2.183853586688
81191.718,EarthOrbit,-17476.371962959,-803.176231707,-784.284946098,-362690.816,-135341.280,-86479.072,-4.927307499944,-3.845311767153,-2.173621253992
81431.718,EarthOrbit,-18623.287202740,-1723.854980225,-1304.052698682,-362602.443,-135538.287,-86581.559,-4.637140294847,-3.825230609093,-2.156952841099
81671.718,EarthOrbit,-19705.158086512,-2638.606478543,-1819.314569418,-362514.071,-135735.293,-86684.046,-4.384020792277,-3.796585829291,-2.136407592142
81911.718,EarthOrbit,-20730.045489566,-3545.795223189,-2329.350005160,-362425.368,-135932.174,-86786.453,-4.161302803967,-3.762642609177,-2.113614373421
82151.718,EarthOrbit,-21704.596460428,-4444.424144476,-2833.754625780,-362336.662,-136129.054,-86888.859,-3.963783771699,-3.725541129084,-2.089623697200
82391.718,EarthOrbit,-22634.346709620,-5333.917110631,-3332.328888548,-362247.793,-136325.873,-86991.226,-3.787354836874,-3.686701147218,-2.065119163237
82631.718,EarthOrbit,-23523.950174320,-6213.978400342,-3825.006847199,-362158.755,-136522.627,-87093.551,-3.628739377307,-3.647072296895,-2.040547345094
82871.718,EarthOrbit,-24377.354295909,-7084.500267982,-4311.809784703,-362069.716,-136719.381,-87195.877,-3.485298789656,-3.607292266541,-2.016199281035
83111.718,EarthOrbit,-25197.934953748,-7945.501184176,-4792.815594620,-361980.348,-136916.010,-87298.122,-3.354887945443,-3.567788750601,-1.992262601846
83351.718,EarthOrbit,-25988.601296887,-8797.084015495,-5268.138320077,-361890.977,-137112.637,-87400.367,-3.235746985652,-3.528846347758,-1.968855464304
83591.718,EarthOrbit,-26751.877959991,-9639.407388594,-5737.914354224,-361801.443,-137309.202,-87502.571,-3.126419683659,-3.490651173624,-1.946048988097
83831.718,EarthOrbit,-27489.970146235,-10472.665907489,-6202.293074259,-361711.740,-137505.703,-87604.735,-3.025691314098,-3.453321045123,-1.923882296573
84071.718,EarthOrbit,-28204.815614646,-11297.076397650,-6661.430464617,-361622.037,-137702.203,-87706.898,-2.932540939206,-3.416926166694,-1.902372720626
84311.718,EarthOrbit,-28898.126567449,-12112.868302891,-7115.484778050,-361532.004,-137898.577,-87808.980,-2.846104433361,-3.381503467270,-1.881522791753
84551.718,EarthOrbit,-29571.423675250,-12920.276973609,-7564.613598886,-361441.969,-138094.950,-87911.062,-2.765645570333,-3.347066632978,-1.861325074515
84791.718,EarthOrbit,-30226.063932982,-13719.538987230,-8008.971878724,-361351.771,-138291.260,-88013.104,-2.690533240205,-3.313613189644,-1.841765529537
85031.718,EarthOrbit,-30863.263631672,-14510.888907339,-8448.710650153,-361261.404,-138487.505,-88115.104,-2.620223329226,-3.281129532798,-1.822825863170
85271.718,EarthOrbit,-31484.117432709,-15294.557067555,-8883.976214999,-361171.037,-138683.750,-88217.104,-2.554244206544,-3.249594520662,-1.804485174123
85511.718,EarthOrbit,-32089.614308923,-16070.768088686,-9314.909665168,-361080.342,-138879.868,-88319.022,-2.492185011842,-3.218982049679,-1.786721107413
85751.718,EarthOrbit,-32680.650948514,-16839.739922077,-9741.646636341,-360989.643,-139075.984,-88420.941,-2.433686137088,-3.189262904145,-1.769510660771
85991.718,EarthOrbit,-33258.043090471,-17601.683270866,-10164.317223935,-360898.782,-139272.038,-88522.818,-2.378431440006,-3.160406084293,-1.752830744471
86231.718,EarthOrbit,-33822.535162635,-18356.801282327,-10583.046011162,-360807.753,-139468.025,-88624.654,-2.326141834166,-3.132379757400,-1.736658565464
86471.718,TransLunarCoast,-34374.808518430,-19105.289433876,-10997.952173365,-360716.723,-139664.013,-88726.490,-2.276569980904,-3.105151935034,-1.720971885915
86711.718,TransLunarCoast,-34915.488509951,-19847.335556401,-11409.149633017,-360625.366,-139859.873,-88828.244,-2.229495868902,-3.078690950580,-1.705749191849
86951.718,TransLunarCoast,-35445.150589468,-20583.119953755,-11816.747247053,-360534.005,-140055.731,-88929.998,-2.184723113302,-3.052965790699,-1.690969797470
87191.718,TransLunarCoast,-35964.325595491,-21312.815588307,-12220.849013401,-360442.482,-140251.526,-89031.711,-2.142075841551,-3.027946319806,-1.676613903571
87431.718,TransLunarCoast,-36473.504351046,-22036.588310462,-12621.554287414,-360350.791,-140447.255,-89133.382,-2.101396060348,-3.003603426161,-1.662662623336
87671.718,TransLunarCoast,-36973.141679122,-22754.597116013,-13018.958001561,-360259.100,-140642.983,-89235.053,-2.062541419205,-2.979909110643,-1.649097985199
87911.718,TransLunarCoast,-37463.659922033,-23466.994419515,-13413.150883783,-360167.081,-140838.583,-89336.641,-2.025383302636,-2.956836533728,-1.635902919778
88151.718,TransLunarCoast,-37945.452036719,-24173.926335105,-13804.219671324,-360075.060,-141034.182,-89438.229,-1.989805195960,-2.934360032199,-1.623061235982
88391.718,TransLunarCoast,-38418.884326114,-24875.532958576,-14192.247317914,-359982.876,-141229.716,-89539.777,-1.955701279971,-2.912455114140,-1.610557590003
88631.718,TransLunarCoast,-38884.298856977,-25571.948646301,-14577.313192932,-359890.524,-141425.184,-89641.282,-1.922975217900,-2.891098438555,-1.598377449906
88871.718,TransLunarCoast,-39342.015606596,-26263.302287908,-14959.493271742,-359798.173,-141620.652,-89742.787,-1.891539104598,-2.870267784363,-1.586507057728
89111.718,TransLunarCoast,-39792.334374240,-26949.717570591,-15338.860316783,-359705.494,-141815.991,-89844.209,-1.861312553159,-2.849942012261,-1.574933390518
89351.718,TransLunarCoast,-40235.536487806,-27631.313233696,-15715.484049276,-359612.813,-142011.328,-89945.631,-1.832221898392,-2.830101022082,-1.563644121286
89591.718,TransLunarCoast,-40671.886331569,-28308.203312716,-16089.431311628,-359519.969,-142206.600,-90047.011,-1.804199500049,-2.810725707556,-1.552627580566
89831.718,TransLunarCoast,-41101.632717230,-28980.497372270,-16460.766220728,-359426.958,-142401.806,-90148.349,-1.777183131477,-2.791797909894,-1.541872719064
90071.718,TransLunarCoast,-41525.010117263,-29648.300727905,-16829.550312445,-359333.947,-142597.011,-90249.688,-1.751115441699,-2.773300371230,-1.531369071708
90311.718,TransLunarCoast,-41942.239776954,-30311.714656786,-17195.842677683,-359240.609,-142792.086,-90350.943,-1.725943480797,-2.755216688645,-1.521106723281
90551.718,TransLunarCoast,-42353.530719247,-30970.836597471,-17559.700090397,-359147.269,-142987.160,-90452.197,-1.701618280050,-2.737531269309,-1.511076275772
90791.718,TransLunarCoast,-42759.080654670,-31625.760339090,-17921.177127971,-359053.767,-143182.169,-90553.410,-1.678094479569,-2.720229287079,-1.501268817456
91031.718,TransLunarCoast,-43159.076806950,-32276.576200319,-18280.326284399,-358960.098,-143377.110,-90654.581,-1.655329997259,-2.703296640807,-1.491675893741
91271.718,TransLunarCoast,-43553.696663621,-32923.371198549,-18637.198076665,-358866.428,-143572.051,-90755.751,-1.633285733825,-2.686719914487,-1.482289479717
91511.718,TransLunarCoast,-43943.108659685,-33566.229209735,-18991.841144747,-358772.433,-143766.861,-90856.838,-1.611925309317,-2.670486339309,-1.473101954391
91751.718,TransLunarCoast,-44327.472801442,-34205.231119362,-19344.302345617,-358678.435,-143961.670,-90957.925,-1.591214827324,-2.654583757667,-1.464106076513
91991.718,TransLunarCoast,-44706.941236707,-34840.454965006,-19694.626841641,-358584.275,-144156.413,-91058.970,-1.571122663481,-2.639000589076,-1.455294961929
92231.718,TransLunarCoast,-45081.658776884,-35471.976070947,-20042.858183705,-358489.948,-144351.089,-91159.972,-1.551619275399,-2.623725797990,-1.446662062398
92471.718,TransLunarCoast,-45451.763375755,-36099.867175269,-20389.038389430,-358395.622,-144545.764,-91260.973,-1.532677031521,-2.608748863442,-1.438201145760
92711.718,TransLunarCoast,-45817.386569233,-36724.198549899,-20733.208016785,-358300.970,-144740.307,-91361.891,-1.514270056722,-2.594059750447,-1.429906277401
92951.718,TransLunarCoast,-46178.653879879,-37345.038113978,-21075.406233390,-358206.315,-144934.849,-91462.809,-1.496374092771,-2.579648883088,-1.421771802925
93191.718,TransLunarCoast,-46535.685189551,-37962.451540967,-21415.670881806,-358111.499,-145129.325,-91563.684,-1.478966372001,-2.565507119203,-1.413792331953
93431.718,TransLunarCoast,-46888.595083171,-38576.502359865,-21754.038541062,-358016.516,-145323.733,-91664.517,-1.462025502748,-2.551625726595,-1.405962722980
93671.718,TransLunarCoast,-47237.493166277,-39187.252050890,-22090.544584663,-357921.533,-145518.141,-91765.349,-1.445531365286,-2.537996360674,-1.398278069219
93911.718,TransLunarCoast,-47582.484358748,-39794.760135959,-22425.223235322,-357826.225,-145712.416,-91866.097,-1.429465017151,-2.524611043448,-1.390733685360
94151.718,TransLunarCoast,-47923.669166841,-40399.084264276,-22758.107616605,-357730.915,-145906.689,-91966.845,-1.413808606873,-2.511462143800,-1.383325095194
94391.718,TransLunarCoast,-48261.143935435,-41000.280293338,-23089.229801717,-357635.443,-146100.896,-92067.550,-1.398545295262,-2.498542358948,-1.376048020024
94631.718,TransLunarCoast,-48595.001082221,-41598.402365621,-23418.620859584,-357539.805,-146295.035,-92168.212,-1.383659183464,-2.485844697034,-1.368898367823
94921.933,TransLunarCoast,-48994.005197617,-42317.637936170,-23814.660763787,-357424.092,-146529.765,-92289.919,-1.366140894214,-2.470777462005,-1.360417420575
95161.933,TransLunarCoast,-49320.179658969,-42909.152800782,-24140.332786406,-357328.127,-146723.769,-92390.495,-1.352036001715,-2.458547176774,-1.353535632570
95401.933,TransLunarCoast,-49643.009019841,-43497.756708274,-24464.367101952,-357232.162,-146917.772,-92491.072,-1.338262899967,-2.446518490483,-1.346769281143
95641.933,TransLunarCoast,-49962.571384376,-44083.497335397,-24786.791003081,-357135.968,-147111.680,-92591.588,-1.324808987711,-2.434685551836,-1.340114955971
95881.933,TransLunarCoast,-50278.941911528,-44666.420983130,-25107.630980965,-357039.676,-147305.547,-92692.079,-1.311662315588,-2.423042745336,-1.333569387069
96121.933,TransLunarCoast,-50592.192966364,-45246.572631837,-25426.912758086,-356943.318,-147499.387,-92792.553,-1.298811543788,-2.411584679416,-1.327129437528
96361.933,TransLunarCoast,-50902.394261603,-45823.995993652,-25744.661319356,-356846.700,-147693.119,-92892.958,-1.286245902996,-2.400306175265,-1.320792096703
96601.933,TransLunarCoast,-51209.612990156,-46398.733562267,-26060.900941635,-356750.081,-147886.850,-92993.363,-1.273955158328,-2.389202256306,-1.314554473811
96841.933,TransLunarCoast,-51513.913949334,-46970.826660266,-26375.655221776,-356653.234,-148080.485,-93093.707,-1.261929575999,-2.378268138284,-1.308413791910
97081.933,TransLunarCoast,-51815.359657363,-47540.315484152,-26688.947103256,-356556.290,-148274.080,-93194.026,-1.250159892480,-2.367499219929,-1.302367382243
97321.933,TransLunarCoast,-52114.010462776,-48107.239147196,-27000.798901498,-356459.280,-148467.647,-93294.327,-1.238637285934,-2.356891074144,-1.296412678909
97561.933,TransLunarCoast,-52409.924647197,-48671.635720228,-27311.232327947,-356362.009,-148661.105,-93394.560,-1.227353349720,-2.346439439708,-1.290547213850
97801.933,TransLunarCoast,-52703.158522006,-49233.542270506,-27620.268512977,-356264.738,-148854.562,-93494.792,-1.216300067811,-2.336140213428,-1.284768612129
98041.933,TransLunarCoast,-52993.766519307,-49792.994898739,-27927.928027709,-356167.239,-149047.924,-93594.964,-1.205469791957,-2.325989442747,-1.279074587476
98281.933,TransLunarCoast,-53281.801277621,-50350.028774395,-28234.230904772,-356069.643,-149241.244,-93695.109,-1.194855220441,-2.315983318755,-1.273462938090
98521.933,TransLunarCoast,-53567.313722648,-50904.678169378,-28539.196658105,-355971.981,-149434.536,-93795.238,-1.184449378314,-2.306118169580,-1.267931542681
98761.933,TransLunarCoast,-53850.353143459,-51456.976490160,-28842.844301820,-355874.059,-149627.718,-93895.297,-1.174245598978,-2.296390454152,-1.262478356730
99001.933,TransLunarCoast,-54130.967264415,-52006.956308458,-29145.192368203,-355776.137,-149820.900,-93995.355,-1.164237507018,-2.286796756294,-1.257101408957
99241.933,TransLunarCoast,-54409.202313104,-52554.649390533,-29446.258924886,-355677.987,-150013.986,-94095.353,-1.154419002178,-2.277333779140,-1.251798797989
99481.933,TransLunarCoast,-54685.103084568,-53100.086725183,-29746.061591242,-355579.740,-150207.030,-94195.325,-1.144784244394,-2.267998339841,-1.246568689198
99721.933,TransLunarCoast,-54958.713002048,-53643.298550501,-30044.617554044,-355481.428,-150400.046,-94295.280,-1.135327639811,-2.258787364565,-1.241409311727
99961.933,TransLunarCoast,-55230.074174486,-54184.314379465,-30341.943582428,-355382.856,-150592.951,-94395.164,-1.126043827694,-2.249697883743,-1.236318955658
100201.933,TransLunarCoast,-55499.227450991,-54723.163024416,-30638.056042192,-355284.284,-150785.856,-94495.049,-1.116927668179,-2.240727027577,-1.231295969346
100441.933,TransLunarCoast,-55766.212472454,-55259.872620487,-30932.970909479,-355185.485,-150978.663,-94594.872,-1.107974230799,-2.231872021771,-1.226338756880
100681.933,TransLunarCoast,-56031.067720496,-55794.470648034,-31226.703783860,-355086.588,-151171.429,-94694.669,-1.099178783722,-2.223130183486,-1.221445775689
100921.933,TransLunarCoast,-56293.830563923,-56326.983954120,-31519.269900861,-354987.627,-151364.167,-94794.449,-1.090536783652,-2.214498917499,-1.216615534262
101161.933,TransLunarCoast,-56554.537302817,-56857.438773102,-31810.684143954,-354888.406,-151556.794,-94894.158,-1.082043866355,-2.205975712554,-1.211846589993
101401.933,TransLunarCoast,-56813.223210438,-57385.860746363,-32100.961056050,-354789.185,-151749.420,-94993.868,-1.073695837750,-2.197558137895,-1.207137547128
101641.933,TransLunarCoast,-57069.922573038,-57912.274941233,-32390.114850506,-354689.737,-151941.948,-95093.515,-1.065488665535,-2.189243839978,-1.202487054826
101881.933,TransLunarCoast,-57324.668727743,-58436.705869145,-32678.159421679,-354590.192,-152134.435,-95193.137,-1.057418471309,-2.181030539337,-1.197893805304
102121.933,TransLunarCoast,-57577.494098581,-58959.177503046,-32965.108355050,-354490.582,-152326.893,-95292.741,-1.049481523155,-2.172916027604,-1.193356532086
102361.933,TransLunarCoast,-57828.430230795,-59479.713294124,-33250.974936936,-354390.713,-152519.238,-95392.274,-1.041674228652,-2.164898164677,-1.188874008333
102601.933,TransLunarCoast,-58077.507823527,-59998.336187865,-33535.772163806,-354290.845,-152711.584,-95491.808,-1.033993128290,-2.156974876024,-1.184445045251
102841.933,TransLunarCoast,-58324.756760959,-60515.068639474,-33819.512751236,-354190.749,-152903.831,-95591.279,-1.026434889257,-2.149144150109,-1.180068490585
103081.933,TransLunarCoast,-58570.206142011,-61029.932628702,-34102.209142498,-354090.557,-153096.036,-95690.724,-1.018996299575,-2.141404035947,-1.175743227177
103321.933,TransLunarCoast,-58813.884308675,-61542.949674098,-34383.873516821,-353990.300,-153288.213,-95790.151,-1.011674262566,-2.133752640770,-1.171468171598
103561.933,TransLunarCoast,-59055.818873048,-62054.140846705,-34664.517797327,-353889.785,-153480.277,-95889.508,-1.004465791621,-2.126188127806,-1.167242272841
103801.933,TransLunarCoast,-59296.036743151,-62563.526783251,-34944.153658664,-353789.269,-153672.340,-95988.864,-0.997368005251,-2.118708714149,-1.163064511076
104041.933,TransLunarCoast,-59534.564147595,-63071.127698824,-35222.792534339,-353688.528,-153864.305,-96088.158,-0.990378122413,-2.111312668744,-1.158933896466
104281.933,TransLunarCoast,-59771.426659145,-63576.963399088,-35500.445623788,-353587.690,-154056.227,-96187.426,-0.983493458080,-2.103998310447,-1.154849468036
104521.933,TransLunarCoast,-60006.649217263,-64081.053292038,-35777.123899163,-353486.787,-154248.120,-96286.676,-0.976711419050,-2.096764006183,-1.150810292587
104761.933,TransLunarCoast,-60240.256149662,-64583.416399318,-36052.838111883,-353385.626,-154439.900,-96385.855,-0.970029499976,-2.089608169183,-1.146815463671
105001.933,TransLunarCoast,-60472.271192932,-65084.071367140,-36327.598798927,-353284.465,-154631.680,-96485.033,-0.963445279594,-2.082529257298,-1.142864100606
105241.933,TransLunarCoast,-60702.717512297,-65583.036476789,-36601.416288910,-353183.078,-154823.360,-96584.149,-0.956956417164,-2.075525771388,-1.138955347532
105481.933,TransLunarCoast,-60931.617720521,-66080.329654764,-36874.300707926,-353081.595,-155014.997,-96683.239,-0.950560649068,-2.068596253785,-1.135088372513
105721.933,TransLunarCoast,-61158.993896032,-66575.968482554,-37146.261985192,-352980.047,-155206.605,-96782.310,-0.944255785608,-2.061739286818,-1.131262366681
105961.933,TransLunarCoast,-61384.867600295,-67069.970206062,-37417.309858480,-352878.242,-155398.099,-96881.310,-0.938039707940,-2.054953491401,-1.127476543408
106201.933,TransLunarCoast,-61609.259894462,-67562.351744707,-37687.453879363,-352776.437,-155589.594,-96980.310,-0.931910365179,-2.048237525688,-1.123730137524
106441.933,TransLunarCoast,-61832.191355351,-68053.129700203,-37956.703418272,-352674.406,-155780.987,-97079.248,-0.925865771633,-2.041590083776,-1.120022404563
106681.933,TransLunarCoast,-62053.682090774,-68542.320365039,-38225.067669378,-352572.279,-155972.338,-97178.158,-0.919904004189,-2.035009894472,-1.116352620044
106921.933,TransLunarCoast,-62273.751754253,-69029.939730658,-38492.555655304,-352470.087,-156163.660,-97277.050,-0.914023199803,-2.028495720102,-1.112720078776
107161.933,TransLunarCoast,-62492.419559149,-69516.003495376,-38759.176231678,-352367.639,-156354.867,-97375.871,-0.908221553137,-2.022046355379,-1.109124094202
107401.933,TransLunarCoast,-62709.704292241,-70000.527072012,-39024.938091525,-352265.190,-156546.074,-97474.691,-0.902497314285,-2.015660626307,-1.105563997764
107641.933,TransLunarCoast,-62925.624326764,-70483.525595278,-39289.849769517,-352162.517,-156737.180,-97573.449,-0.896848786621,-2.009337389142,-1.102039138293
107881.933,TransLunarCoast,-63140.197634951,-70965.013928917,-39553.919646071,-352059.747,-156928.243,-97672.179,-0.891274324745,-2.003075529383,-1.098548881429
108121.933,TransLunarCoast,-63353.441800088,-71445.006672604,-39817.155951321,-351956.913,-157119.276,-97770.891,-0.885772332522,-1.996873960814,-1.095092609064
108361.933,TransLunarCoast,-63565.374028113,-71923.518168623,-40079.566768949,-351853.823,-157310.194,-97869.532,-0.880341261214,-1.990731624576,-1.091669718799
108601.933,TransLunarCoast,-63776.011158776,-72400.562508328,-40341.160039898,-351750.732,-157501.112,-97968.172,-0.874979607693,-1.984647488284,-1.088279623438
108841.933,TransLunarCoast,-63985.369676379,-72876.153538388,-40601.943565954,-351647.417,-157691.929,-98066.748,-0.869685912743,-1.978620545170,-1.084921750487
109081.933,TransLunarCoast,-64193.465720116,-73350.304866842,-40861.925013227,-351544.006,-157882.702,-98165.298,-0.864458759433,-1.972649813265,-1.081595541684
109321.933,TransLunarCoast,-64400.315094037,-73823.029868954,-41121.111915500,-351440.530,-158073.445,-98263.829,-0.859296771562,-1.966734334616,-1.078300452539
109561.933,TransLunarCoast,-64605.933276643,-74294.341692882,-41379.511677491,-351336.799,-158264.073,-98362.288,-0.854198612174,-1.960873174522,-1.075035951900
109801.933,TransLunarCoast,-64810.335430132,-74764.253265177,-41637.131578000,-351233.067,-158454.700,-98460.747,-0.849162982143,-1.955065420814,-1.071801521527
110041.933,TransLunarCoast,-65013.536409314,-75232.777296100,-41893.978772955,-351129.112,-158645.225,-98559.142,-0.844188618814,-1.949310183147,-1.068596655694
110281.933,TransLunarCoast,-65215.550770209,-75699.926284781,-42150.060298376,-351025.060,-158835.707,-98657.510,-0.839274294700,-1.943606592334,-1.065420860791
110521.933,TransLunarCoast,-65416.392778336,-76165.712524221,-42405.383073230,-350920.945,-159026.159,-98755.860,-0.834418816247,-1.937953799693,-1.062273654956
110761.933,TransLunarCoast,-65616.076416711,-76630.148106132,-42659.953902212,-350816.573,-159216.494,-98854.137,-0.829621022641,-1.932350976424,-1.059154567712
111001.933,TransLunarCoast,-65814.615393572,-77093.244925643,-42913.779478435,-350712.202,-159406.829,-98952.414,-0.824879784666,-1.926797313008,-1.056063139618
111241.933,TransLunarCoast,-66012.023149826,-77555.014685851,-43166.866386035,-350607.607,-159597.061,-99050.627,-0.820194003617,-1.921292018630,-1.052998921939
111481.933,TransLunarCoast,-66208.312866248,-78015.468902247,-43419.221102704,-350502.917,-159787.249,-99148.812,-0.815562610254,-1.915834320617,-1.049961476320
111721.933,TransLunarCoast,-66403.497470427,-78474.618907006,-43670.850002144,-350398.162,-159977.408,-99246.979,-0.810984563794,-1.910423463907,-1.046950374479
111961.933,TransLunarCoast,-66597.589643488,-78932.475853145,-43921.759356450,-350293.152,-160167.449,-99345.073,-0.806458850959,-1.905058710526,-1.043965197905
112201.933,TransLunarCoast,-66790.601826572,-79389.050718571,-44171.955338414,-350188.142,-160357.491,-99443.167,-0.801984485043,-1.899739339089,-1.041005537574
112441.933,TransLunarCoast,-66982.546227115,-79844.354309999,-44421.444023775,-350082.909,-160547.428,-99541.196,-0.797560505037,-1.894464644321,-1.038070993668
112681.933,TransLunarCoast,-67173.434824905,-80298.397266767,-44670.231393395,-349977.581,-160737.322,-99639.198,-0.793185974773,-1.889233936591,-1.035161175310
112921.933,TransLunarCoast,-67363.279377952,-80751.190064532,-44918.323335370,-349872.188,-160927.186,-99737.182,-0.788859982113,-1.884046541463,-1.032275700301
113161.933,TransLunarCoast,-67552.091428156,-81202.743018866,-45165.725647085,-349766.541,-161116.931,-99835.092,-0.784581638163,-1.878901799266,-1.029414194879
113401.933,TransLunarCoast,-67739.882306798,-81653.066288750,-45412.444037212,-349660.894,-161306.677,-99933.002,-0.780350076525,-1.873799064672,-1.026576293471
113641.933,TransLunarCoast,-67926.663139847,-82102.169879969,-45658.484127643,-349555.024,-161496.318,-100030.848,-0.776164452568,-1.868737706298,-1.023761638464
113881.933,TransLunarCoast,-68112.444853106,-82550.063648409,-45903.851455376,-349449.058,-161685.915,-100128.666,-0.772023942739,-1.863717106313,-1.020969879982
114121.933,TransLunarCoast,-68297.238177187,-82996.757303264,-46148.551474348,-349343.029,-161875.482,-100226.465,-0.767927743894,-1.858736660064,-1.018200675668
114361.933,TransLunarCoast,-68481.053652332,-83442.260410158,-46392.589557208,-349236.746,-162064.930,-100324.190,-0.763875072652,-1.853795775712,-1.015453690474
114601.933,TransLunarCoast,-68663.901633081,-83886.582394176,-46635.970997052,-349130.462,-162254.379,-100421.916,-0.759865164784,-1.848893873881,-1.012728596465
114841.933,TransLunarCoast,-68845.792292796,-84329.732542811,-46878.701009106,-349023.956,-162443.722,-100519.576,-0.755897274611,-1.844030387319,-1.010025072616
115081.933,TransLunarCoast,-69026.735628047,-84771.720008843,-47120.784732359,-348917.355,-162633.021,-100617.209,-0.751970674436,-1.839204760568,-1.007342804628
115321.933,TransLunarCoast,-69206.741462859,-85212.553813121,-47362.227231159,-348810.691,-162822.290,-100714.823,-0.748084653995,-1.834416449650,-1.004681484748
115561.933,TransLunarCoast,-69385.819452831,-85652.242847288,-47603.033496759,-348703.772,-163011.439,-100812.363,-0.744238519921,-1.829664921758,-1.002040811586
115801.933,TransLunarCoast,-69563.979089130,-86090.795876424,-47843.208448826,-348596.854,-163200.589,-100909.903,-0.740431595239,-1.824949654960,-0.999420489951
116041.933,TransLunarCoast,-69741.229702369,-86528.221541622,-48082.756936909,-348489.713,-163389.633,-101007.378,-0.736663218867,-1.820270137912,-0.996820230683
116281.933,TransLunarCoast,-69917.580466359,-86964.528362493,-48321.683741865,-348382.478,-163578.632,-101104.825,-0.732932745151,-1.815625869580,-0.994239750495
116521.933,TransLunarCoast,-70093.040401760,-87399.724739612,-48559.993577252,-348275.179,-163767.601,-101202.253,-0.729239543397,-1.811016358969,-0.991678771816
116761.933,TransLunarCoast,-70267.618379616,-87833.818956893,-48797.691090683,-348167.626,-163956.449,-101299.607,-0.725582997438,-1.806441124868,-0.989137022647
117001.933,TransLunarCoast,-70441.323124792,-88266.819183909,-49034.780865144,-348060.074,-164145.298,-101396.960,-0.721962505208,-1.801899695590,-0.986614236410
117241.933,TransLunarCoast,-70614.163219308,-88698.733478146,-49271.267420278,-347952.300,-164334.041,-101494.248,-0.718377478327,-1.797391608737,-0.984110151813
117481.933,TransLunarCoast,-70786.147105575,-89129.569787205,-49507.155213640,-347844.431,-164522.738,-101591.508,-0.714827341710,-1.792916410954,-0.981624512712
117721.933,TransLunarCoast,-70957.283089542,-89559.335950944,-49742.448641916,-347736.499,-164711.406,-101688.750,-0.711311533184,-1.788473657708,-0.979157067979
117961.933,TransLunarCoast,-71127.579343748,-89988.039703570,-49977.152042108,-347628.314,-164899.952,-101785.916,-0.707829503119,-1.784062913060,-0.976707571378
118201.933,TransLunarCoast,-71297.043910289,-90415.688675674,-50211.269692698,-347520.129,-165088.498,-101883.083,-0.704380714073,-1.779683749454,-0.974275781439
118441.933,TransLunarCoast,-71465.684703706,-90842.290396219,-50444.805814774,-347411.723,-165276.938,-101980.183,-0.700964640447,-1.775335747505,-0.971861461338
118681.933,TransLunarCoast,-71633.509513780,-91267.852294476,-50677.764573132,-347303.222,-165465.333,-102077.256,-0.697580768154,-1.771018495800,-0.969464378784
118921.933,TransLunarCoast,-71800.526008265,-91692.381701911,-50910.150077352,-347194.658,-165653.697,-102174.310,-0.694228594298,-1.766731590697,-0.967084305904
119161.933,TransLunarCoast,-71966.741735529,-92115.885854034,-51141.966382844,-347085.842,-165841.939,-102271.288,-0.690907626866,-1.762474636141,-0.964721019137
119401.933,TransLunarCoast,-72132.164127133,-92538.371892191,-51373.217491867,-346977.026,-166030.182,-102368.266,-0.687617384426,-1.758247243475,-0.962374299124
119641.933,TransLunarCoast,-72296.800500335,-92959.846865320,-51603.907354533,-346867.988,-166218.317,-102465.179,-0.684357395838,-1.754049031262,-0.960043930611
119881.933,TransLunarCoast,-72460.658060527,-93380.317731663,-51834.039869770,-346758.857,-166406.407,-102562.063,-0.681127199975,-1.749879625110,-0.957729702346
120121.933,TransLunarCoast,-72623.743903605,-93799.791360438,-52063.618886281,-346649.662,-166594.466,-102658.928,-0.677926345452,-1.745738657507,-0.955431406981
120361.933,TransLunarCoast,-72786.065018275,-94218.274533469,-52292.648203460,-346540.215,-166782.403,-102755.718,-0.674754390365,-1.741625767654,-0.953148840983
120601.933,TransLunarCoast,-72947.628288297,-94635.773946776,-52521.131572307,-346430.769,-166970.340,-102852.507,-0.671610902036,-1.737540601308,-0.950881804543
120841.933,TransLunarCoast,-73108.440494674,-95052.296212133,-52749.072696302,-346321.102,-167158.169,-102949.230,-0.668495456769,-1.733482810624,-0.948630101481
121081.933,TransLunarCoast,-73268.508317772,-95467.847858585,-52976.475232269,-346211.340,-167345.953,-103045.925,-0.665407639612,-1.729452054010,-0.946393539170
121321.933,TransLunarCoast,-73427.838339399,-95882.435333929,-53203.342791221,-346101.516,-167533.705,-103142.601,-0.662347044129,-1.725447995980,-0.944171928444
121561.933,TransLunarCoast,-73586.437044815,-96296.065006164,-53429.678939178,-345991.440,-167721.335,-103239.201,-0.659313272175,-1.721470307009,-0.941965083523
121801.933,TransLunarCoast,-73744.310824699,-96708.743164907,-53655.487197970,-345881.365,-167908.964,-103335.801,-0.656305933685,-1.717518663401,-0.939772821934
122041.933,TransLunarCoast,-73901.465977064,-97120.476022770,-53880.771046025,-345771.069,-168096.486,-103432.334,-0.653324646460,-1.713592747151,-0.937594964430
122281.933,TransLunarCoast,-74057.908709119,-97531.269716718,-54105.533919128,-345660.679,-168283.961,-103528.839,-0.650369035969,-1.709692245818,-0.935431334923
122521.933,TransLunarCoast,-74213.645139084,-97941.130309382,-54329.779211179,-345550.227,-168471.406,-103625.324,-0.647438735152,-1.705816852397,-0.933281760407
122761.933,TransLunarCoast,-74368.681297964,-98350.063790352,-54553.510274916,-345439.523,-168658.726,-103721.733,-0.644533384229,-1.701966265198,-0.931146070889
123001.933,TransLunarCoast,-74523.023131273,-98758.076077441,-54776.730422634,-345328.820,-168846.047,-103818.143,-0.641652630520,-1.698140187725,-0.929024099320
123241.933,TransLunarCoast,-74676.676500712,-99165.173017912,-54999.442926885,-345217.897,-169033.259,-103914.485,-0.638796128262,-1.694338328562,-0.926915681534
123481.933,TransLunarCoast,-74829.647185816,-99571.360389687,-55221.651021157,-345106.880,-169220.425,-104010.799,-0.635963538440,-1.690560401257,-0.924820656176
123721.933,TransLunarCoast,-74981.940885546,-99976.643902524,-55443.357900548,-344995.800,-169407.560,-104107.094,-0.633154528617,-1.686806124216,-0.922738864646
123961.933,TransLunarCoast,-75133.563219853,-100381.029199171,-55664.566722414,-344884.470,-169594.570,-104203.312,-0.630368772771,-1.683075220594,-0.920670151032
124201.933,TransLunarCoast,-75284.519731197,-100784.521856494,-55885.280607008,-344773.140,-169781.580,-104299.530,-0.627605951142,-1.679367418191,-0.918614362059
124441.933,TransLunarCoast,-75434.815886030,-101187.127386577,-56105.502638110,-344661.591,-169968.481,-104395.680,-0.624865750073,-1.675682449352,-0.916571347021
124681.933,TransLunarCoast,-75584.457076246,-101588.851237800,-56325.235863632,-344549.948,-170155.336,-104491.802,-0.622147861865,-1.672020050868,-0.914540957734
124921.933,TransLunarCoast,-75733.448620589,-101989.698795901,-56544.483296218,-344438.242,-170342.159,-104587.905,-0.619451984633,-1.668379963878,-0.912523048477
125161.933,TransLunarCoast,-75881.795766036,-102389.675385002,-56763.247913832,-344326.287,-170528.857,-104683.931,-0.616777822163,-1.664761933782,-0.910517475939
125401.933,TransLunarCoast,-76029.503689140,-102788.786268622,-56981.532660324,-344214.331,-170715.555,-104779.957,-0.614125083782,-1.661165710142,-0.908524099168
125641.933,TransLunarCoast,-76176.577497342,-103187.036650668,-57199.340445996,-344102.157,-170902.143,-104875.915,-0.611493484220,-1.657591046600,-0.906542779522
125881.933,TransLunarCoast,-76323.022230257,-103584.431676398,-57416.674148148,-343989.889,-171088.685,-104971.844,-0.608882743485,-1.654037700787,-0.904573380617
126121.933,TransLunarCoast,-76468.842860921,-103980.976433377,-57633.536611612,-343877.559,-171275.195,-105067.754,-0.606292586740,-1.650505434245,-0.902615768280
126361.933,TransLunarCoast,-76614.044297014,-104376.675952397,-57849.930649281,-343764.979,-171461.579,-105163.587,-0.603722744178,-1.646994012339,-0.900669810504
126601.933,TransLunarCoast,-76758.631382057,-104771.535208390,-58065.859042622,-343652.400,-171647.964,-105259.420,-0.601172950910,-1.643503204180,-0.898735377403
126841.933,TransLunarCoast,-76902.608896575,-105165.559121316,-58281.324542179,-343539.602,-171834.238,-105355.185,-0.598642946846,-1.640032782549,-0.896812341166
127081.933,TransLunarCoast,-77045.981559235,-105558.752557036,-58496.329868063,-343426.710,-172020.465,-105450.921,-0.596132476587,-1.636582523818,-0.894900576012
127321.933,TransLunarCoast,-77188.754027964,-105951.120328163,-58710.877710443,-343313.757,-172206.660,-105546.637,-0.593641289316,-1.633152207878,-0.892999958154
127561.933,TransLunarCoast,-77330.930901027,-106342.667194899,-58924.970730009,-343200.554,-172392.729,-105642.276,-0.591169138694,-1.629741618070,-0.891110365754
127801.933,TransLunarCoast,-77472.516718100,-106733.397865855,-59138.611558442,-343087.352,-172578.798,-105737.915,-0.588715782759,-1.626350541108,-0.889231678883
128041.933,TransLunarCoast,-77613.515961300,-107123.316998852,-59351.802798865,-342973.931,-172764.756,-105833.486,-0.586280983824,-1.622978767017,-0.887363779482
128281.933,TransLunarCoast,-77753.933056204,-107512.429201706,-59564.547026288,-342860.418,-172950.667,-105929.028,-0.583864508384,-1.619626089063,-0.885506551328
128521.933,TransLunarCoast,-77893.772372840,-107900.739033000,-59776.846788043,-342746.842,-173136.546,-106024.550,-0.581466127020,-1.616292303690,-0.883659879992
128761.933,TransLunarCoast,-78033.038226656,-108288.251002840,-59988.704604212,-342633.018,-173322.298,-106119.994,-0.579085614310,-1.612977210454,-0.881823652805
129001.933,TransLunarCoast,-78171.734879469,-108674.969573590,-60200.122968042,-342519.193,-173508.050,-106215.438,-0.576722748737,-1.609680611964,-0.879997758825
129241.933,TransLunarCoast,-78309.866540395,-109060.899160602,-60411.104346360,-342405.152,-173693.690,-106310.814,-0.574377312607,-1.606402313821,-0.878182088799
129481.933,TransLunarCoast,-78447.437366750,-109446.044132927,-60621.651179970,-342291.017,-173879.283,-106406.161,-0.572049091960,-1.603142124557,-0.876376535130
129721.933,TransLunarCoast,-78584.451464941,-109830.408814005,-60831.765884049,-342176.820,-174064.844,-106501.488,-0.569737876495,-1.599899855579,-0.874580991849
129961.933,TransLunarCoast,-78720.912891334,-110213.997482358,-61041.450848534,-342062.375,-174250.277,-106596.737,-0.567443459484,-1.596675321114,-0.872795354577
130201.933,TransLunarCoast,-78856.825653102,-110596.814372253,-61250.708438498,-341947.931,-174435.711,-106691.986,-0.565165637695,-1.593468338152,-0.871019520498
130441.933,TransLunarCoast,-78992.193709052,-110978.863674360,-61459.540994522,-341833.269,-174621.032,-106787.166,-0.562904211324,-1.590278726396,-0.869253388326
130681.933,TransLunarCoast,-79127.020970445,-111360.149536401,-61667.950833060,-341718.515,-174806.306,-106882.316,-0.560658983910,-1.587106308205,-0.867496858277
130921.933,TransLunarCoast,-79261.311301783,-111740.676063775,-61875.940246796,-341603.698,-174991.547,-106977.447,-0.558429762274,-1.583950908547,-0.865749832042
131161.933,TransLunarCoast,-79395.068521593,-112120.447320182,-62083.511504992,-341488.634,-175176.660,-107072.500,-0.556216356444,-1.580812354948,-0.864012212753
131401.933,TransLunarCoast,-79528.296403185,-112499.467328231,-62290.666853833,-341373.570,-175361.774,-107167.552,-0.554018579585,-1.577690477444,-0.862283904960
131641.933,TransLunarCoast,-79660.998675403,-112877.740070035,-62497.408516764,-341258.290,-175546.774,-107262.536,-0.551836247941,-1.574585108530,-0.860564814606
131881.933,TransLunarCoast,-79793.179023346,-113255.269487799,-62703.738694820,-341142.917,-175731.727,-107357.490,-0.549669180760,-1.571496083121,-0.858854848993
132121.933,TransLunarCoast,-79924.841089093,-113632.059484390,-62909.659566948,-341027.482,-175916.647,-107452.424,-0.547517200240,-1.568423238498,-0.857153916765
132361.933,TransLunarCoast,-80055.988472393,-114008.113923904,-63115.173290330,-340911.800,-176101.438,-107547.280,-0.545380131464,-1.565366414272,-0.855461927876
132601.933,TransLunarCoast,-80186.624731360,-114383.436632218,-63320.282000692,-340796.118,-176286.229,-107642.135,-0.543257802338,-1.562325452333,-0.853778793570
132841.933,TransLunarCoast,-80316.753383134,-114758.031397532,-63524.987812608,-340680.220,-176470.908,-107736.921,-0.541150043538,-1.559300196815,-0.852104426356
133081.933,TransLunarCoast,-80446.377904548,-115131.901970903,-63729.292819806,-340564.230,-176655.537,-107831.678,-0.539056688451,-1.556290494050,-0.850438739982
133321.933,TransLunarCoast,-80575.501732764,-115505.052066769,-63933.199095461,-340448.177,-176840.135,-107926.414,-0.536977573116,-1.553296192528,-0.848781649416
133561.933,TransLunarCoast,-80704.128265909,-115877.485363459,-64136.708692481,-340331.879,-177024.603,-108021.072,-0.534912536178,-1.550317142860,-0.847133070822
133801.933,TransLunarCoast,-80832.260863690,-116249.205503701,-64339.823643797,-340215.580,-177209.071,-108115.729,-0.532861418826,-1.547353197739,-0.845492921535
134041.933,TransLunarCoast,-80959.902848001,-116620.216095111,-64542.545962638,-340099.066,-177393.425,-108210.317,-0.530824064751,-1.544404211898,-0.843861120047
134281.933,TransLunarCoast,-81087.057503517,-116990.520710688,-64744.877642810,-339982.460,-177577.730,-108304.875,-0.528800320087,-1.541470042079,-0.842237585979
134521.933,TransLunarCoast,-81213.728078272,-117360.122889283,-64946.820658958,-339865.791,-177762.003,-108399.413,-0.526790033370,-1.538550546995,-0.840622240064
134761.933,TransLunarCoast,-81339.917784235,-117729.026136071,-65148.376966836,-339748.877,-177946.146,-108493.872,-0.524793055485,-1.535645587292,-0.839015004125
135001.933,TransLunarCoast,-81465.629797861,-118097.233923012,-65349.548503565,-339631.963,-178130.289,-108588.331,-0.522809239622,-1.532755025519,-0.837415801058
135191.718,TransLunarCoast,-81563.846624000,-118388.861768000,-65508.035974000,-339539.360,-178275.824,-108662.977,-0.521226668000,-1.530496067000,-0.836125080000
135431.718,TransLunarCoast,-81688.705498078,-118755.836726475,-65708.515636543,-339422.139,-178459.804,-108757.336,-0.519266088293,-1.527630935268,-0.834540084546
135671.718,TransLunarCoast,-81813.095367491,-119122.125738845,-65908.615840437,-339304.918,-178643.783,-108851.695,-0.517318272539,-1.524779827550,-0.832962912317
135911.718,TransLunarCoast,-81937.019278929,-119487.732155172,-66108.338454453,-339187.392,-178827.601,-108945.955,-0.515383082262,-1.521942613302,-0.831393490101
136151.718,TransLunarCoast,-82060.480246099,-119852.659294399,-66307.685329906,-339069.864,-179011.417,-109040.214,-0.513460381081,-1.519119163726,-0.829831745670
136391.718,TransLunarCoast,-82183.481250224,-120216.910444763,-66506.658300894,-338952.185,-179195.153,-109134.424,-0.511550034672,-1.516309351737,-0.828277607764
136631.718,TransLunarCoast,-82306.025240534,-120580.488864204,-66705.259184528,-338834.350,-179378.805,-109228.583,-0.509651910728,-1.513513051938,-0.826731006071
136871.718,TransLunarCoast,-82428.115134739,-120943.397780765,-66903.489781153,-338716.516,-179562.458,-109322.742,-0.507765878916,-1.510730140589,-0.825191871214
137111.718,TransLunarCoast,-82549.753819508,-121305.640392989,-67101.351874578,-338598.377,-179745.947,-109416.802,-0.505891810848,-1.507960495574,-0.823660134732
137351.718,TransLunarCoast,-82670.944150921,-121667.219870302,-67298.847232288,-338480.236,-179929.435,-109510.861,-0.504029580035,-1.505203996383,-0.822135729069
137591.718,TransLunarCoast,-82791.688954930,-122028.139353399,-67495.977605660,-338361.945,-180112.842,-109604.870,-0.502179061858,-1.502460524075,-0.820618587550
137831.718,TransLunarCoast,-82911.991027796,-122388.401954613,-67692.744730177,-338243.497,-180296.165,-109698.828,-0.500340133528,-1.499729961256,-0.819108644376
138071.718,TransLunarCoast,-83031.853136528,-122748.010758287,-67889.150325630,-338125.050,-180479.489,-109792.786,-0.498512674055,-1.497012192053,-0.817605834602
138311.718,TransLunarCoast,-83151.278019308,-123106.968821134,-68085.196096327,-338006.300,-180662.648,-109886.645,-0.496696564213,-1.494307102087,-0.816110094123
138551.718,TransLunarCoast,-83270.268385916,-123465.279172592,-68280.883731289,-337887.548,-180845.806,-109980.503,-0.494891686506,-1.491614578449,-0.814621359666
138791.718,TransLunarCoast,-83388.826918134,-123822.944815175,-68476.214904449,-337768.645,-181028.883,-110074.311,-0.493097925139,-1.488934509673,-0.813139568767
139031.718,TransLunarCoast,-83506.956270155,-124179.968724817,-68671.191274847,-337649.587,-181211.876,-110168.067,-0.491315165984,-1.486266785717,-0.811664659766
139271.718,TransLunarCoast,-83624.659068980,-124536.353851209,-68865.814486817,-337530.529,-181394.869,-110261.824,-0.489543296549,-1.483611297932,-0.810196571788
139511.718,TransLunarCoast,-83741.937914802,-124892.103118132,-69060.086170177,-337411.168,-181577.697,-110355.480,-0.487782205951,-1.480967939048,-0.808735244730
139751.718,TransLunarCoast,-83858.795381395,-125247.219423786,-69254.007940412,-337291.805,-181760.523,-110449.136,-0.486031784886,-1.478336603142,-0.807280619254
139991.718,TransLunarCoast,-83975.234016485,-125601.705641108,-69447.581398856,-337172.292,-181943.269,-110542.742,-0.484291925595,-1.475717185624,-0.805832636767
140231.718,TransLunarCoast,-84091.256342120,-125955.564618091,-69640.808132869,-337052.624,-182125.929,-110636.296,-0.482562521845,-1.473109583210,-0.804391239413
140471.718,TransLunarCoast,-84206.864855031,-126308.799178094,-69833.689716012,-336932.957,-182308.589,-110729.851,-0.480843468895,-1.470513693902,-0.802956370061
140711.718,TransLunarCoast,-84322.062026987,-126661.412120150,-70026.227708223,-336812.987,-182491.085,-110823.304,-0.479134663469,-1.467929416968,-0.801527972291
140951.718,TransLunarCoast,-84436.850305147,-127013.406219267,-70218.423655979,-336693.015,-182673.578,-110916.757,-0.477436003736,-1.465356652922,-0.800105990384
141191.718,TransLunarCoast,-84551.232112399,-127364.784226720,-70410.279092472,-336572.893,-182855.990,-111010.160,-0.475747389277,-1.462795303503,-0.798690369312
141431.718,TransLunarCoast,-84665.209847696,-127715.548870350,-70601.795537766,-336452.617,-183038.317,-111103.511,-0.474068721064,-1.460245271653,-0.797281054722
141671.718,TransLunarCoast,-84778.785886392,-128065.702854846,-70792.974498961,-336332.341,-183220.644,-111196.862,-0.472399901435,-1.457706461503,-0.795877992933
141911.718,TransLunarCoast,-84891.962580563,-128415.248862028,-70983.817470354,-336211.763,-183402.804,-111290.113,-0.470740834070,-1.455178778350,-0.794481130916
142151.718,TransLunarCoast,-85004.742259323,-128764.189551127,-71174.325933590,-336091.183,-183584.963,-111383.362,-0.469091423966,-1.452662128641,-0.793090416291
142391.718,TransLunarCoast,-85117.127229147,-129112.527559054,-71364.501357824,-335970.454,-183767.040,-111476.561,-0.467451577415,-1.450156419952,-0.791705797315
142631.718,TransLunarCoast,-85229.119774169,-129460.265500677,-71554.345199862,-335849.571,-183949.031,-111569.708,-0.465821201982,-1.447661560973,-0.790327222868
142886.731,TransLunarCoast,-85347.587732585,-129829.085784481,-71755.787555647,-335721.109,-184142.398,-111668.677,-0.464097238139,-1.445015648938,-0.788862412019
143100.095,TransLunarCoast,-85446.456440934,-130137.165520316,-71923.972780077,-335613.372,-184304.042,-111751.395,-0.462664464148,-1.442816794773,-0.787647484528
143313.459,TransLunarCoast,-85545.020224018,-130444.776993317,-72091.899280439,-335505.636,-184465.685,-111834.114,-0.461238965674,-1.440626307628,-0.786437217892
143526.823,TransLunarCoast,-85643.280627587,-130751.921982161,-72259.568047530,-335397.832,-184627.292,-111916.809,-0.459820681110,-1.438444126277,-0.785231577842
143740.187,TransLunarCoast,-85741.239184322,-131058.602252533,-72426.980064872,-335289.826,-184788.786,-111999.437,-0.458409549577,-1.436270190139,-0.784030530472
143953.552,TransLunarCoast,-85838.897413994,-131364.819557259,-72594.136308794,-335181.819,-184950.280,-112082.065,-0.457005510919,-1.434104439269,-0.782834042233
144166.916,TransLunarCoast,-85936.256823612,-131670.575636441,-72761.037748503,-335073.696,-185111.708,-112164.652,-0.455608505684,-1.431946814348,-0.781642079929
144380.280,TransLunarCoast,-86033.318907576,-131975.872217593,-72927.685346160,-334965.421,-185273.052,-112247.188,-0.454218475124,-1.429797256675,-0.780454610711
144593.644,TransLunarCoast,-86130.085147826,-132280.711015768,-73094.080056955,-334857.146,-185434.395,-112329.724,-0.452835361175,-1.427655708161,-0.779271602072
144807.008,TransLunarCoast,-86226.557013983,-132585.093733689,-73260.222829177,-334748.704,-185595.645,-112412.203,-0.451459106450,-1.425522111317,-0.778093021846
145047.008,TransLunarCoast,-86334.722235780,-132926.931979210,-73446.806588533,-334626.610,-185776.961,-112504.940,-0.449919169678,-1.423131592819,-0.776772562840
145287.008,TransLunarCoast,-86442.518897604,-133268.197690949,-73633.074100780,-334504.499,-185958.267,-112597.671,-0.448387760136,-1.420750983191,-0.775457621849
145527.008,TransLunarCoast,-86549.949036525,-133608.893237515,-73819.026684917,-334382.104,-186139.413,-112690.305,-0.446864799129,-1.418380203265,-0.774148154582
145767.008,TransLunarCoast,-86657.014670852,-133949.020968630,-74004.665649374,-334259.708,-186320.559,-112782.939,-0.445350208982,-1.416019174786,-0.772844117259
146007.008,TransLunarCoast,-86763.717800369,-134288.583215337,-74189.992292134,-334137.145,-186501.611,-112875.515,-0.443843913020,-1.413667820392,-0.771545466606
146247.008,TransLunarCoast,-86870.060406578,-134627.582290224,-74375.007900854,-334014.448,-186682.587,-112968.046,-0.442345835553,-1.411326063604,-0.770252159841
146487.008,TransLunarCoast,-86976.044452933,-134966.020487625,-74559.713752984,-333891.734,-186863.553,-113060.571,-0.440855901859,-1.408993828814,-0.768964154674
146727.008,TransLunarCoast,-87081.671885068,-135303.900083832,-74744.111115879,-333768.736,-187044.358,-113152.998,-0.439374038169,-1.406671041268,-0.767681409293
146967.008,TransLunarCoast,-87186.944631026,-135641.223337298,-74928.201246920,-333645.738,-187225.163,-113245.425,-0.437900171652,-1.404357627058,-0.766403882363
147207.008,TransLunarCoast,-87291.864601480,-135977.992488838,-75111.985393619,-333522.572,-187405.874,-113337.794,-0.436434230398,-1.402053513106,-0.765131533015
147447.008,TransLunarCoast,-87396.433689955,-136314.209761827,-75295.464793739,-333399.273,-187586.508,-113430.118,-0.434976143404,-1.399758627153,-0.763864320840
147687.008,TransLunarCoast,-87500.653773043,-136649.877362394,-75478.640675398,-333275.958,-187767.133,-113522.435,-0.433525840561,-1.397472897749,-0.762602205882
147927.008,TransLunarCoast,-87604.526710615,-136984.997479616,-75661.514257178,-333152.358,-187947.595,-113614.655,-0.432083252635,-1.395196254238,-0.761345148633
148167.008,TransLunarCoast,-87708.054346030,-137319.572285707,-75844.086748233,-333028.759,-188128.058,-113706.874,-0.430648311261,-1.392928626748,-0.760093110025
148407.008,TransLunarCoast,-87811.238506341,-137653.603936207,-76026.359348390,-332904.992,-188308.426,-113799.036,-0.429220948920,-1.390669946181,-0.758846051424
148647.008,TransLunarCoast,-87914.081002498,-137987.094570159,-76208.333248259,-332781.093,-188488.717,-113891.152,-0.427801098931,-1.388420144199,-0.757603934622
148887.008,TransLunarCoast,-88016.583629546,-138320.046310300,-76390.009629329,-332657.176,-188668.998,-113983.261,-0.426388695438,-1.386179153216,-0.756366721836
149127.008,TransLunarCoast,-88118.748166822,-138652.461263233,-76571.389664071,-332532.977,-188849.117,-114075.272,-0.424983673396,-1.383946906384,-0.755134375695
149367.008,TransLunarCoast,-88220.576378150,-138984.341519605,-76752.474516036,-332408.777,-189029.236,-114167.284,-0.423585968555,-1.381723337586,-0.753906859240
149607.008,TransLunarCoast,-88322.070012026,-139315.689154283,-76933.265339955,-332284.411,-189209.259,-114259.237,-0.422195517453,-1.379508381424,-0.752684135914
149847.008,TransLunarCoast,-88423.230801809,-139646.506226523,-77113.763281831,-332159.912,-189389.205,-114351.144,-0.420812257401,-1.377301973207,-0.751466169559
150087.008,TransLunarCoast,-88524.060465906,-139976.794780137,-77293.969479038,-332035.397,-189569.142,-114443.045,-0.419436126470,-1.375104048944,-0.750252924408
150327.008,TransLunarCoast,-88624.560707948,-140306.556843666,-77473.885060412,-331910.598,-189748.915,-114534.847,-0.418067063481,-1.372914545332,-0.749044365083
150567.008,TransLunarCoast,-88724.733216974,-140635.794430537,-77653.511146344,-331785.800,-189928.689,-114626.649,-0.416705007993,-1.370733399750,-0.747840456585
150807.008,TransLunarCoast,-88824.579667605,-140964.509539230,-77832.848848869,-331660.836,-190108.366,-114718.393,-0.415349900291,-1.368560550243,-0.746641164292
151047.008,TransLunarCoast,-88924.101720215,-141292.704153435,-78011.899271759,-331535.739,-190287.966,-114810.090,-0.414001681377,-1.366395935519,-0.745446453954
151287.008,TransLunarCoast,-89023.301021104,-141620.380242209,-78190.663510611,-331410.625,-190467.556,-114901.781,-0.412660292954,-1.364239494935,-0.744256291683
151527.008,TransLunarCoast,-89122.179202663,-141947.539760133,-78369.142652929,-331285.230,-190646.982,-114993.374,-0.411325677423,-1.362091168493,-0.743070643954
151767.008,TransLunarCoast,-89220.737883543,-142274.184647466,-78547.337778218,-331159.834,-190826.409,-115084.966,-0.409997777864,-1.359950896827,-0.741889477598
152007.008,TransLunarCoast,-89318.978668814,-142600.316830291,-78725.249958060,-331034.273,-191005.738,-115176.500,-0.408676538032,-1.357818621195,-0.740712759794
152247.008,TransLunarCoast,-89416.903150128,-142925.938220670,-78902.880256204,-330908.579,-191184.990,-115267.987,-0.407361902344,-1.355694283471,-0.739540458070
152487.008,TransLunarCoast,-89514.512905874,-143251.050716787,-79080.229728648,-330782.869,-191364.233,-115359.468,-0.406053815871,-1.353577826138,-0.738372540293
152727.008,TransLunarCoast,-89611.809501338,-143575.656203093,-79257.299423716,-330656.877,-191543.310,-115450.849,-0.404752224325,-1.351469192279,-0.737208974665
152967.008,TransLunarCoast,-89708.794488850,-143899.756550451,-79434.090382141,-330530.886,-191722.388,-115542.231,-0.403457074052,-1.349368325565,-0.736049729722
153207.008,TransLunarCoast,-89805.469407941,-144223.353616275,-79610.603637145,-330404.729,-191901.369,-115633.554,-0.402168312023,-1.347275170253,-0.734894774327
153447.008,TransLunarCoast,-89901.835785486,-144546.449244669,-79786.840214516,-330278.440,-192080.271,-115724.830,-0.400885885822,-1.345189671174,-0.733744077665
153687.008,TransLunarCoast,-89997.895135855,-144869.045266567,-79962.801132683,-330152.134,-192259.164,-115816.100,-0.399609743639,-1.343111773728,-0.732597609240
153927.008,TransLunarCoast,-90093.648961055,-145191.143499864,-80138.487402795,-330025.548,-192437.892,-115907.270,-0.398339834260,-1.341041423874,-0.731455338869
154167.008,TransLunarCoast,-90189.098750873,-145512.745749553,-80313.900028794,-329898.961,-192616.619,-115998.440,-0.397076107062,-1.338978568123,-0.730317236680
154407.008,TransLunarCoast,-90284.245983014,-145833.853807855,-80489.040007489,-329772.210,-192795.249,-116089.551,-0.395818511997,-1.336923153533,-0.729183273106
154647.008,TransLunarCoast,-90379.092123243,-146154.469454348,-80663.908328632,-329645.327,-192973.801,-116180.615,-0.394566999590,-1.334875127698,-0.728053418883
154887.008,TransLunarCoast,-90473.638625516,-146474.594456099,-80838.505974983,-329518.427,-193152.343,-116271.674,-0.393321520928,-1.332834438744,-0.726927645044
155127.008,TransLunarCoast,-90567.886932118,-146794.230567787,-81012.833922389,-329391.248,-193330.719,-116362.632,-0.392082027654,-1.330801035321,-0.725805922916
155367.008,TransLunarCoast,-90661.838473794,-147113.379531828,-81186.893139848,-329264.068,-193509.095,-116453.590,-0.390848471953,-1.328774866593,-0.724688224114
155607.008,TransLunarCoast,-90755.494669878,-147432.043078500,-81360.684589581,-329136.724,-193687.373,-116544.488,-0.389620806554,-1.326755882239,-0.723574520541
155847.008,TransLunarCoast,-90848.856928423,-147750.222926065,-81534.209227100,-329009.248,-193865.572,-116635.340,-0.388398984713,-1.324744032437,-0.722464784382
156087.008,TransLunarCoast,-90941.926646326,-148067.920780887,-81707.468001275,-328881.755,-194043.762,-116726.186,-0.387182960209,-1.322739267865,-0.721358988101
156327.008,TransLunarCoast,-91034.705209453,-148385.138337551,-81880.461854398,-328753.984,-194221.785,-116816.930,-0.385972687338,-1.320741539689,-0.720257104436
156567.008,TransLunarCoast,-91127.193992762,-148701.877278980,-82053.191722253,-328626.212,-194399.807,-116907.675,-0.384768120906,-1.318750799561,-0.719159106397
156807.008,TransLunarCoast,-91219.394360425,-149018.139276553,-82225.658534180,-328498.276,-194577.731,-116998.361,-0.383569216215,-1.316766999609,-0.718064967261
157047.008,TransLunarCoast,-91311.307665947,-149333.925990214,-82397.863213133,-328370.209,-194755.577,-117088.999,-0.382375929067,-1.314790092434,-0.716974660570
157287.008,TransLunarCoast,-91402.935252282,-149649.239068588,-82569.806675752,-328242.125,-194933.412,-117179.631,-0.381188215746,-1.312820031103,-0.715888160127
157527.008,TransLunarCoast,-91494.278451952,-149964.080149091,-82741.489832418,-328113.763,-195111.080,-117270.163,-0.380006033019,-1.310856769141,-0.714805439993
157767.008,TransLunarCoast,-91585.338587157,-150278.450858042,-82912.913587318,-327985.400,-195288.748,-117360.694,-0.378829338126,-1.308900260527,-0.713726474483
158007.008,TransLunarCoast,-91676.116969894,-150592.352810765,-83084.078838505,-327856.874,-195466.317,-117451.165,-0.377658088774,-1.306950459690,-0.712651238163
158247.008,TransLunarCoast,-91766.614902064,-150905.787611703,-83254.986477956,-327728.217,-195643.807,-117541.589,-0.376492243130,-1.305007321498,-0.711579705846
158487.008,TransLunarCoast,-91856.833675582,-151218.756854519,-83425.637391635,-327599.543,-195821.287,-117632.008,-0.375331759814,-1.303070801259,-0.710511852592
158727.008,TransLunarCoast,-91946.774572486,-151531.262122202,-83596.032459549,-327470.591,-195998.599,-117722.324,-0.374176597896,-1.301140854709,-0.709447653701
158967.008,TransLunarCoast,-92036.438865043,-151843.304987167,-83766.172555803,-327341.639,-196175.910,-117812.641,-0.373026716885,-1.299217438013,-0.708387084711
159207.008,TransLunarCoast,-92125.827815858,-152154.887011362,-83936.058548663,-327212.524,-196353.123,-117902.898,-0.371882076728,-1.297300507754,-0.707330121397
159447.008,TransLunarCoast,-92214.942677970,-152466.009746363,-84105.691300608,-327083.278,-196530.256,-117993.107,-0.370742637800,-1.295390020932,-0.706276739766
159687.008,TransLunarCoast,-92303.784694963,-152776.674733475,-84275.071668384,-326954.016,-196707.379,-118083.310,-0.369608360898,-1.293485934954,-0.705226916055
159927.008,TransLunarCoast,-92392.355101060,-153086.883503832,-84444.200503064,-326824.476,-196884.332,-118173.411,-0.368479207241,-1.291588207635,-0.704180626727
160167.008,TransLunarCoast,-92480.655121227,-153396.637578489,-84613.078650098,-326694.936,-197061.286,-118263.513,-0.367355138456,-1.289696797189,-0.703137848471
160407.008,TransLunarCoast,-92568.685971270,-153705.938468521,-84781.706949368,-326565.233,-197238.140,-118353.554,-0.366236116579,-1.287811662224,-0.702098558195
160647.008,TransLunarCoast,-92656.448857931,-154014.787675114,-84950.086235240,-326435.400,-197414.915,-118443.548,-0.365122104046,-1.285932761739,-0.701062733026
160887.008,TransLunarCoast,-92743.944978985,-154323.186689664,-85118.217336616,-326305.550,-197591.679,-118533.535,-0.364013063690,-1.284060055118,-0.700030350307
161127.008,TransLunarCoast,-92831.175523333,-154631.136993860,-85286.101076987,-326175.424,-197768.273,-118623.421,-0.362908958733,-1.282193502125,-0.699001387596
161367.008,TransLunarCoast,-92918.141671096,-154938.640059784,-85453.738274483,-326045.297,-197944.868,-118713.306,-0.361809752783,-1.280333062900,-0.697975822658
161607.008,TransLunarCoast,-93004.844593707,-155245.697349994,-85621.129741922,-325915.008,-198121.362,-118803.131,-0.360715409826,-1.278478697956,-0.696953633470
161847.008,TransLunarCoast,-93091.285454001,-155552.310317614,-85788.276286862,-325784.589,-198297.777,-118892.908,-0.359625894227,-1.276630368169,-0.695934798211
162087.008,TransLunarCoast,-93177.465406302,-155858.480406426,-85955.178711648,-325654.153,-198474.181,-118982.679,-0.358541170717,-1.274788034782,-0.694919295264
162327.008,TransLunarCoast,-93263.385596518,-156164.209050949,-86121.837813460,-325523.442,-198650.415,-119072.348,-0.357461204393,-1.272951659393,-0.693907103213
162567.008,TransLunarCoast,-93349.047162222,-156469.497676530,-86288.254384364,-325392.730,-198826.648,-119162.016,-0.356385960715,-1.271121203955,-0.692898200840
162807.008,TransLunarCoast,-93434.451232737,-156774.347699426,-86454.429211355,-325261.856,-199002.781,-119251.624,-0.355315405495,-1.269296630768,-0.691892567123
163047.008,TransLunarCoast,-93519.598929228,-157078.760526889,-86620.363076408,-325130.852,-199178.834,-119341.184,-0.354249504898,-1.267477902480,-0.690890181231
163287.008,TransLunarCoast,-93604.491364778,-157382.737557247,-86786.056756521,-324999.832,-199354.877,-119430.738,-0.353188225434,-1.265664982080,-0.689891022528
163527.008,TransLunarCoast,-93689.129644474,-157686.280179984,-86951.511023760,-324868.536,-199530.748,-119520.189,-0.352131533955,-1.263857832891,-0.688895070563
163767.008,TransLunarCoast,-93773.514865490,-157989.389775823,-87116.726645309,-324737.240,-199706.619,-119609.640,-0.351079397652,-1.262056418573,-0.687902305074
164007.008,TransLunarCoast,-93857.648117162,-158292.067716807,-87281.704383507,-324605.783,-199882.390,-119699.030,-0.350031784046,-1.260260703113,-0.686912705981
164247.008,TransLunarCoast,-93941.530481075,-158594.315366370,-87446.444995899,-324474.195,-200058.079,-119788.372,-0.348988660990,-1.258470650822,-0.685926253388
164487.008,TransLunarCoast,-94025.163031134,-158896.134079425,-87610.949235275,-324342.592,-200233.759,-119877.708,-0.347949996658,-1.256686226336,-0.684942927578
164727.008,TransLunarCoast,-94108.546833647,-159197.525202431,-87775.217849716,-324210.714,-200409.267,-119966.941,-0.346915759547,-1.254907394604,-0.683962709012
164967.008,TransLunarCoast,-94191.682947399,-159498.490073475,-87939.251582631,-324078.835,-200584.774,-120056.173,-0.345885918469,-1.253134120893,-0.682985578327
165207.008,TransLunarCoast,-94274.572423724,-159799.030022346,-88103.051172807,-323946.796,-200760.180,-120145.345,-0.344860442548,-1.251366370777,-0.682011516333
165447.008,TransLunarCoast,-94357.216306588,-160099.146370606,-88266.617354444,-323814.627,-200935.505,-120234.468,-0.343839301217,-1.249604110140,-0.681040504011
165687.008,TransLunarCoast,-94439.615632654,-160398.840431666,-88429.950857198,-323682.441,-201110.820,-120323.586,-0.342822464211,-1.247847305165,-0.680072522514
165927.008,TransLunarCoast,-94521.771431358,-160698.113510856,-88593.052406222,-323549.982,-201285.962,-120412.599,-0.341809901568,-1.246095922338,-0.679107553160
166167.008,TransLunarCoast,-94603.684724981,-160996.966905501,-88755.922722205,-323417.522,-201461.105,-120501.613,-0.340801583621,-1.244349928438,-0.678145577435
166407.008,TransLunarCoast,-94685.356528721,-161295.401904986,-88918.562521412,-323284.902,-201636.145,-120590.565,-0.339797480997,-1.242609290540,-0.677186576986
166647.008,TransLunarCoast,-94766.787850758,-161593.419790828,-89080.972515725,-323152.152,-201811.104,-120679.469,-0.338797564611,-1.240873976005,-0.676230533625
166887.008,TransLunarCoast,-94847.979692329,-161891.021836748,-89243.153412677,-323019.386,-201986.053,-120768.367,-0.337801805664,-1.239143952482,-0.675277429323
167127.008,TransLunarCoast,-94928.933047790,-162188.209308734,-89405.105915494,-322886.347,-202160.828,-120857.161,-0.336810175639,-1.237419187902,-0.674327246207
167367.008,TransLunarCoast,-95009.648904689,-162484.983465113,-89566.830723133,-322753.308,-202335.603,-120945.954,-0.335822646296,-1.235699650476,-0.673379966562
167607.008,TransLunarCoast,-95090.128243829,-162781.345556614,-89728.328530317,-322620.108,-202510.277,-121034.687,-0.334839189674,-1.233985308691,-0.672435572830
167847.008,TransLunarCoast,-95170.372039334,-163077.296826436,-89889.600027571,-322486.779,-202684.868,-121123.370,-0.333859778079,-1.232276131306,-0.671494047601
168087.008,TransLunarCoast,-95250.381258715,-163372.838510314,-90050.645901265,-322353.434,-202859.449,-121212.048,-0.332884384088,-1.230572087352,-0.670555373620
168327.008,TransLunarCoast,-95330.156862931,-163667.971836583,-90211.466833640,-322219.816,-203033.856,-121300.621,-0.331912980542,-1.228873146126,-0.669619533780
168567.008,TransLunarCoast,-95409.699806458,-163962.698026237,-90372.063502853,-322086.199,-203208.263,-121389.194,-0.330945540543,-1.227179277188,-0.668686511122
168807.008,TransLunarCoast,-95489.011037344,-164257.018293001,-90532.436583007,-321952.420,-203382.568,-121477.706,-0.329982037453,-1.225490450362,-0.667756288831
169047.008,TransLunarCoast,-95568.091497277,-164550.933843385,-90692.586744188,-321818.514,-203556.790,-121566.169,-0.329022444889,-1.223806635726,-0.666828850241
169287.008,TransLunarCoast,-95646.942121641,-164844.445876751,-90852.514652496,-321684.591,-203731.002,-121654.625,-0.328066736719,-1.222127803617,-0.665904178823
169527.008,TransLunarCoast,-95725.563839582,-165137.555585370,-91012.220970086,-321550.397,-203905.039,-121742.977,-0.327114887061,-1.220453924622,-0.664982258195
169767.008,TransLunarCoast,-95803.957574060,-165430.264154485,-91171.706355193,-321416.202,-204079.076,-121831.329,-0.326166870279,-1.218784969580,-0.664063072109
170007.008,TransLunarCoast,-95882.124241914,-165722.572762371,-91330.971462173,-321281.847,-204253.010,-121919.619,-0.325222660981,-1.217120909573,-0.663146604460
170247.008,TransLunarCoast,-95960.064753917,-166014.482580389,-91490.016941531,-321147.364,-204426.862,-122007.860,-0.324282234013,-1.215461715932,-0.662232839277
170487.008,TransLunarCoast,-96037.780014833,-166305.994773052,-91648.843439956,-321012.865,-204600.704,-122096.095,-0.323345564460,-1.213807360224,-0.661321760724
170727.008,TransLunarCoast,-96115.270923475,-166597.110498076,-91807.451600352,-320878.094,-204774.370,-122184.224,-0.322412627641,-1.212157814260,-0.660413353098
170967.008,TransLunarCoast,-96192.538372763,-166887.830906439,-91965.842061871,-320743.324,-204948.035,-122272.354,-0.321483399108,-1.210513050083,-0.659507600831
171207.008,TransLunarCoast,-96269.583249772,-167178.157142440,-92124.015459944,-320608.394,-205121.598,-122360.422,-0.320557854640,-1.208873039972,-0.658604488482
171447.008,TransLunarCoast,-96346.406435795,-167468.090343751,-92281.972426311,-320473.336,-205295.078,-122448.441,-0.319635970242,-1.207237756436,-0.657704000742
171687.008,TransLunarCoast,-96423.008806392,-167757.631641474,-92439.713589054,-320338.262,-205468.547,-122536.453,-0.318717722145,-1.205607172213,-0.656806122427
171927.008,TransLunarCoast,-96499.391231444,-168046.782160195,-92597.239572625,-320202.917,-205641.840,-122624.360,-0.317803086798,-1.203981260267,-0.655910838483
172167.008,TransLunarCoast,-96575.554575207,-168335.543018038,-92754.550997880,-320067.572,-205815.133,-122712.267,-0.316892040869,-1.202359993784,-0.655018133978
172407.008,TransLunarCoast,-96651.499696365,-168623.915326720,-92911.648482105,-319932.068,-205988.323,-122800.112,-0.315984561244,-1.200743346174,-0.654127994104
172647.008,TransLunarCoast,-96727.227448076,-168911.900191601,-93068.532639046,-319796.437,-206161.429,-122887.907,-0.315080625020,-1.199131291064,-0.653240404177
172887.008,TransLunarCoast,-96802.738678030,-169199.498711738,-93225.204078940,-319660.790,-206334.525,-122975.696,-0.314180209504,-1.197523802297,-0.652355349633
173127.008,TransLunarCoast,-96878.034228496,-169486.711979935,-93381.663408545,-319524.872,-206507.443,-123063.380,-0.313283292213,-1.195920853931,-0.651472816028
173367.008,TransLunarCoast,-96953.114936368,-169773.541082798,-93537.911231162,-319388.954,-206680.362,-123151.063,-0.312389850868,-1.194322420237,-0.650592789035
173607.008,TransLunarCoast,-97027.981633221,-170059.987100780,-93693.948146673,-319252.877,-206853.177,-123238.684,-0.311499863396,-1.192728475692,-0.649715254446
173847.008,TransLunarCoast,-97102.635145357,-170346.051108237,-93849.774751561,-319116.674,-207025.908,-123326.256,-0.310613307922,-1.191138994983,-0.648840198168
174087.008,TransLunarCoast,-97177.076293849,-170631.734173470,-94005.391638940,-318980.454,-207198.629,-123413.821,-0.309730162771,-1.189553953003,-0.647967606223
174327.008,TransLunarCoast,-97251.305894594,-170917.037358783,-94160.799398585,-318843.965,-207371.172,-123501.280,-0.308850406466,-1.187973324845,-0.647097464746
174567.008,TransLunarCoast,-97325.324758357,-171201.961720525,-94315.998616955,-318707.476,-207543.715,-123588.739,-0.307974017721,-1.186397085806,-0.646229759986
174807.008,TransLunarCoast,-97399.133690817,-171486.508309138,-94470.989877224,-318570.828,-207716.154,-123676.136,-0.307100975445,-1.184825211378,-0.645364478300
175047.008,TransLunarCoast,-97472.733492616,-171770.678169210,-94625.773759303,-318434.053,-207888.508,-123763.483,-0.306231258735,-1.183257677253,-0.644501606158
175287.008,TransLunarCoast,-97546.124959398,-172054.472339514,-94780.350839869,-318297.263,-208060.853,-123850.823,-0.305364846875,-1.181694459317,-0.643641130136
175527.008,TransLunarCoast,-97619.308881861,-172337.891853063,-94934.721692392,-318160.204,-208233.019,-123938.057,-0.304501719336,-1.180135533646,-0.642783036920
175767.008,TransLunarCoast,-97692.286045797,-172620.937737147,-95088.886887158,-318023.144,-208405.185,-124025.292,-0.303641855772,-1.178580876509,-0.641927313300
176007.008,TransLunarCoast,-97765.057232136,-172903.611013386,-95242.846991295,-317885.927,-208577.245,-124112.463,-0.302785236018,-1.177030464364,-0.641073946175
176247.008,TransLunarCoast,-97837.623216991,-173185.912697771,-95396.602568801,-317748.583,-208749.222,-124199.584,-0.301931840088,-1.175484273852,-0.640222922544
176487.008,TransLunarCoast,-97909.984771699,-173467.843800711,-95550.154180564,-317611.223,-208921.189,-124286.700,-0.301081648174,-1.173942281804,-0.639374229513
176727.008,TransLunarCoast,-97982.142662864,-173749.405327074,-95703.502384392,-317473.595,-209092.976,-124373.708,-0.300234640641,-1.172404465228,-0.638527854287
176967.008,TransLunarCoast,-98054.097652400,-174030.598276234,-95856.647735031,-317335.967,-209264.763,-124460.716,-0.299390798031,-1.170870801317,-0.637683784175
177207.008,TransLunarCoast,-98125.850497569,-174311.423642109,-96009.590784197,-317198.182,-209436.445,-124547.662,-0.298550101053,-1.169341267442,-0.636842006582
177447.008,TransLunarCoast,-98197.401951027,-174591.882413212,-96162.332080592,-317060.270,-209608.042,-124634.557,-0.297712530590,-1.167815841150,-0.636002509017
177687.008,TransLunarCoast,-98268.752760857,-174871.975572685,-96314.872169935,-316922.342,-209779.629,-124721.446,-0.296878067688,-1.166294500164,-0.635165279083
177927.008,TransLunarCoast,-98339.903670618,-175151.704098346,-96467.211594979,-316784.147,-209951.036,-124808.228,-0.296046693561,-1.164777222381,-0.634330304482
178167.008,TransLunarCoast,-98410.855419378,-175431.068962729,-96619.350895537,-316645.951,-210122.443,-124895.010,-0.295218389588,-1.163263985870,-0.633497573012
178407.008,TransLunarCoast,-98481.608741756,-175710.071133124,-96771.290608506,-316507.599,-210293.745,-124981.729,-0.294393137308,-1.161754768869,-0.632667072564
178647.008,TransLunarCoast,-98552.164367957,-175988.711571619,-96923.031267888,-316369.120,-210464.961,-125068.397,-0.293570918420,-1.160249549785,-0.631838791126
178887.008,TransLunarCoast,-98622.523023817,-176266.991235140,-97074.573404813,-316230.626,-210636.167,-125155.059,-0.292751714784,-1.158748307192,-0.631012716777
179127.008,TransLunarCoast,-98692.685430834,-176544.911075489,-97225.917547562,-316091.865,-210807.193,-125241.614,-0.291935508413,-1.157251019827,-0.630188837688
179367.008,TransLunarCoast,-98762.652306210,-176822.472039387,-97377.064221585,-315953.103,-210978.218,-125328.169,-0.291122281479,-1.155757666593,-0.629367142123
179607.008,TransLunarCoast,-98832.424362885,-177099.675068509,-97528.013949531,-315814.185,-211149.138,-125414.660,-0.290312016305,-1.154268226553,-0.628547618436
179847.008,TransLunarCoast,-98902.002309574,-177376.521099525,-97678.767251260,-315675.142,-211319.972,-125501.101,-0.289504695365,-1.152782678930,-0.627730255068
180087.008,TransLunarCoast,-98971.386850808,-177653.011064139,-97829.324643871,-315536.082,-211490.796,-125587.535,-0.288700301286,-1.151301003107,-0.626915040550
180327.008,TransLunarCoast,-99040.578686962,-177929.145889123,-97979.686641721,-315396.757,-211661.438,-125673.862,-0.287898816840,-1.149823178621,-0.626101963503
180567.008,TransLunarCoast,-99109.578514295,-178204.926496359,-98129.853756446,-315257.431,-211832.081,-125760.189,-0.287100224948,-1.148349185167,-0.625291012631
180807.008,TransLunarCoast,-99178.387024986,-178480.353802873,-98279.826496981,-315117.949,-212002.616,-125846.452,-0.286304508677,-1.146879002593,-0.624482176726
181047.008,TransLunarCoast,-99247.004907166,-178755.428720874,-98429.605369582,-314978.341,-212173.067,-125932.665,-0.285511651234,-1.145412610898,-0.623675444664
181287.008,TransLunarCoast,-99315.432844953,-179030.152157786,-98579.190877844,-314838.718,-212343.507,-126018.871,-0.284721635972,-1.143949990234,-0.622870805406
181527.008,TransLunarCoast,-99383.671518486,-179304.525016292,-98728.583522725,-314698.830,-212513.765,-126104.969,-0.283934446383,-1.142491120900,-0.622068247996
181767.008,TransLunarCoast,-99451.721603960,-179578.548194360,-98877.783802560,-314558.941,-212684.023,-126191.067,-0.283150066097,-1.141035983344,-0.621267761561
182007.008,TransLunarCoast,-99519.583773658,-179852.222585286,-99026.792213088,-314418.896,-212854.174,-126277.102,-0.282368478884,-1.139584558160,-0.620469335309
182247.008,TransLunarCoast,-99587.258695982,-180125.549077725,-99175.609247466,-314278.726,-213024.239,-126363.085,-0.281589668649,-1.138136826086,-0.619672958529
182487.008,TransLunarCoast,-99654.747035490,-180398.528555727,-99324.235396289,-314138.541,-213194.294,-126449.062,-0.280813619431,-1.136692768006,-0.618878620591
182727.008,TransLunarCoast,-99722.049452924,-180671.161898770,-99472.671147612,-313998.091,-213364.166,-126534.931,-0.280040315403,-1.135252364944,-0.618086310943
182967.008,TransLunarCoast,-99789.166605243,-180943.449981795,-99620.916986967,-313857.640,-213534.038,-126620.800,-0.279269740871,-1.133815598066,-0.617296019112
183207.008,TransLunarCoast,-99856.099145657,-181215.393675240,-99768.973397380,-313717.034,-213703.803,-126706.605,-0.278501880270,-1.132382448674,-0.616507734705
183447.008,TransLunarCoast,-99922.847723652,-181486.993845072,-99916.840859393,-313576.304,-213873.481,-126792.358,-0.277736718165,-1.130952898213,-0.615721447402
183687.008,TransLunarCoast,-99989.412985030,-181758.251352822,-100064.519851082,-313435.557,-214043.149,-126878.106,-0.276974239248,-1.129526928262,-0.614937146963
183927.008,TransLunarCoast,-100055.795571931,-182029.167055616,-100212.010848071,-313294.547,-214212.634,-126963.745,-0.276214428337,-1.128104520534,-0.614154823222
184167.008,TransLunarCoast,-100121.996122868,-182299.741806204,-100359.314323557,-313153.536,-214382.119,-127049.383,-0.275457270378,-1.126685656880,-0.613374466087
184407.008,TransLunarCoast,-100188.015272754,-182569.976453002,-100506.430748320,-313012.370,-214551.495,-127134.958,-0.274702750438,-1.125270319279,-0.612596065542
184647.008,TransLunarCoast,-100253.853652935,-182839.871840111,-100653.360590749,-312871.080,-214720.786,-127220.481,-0.273950853708,-1.123858489845,-0.611819611643
184887.008,TransLunarCoast,-100319.511891216,-183109.428807360,-100800.104316851,-312729.775,-214890.066,-127305.998,-0.273201565500,-1.122450150822,-0.611045094520
185127.008,TransLunarCoast,-100384.990611891,-183378.648190328,-100946.662390276,-312588.205,-215059.162,-127391.406,-0.272454871245,-1.121045284581,-0.610272504373
185367.008,TransLunarCoast,-100450.290435773,-183647.530820381,-101093.035272330,-312446.636,-215228.258,-127476.814,-0.271710756494,-1.119643873622,-0.609501831476
185607.008,TransLunarCoast,-100515.411980221,-183916.077524699,-101239.223421992,-312304.912,-215397.245,-127562.157,-0.270969206916,-1.118245900571,-0.608733066171
185847.008,TransLunarCoast,-100580.355859169,-184184.289126308,-101385.227295932,-312163.064,-215566.146,-127647.449,-0.270230208296,-1.116851348182,-0.607966198872
186087.008,TransLunarCoast,-100645.122683151,-184452.166444109,-101531.047348530,-312021.200,-215735.036,-127732.735,-0.269493746533,-1.115460199329,-0.607201220062
186327.008,TransLunarCoast,-100709.713059334,-184719.710292908,-101676.684031885,-311879.073,-215903.742,-127817.911,-0.268759807642,-1.114072437011,-0.606438120291
186567.008,TransLunarCoast,-100774.127591539,-184986.921483446,-101822.137795842,-311736.947,-216072.448,-127903.088,-0.268028377749,-1.112688044350,-0.605676890179
186807.008,TransLunarCoast,-100838.366880273,-185253.800822427,-101967.409087999,-311594.666,-216241.045,-127988.199,-0.267299443095,-1.111307004587,-0.604917520413
187047.008,TransLunarCoast,-100902.431522751,-185520.349112548,-102112.498353728,-311452.261,-216409.555,-128073.260,-0.266572990027,-1.109929301084,-0.604160001747
187287.008,TransLunarCoast,-100966.322112929,-185786.567152527,-102257.406036191,-311309.841,-216578.054,-128158.314,-0.265849005004,-1.108554917320,-0.603404324999
187527.008,TransLunarCoast,-101030.039241522,-186052.455737128,-102402.132576352,-311167.158,-216746.368,-128243.258,-0.265127474595,-1.107183836892,-0.602650481055
187767.008,TransLunarCoast,-101093.583496037,-186318.015657198,-102546.678412997,-311024.476,-216914.682,-128328.202,-0.264408385473,-1.105816043513,-0.601898460865
188007.008,TransLunarCoast,-101156.955460794,-186583.247699685,-102691.043982748,-310881.639,-217082.887,-128413.081,-0.263691724419,-1.104451521013,-0.601148255443
188247.008,TransLunarCoast,-101220.155716954,-186848.152647670,-102835.229720077,-310738.679,-217251.005,-128497.909,-0.262977478320,-1.103090253334,-0.600399855868
188487.008,TransLunarCoast,-101283.184842543,-187112.731280395,-102979.236057324,-310595.704,-217419.112,-128582.730,-0.262265634166,-1.101732224531,-0.599653253280
188727.008,TransLunarCoast,-101346.043412476,-187376.984373288,-103123.063424707,-310452.467,-217587.032,-128667.441,-0.261556179049,-1.100377418773,-0.598908438884
188967.008,TransLunarCoast,-101408.731998585,-187640.912697991,-103266.712250344,-310309.230,-217754.953,-128752.152,-0.260849100165,-1.099025820338,-0.598165403944
189207.008,TransLunarCoast,-101471.251169638,-187904.517022387,-103410.182960263,-310165.839,-217922.765,-128836.798,-0.260144384811,-1.097677413615,-0.597424139789
189447.008,TransLunarCoast,-101533.601491368,-188167.798110623,-103553.475978416,-310022.326,-218090.489,-128921.393,-0.259442020383,-1.096332183102,-0.596684637805
189687.008,TransLunarCoast,-101595.783526495,-188430.756723141,-103696.591726699,-309878.797,-218258.202,-129005.981,-0.258741994377,-1.094990113405,-0.595946889442
189927.008,TransLunarCoast,-101657.797834750,-188693.393616699,-103839.530624958,-309735.007,-218425.728,-129090.458,-0.258044294385,-1.093651189237,-0.595210886206
190167.008,TransLunarCoast,-101719.644972897,-188955.709544402,-103982.293091013,-309591.217,-218593.254,-129174.935,-0.257348908100,-1.092315395416,-0.594476619666
190407.008,TransLunarCoast,-101781.325494757,-189217.705255720,-104124.879540663,-309447.274,-218760.671,-129259.348,-0.256655823308,-1.090982716866,-0.593744081446
190647.008,TransLunarCoast,-101842.839951234,-189479.381496521,-104267.290387707,-309303.208,-218928.000,-129343.708,-0.255965027891,-1.089653138617,-0.593013263231
190887.008,TransLunarCoast,-101904.188890333,-189740.739009091,-104409.526043954,-309159.126,-219095.317,-129428.062,-0.255276509826,-1.088326645797,-0.592284156762
191127.008,TransLunarCoast,-101965.372857184,-190001.778532157,-104551.586919237,-309014.785,-219262.448,-129512.305,-0.254590257182,-1.087003223643,-0.591556753838
191367.008,TransLunarCoast,-102026.392394067,-190262.500800919,-104693.473421428,-308870.443,-219429.578,-129596.548,-0.253906258124,-1.085682857487,-0.590831046314
191607.008,TransLunarCoast,-102087.248040430,-190522.906547065,-104835.185956452,-308725.949,-219596.599,-129680.726,-0.253224500903,-1.084365532766,-0.590107026099
191847.008,TransLunarCoast,-102147.940332915,-190782.996498804,-104976.724928298,-308581.332,-219763.531,-129764.852,-0.252544973867,-1.083051235014,-0.589384685163
192087.008,TransLunarCoast,-102208.469805375,-191042.771380880,-105118.090739034,-308436.700,-219930.452,-129848.971,-0.251867665448,-1.081739949865,-0.588664015525
192327.008,TransLunarCoast,-102268.836988901,-191302.231914605,-105259.283788820,-308291.809,-220097.185,-129932.979,-0.251192564171,-1.080431663049,-0.587945009262
192567.008,TransLunarCoast,-102329.042411838,-191561.378817876,-105400.304475920,-308146.917,-220263.918,-130016.987,-0.250519658649,-1.079126360396,-0.587227658505
192807.008,TransLunarCoast,-102389.086599808,-191820.212805202,-105541.153196717,-308001.873,-220430.540,-130100.929,-0.249848937579,-1.077824027828,-0.586511955437
193047.008,TransLunarCoast,-102448.970075734,-192078.734587722,-105681.830345723,-307856.707,-220597.074,-130184.820,-0.249180389748,-1.076524651365,-0.585797892295
193287.008,TransLunarCoast,-102508.693359856,-192336.944873234,-105822.336315595,-307711.526,-220763.597,-130268.703,-0.248514004027,-1.075228217122,-0.585085461368
193527.008,TransLunarCoast,-102568.256969752,-192594.844366214,-105962.671497145,-307566.086,-220929.932,-130352.476,-0.247849769372,-1.073934711304,-0.584374655000
193767.008,TransLunarCoast,-102627.661420363,-192852.433767838,-106102.836279351,-307420.645,-221096.266,-130436.248,-0.247187674823,-1.072644120212,-0.583665465582
194007.008,TransLunarCoast,-102686.907224005,-193109.713776005,-106242.831049375,-307275.053,-221262.489,-130519.954,-0.246527709504,-1.071356430238,-0.582957885560
194247.008,TransLunarCoast,-102745.994890399,-193366.685085360,-106382.656192571,-307129.339,-221428.624,-130603.609,-0.245869862621,-1.070071627863,-0.582251907429
194487.008,TransLunarCoast,-102804.924926681,-193623.348387313,-106522.312092496,-306983.610,-221594.747,-130687.256,-0.245214123461,-1.068789699661,-0.581547523735
194727.008,TransLunarCoast,-102863.697837428,-193879.704370064,-106661.799130926,-306837.623,-221760.681,-130770.792,-0.244560481393,-1.067510632295,-0.580844727074
194967.008,TransLunarCoast,-102922.314124673,-194135.753718621,-106801.117687866,-306691.635,-221926.616,-130854.328,-0.243908925865,-1.066234412515,-0.580143510091
195207.008,TransLunarCoast,-102980.774287928,-194391.497114824,-106940.268141560,-306545.496,-222092.438,-130937.798,-0.243259446405,-1.064961027160,-0.579443865481
195447.008,TransLunarCoast,-103039.078824201,-194646.935237366,-107079.250868506,-306399.236,-222258.172,-131021.215,-0.242612032621,-1.063690463157,-0.578745785986
195687.008,TransLunarCoast,-103097.228228015,-194902.068761809,-107218.066243466,-306252.960,-222423.895,-131104.626,-0.241966674196,-1.062422707518,-0.578049264398
195927.008,TransLunarCoast,-103155.222991425,-195156.898360611,-107356.714639476,-306106.427,-222589.427,-131187.924,-0.241323360893,-1.061157747341,-0.577354293555
196167.008,TransLunarCoast,-103213.063604040,-195411.424703144,-107495.196427862,-305959.894,-222754.960,-131271.223,-0.240682082550,-1.059895569810,-0.576660866344
196407.008,TransLunarCoast,-103270.750553039,-195665.648455713,-107633.511978246,-305813.210,-222920.381,-131354.456,-0.240042829081,-1.058636162192,-0.575968975697
196647.008,TransLunarCoast,-103328.284323188,-195919.570281577,-107771.661658561,-305666.404,-223085.712,-131437.635,-0.239405590476,-1.057379511837,-0.575278614596
196887.008,TransLunarCoast,-103385.665396861,-196173.190840970,-107909.645835058,-305519.584,-223251.032,-131520.809,-0.238770356797,-1.056125606179,-0.574589776066
197127.008,TransLunarCoast,-103442.894254056,-196426.510791119,-108047.464872323,-305372.507,-223416.162,-131603.869,-0.238137118183,-1.054874432733,-0.573902453177
197367.008,TransLunarCoast,-103499.971372411,-196679.530786266,-108185.119133284,-305225.429,-223581.292,-131686.930,-0.237505864844,-1.053625979097,-0.573216639049
197607.008,TransLunarCoast,-103556.897227225,-196932.251477685,-108322.608979221,-305078.201,-223746.309,-131769.925,-0.236876587063,-1.052380232948,-0.572532326842
197847.008,TransLunarCoast,-103613.672291474,-197184.673513700,-108459.934769779,-304930.852,-223911.237,-131852.866,-0.236249275194,-1.051137182043,-0.571849509764
198087.008,TransLunarCoast,-103670.297035825,-197436.797539711,-108597.096862978,-304783.488,-224076.154,-131935.801,-0.235623919663,-1.049896814219,-0.571168181065
198327.008,TransLunarCoast,-103726.771928659,-197688.624198205,-108734.095615224,-304635.868,-224240.879,-132018.624,-0.235000510966,-1.048659117391,-0.570488334040
198567.008,TransLunarCoast,-103783.097436081,-197940.154128778,-108870.931381318,-304488.248,-224405.604,-132101.446,-0.234379039669,-1.047424079553,-0.569809962028
198807.008,TransLunarCoast,-103839.274021942,-198191.387968155,-109007.604514468,-304340.478,-224570.217,-132184.202,-0.233759496406,-1.046191688774,-0.569133058408
199047.008,TransLunarCoast,-103895.302147854,-198442.326350206,-109144.115366299,-304192.587,-224734.740,-132266.904,-0.233141871882,-1.044961933203,-0.568457616607
199287.008,TransLunarCoast,-103951.182273206,-198692.969905967,-109280.464286862,-304044.681,-224899.251,-132349.600,-0.232526156868,-1.043734801063,-0.567783630090
199527.008,TransLunarCoast,-104006.914855179,-198943.319263654,-109416.651624646,-303896.520,-225063.571,-132432.183,-0.231912342202,-1.042510280651,-0.567111092365
199767.008,TransLunarCoast,-104062.500348763,-199193.375048687,-109552.677726585,-303748.358,-225227.891,-132514.766,-0.231300418791,-1.041288360340,-0.566439996983
200007.008,TransLunarCoast,-104117.939206776,-199443.137883701,-109688.542938072,-303600.047,-225392.097,-132597.283,-0.230690377605,-1.040069028580,-0.565770337535
200231.718,TransLunarCoast,-104167.292077000,-199673.106545000,-109813.777262000,-303461.072,-225545.758,-132674.492,-0.230053372000,-1.038827582000,-0.565121704000
200471.718,TransLunarCoast,-104222.432075796,-199922.279385702,-109949.326411739,-303312.640,-225709.874,-132756.956,-0.229446928047,-1.037613183951,-0.564454780555
200711.718,TransLunarCoast,-104277.426750947,-200171.161077691,-110084.715670046,-303163.941,-225873.788,-132839.300,-0.228842340152,-1.036401340837,-0.563789274353
200951.718,TransLunarCoast,-104332.276546852,-200419.752232797,-110219.945376308,-303015.240,-226037.701,-132921.643,-0.228239599540,-1.035192041392,-0.563125179147
201191.718,TransLunarCoast,-104386.981905812,-200668.053460157,-110355.015868419,-302866.407,-226201.513,-133003.927,-0.227638697501,-1.033985274420,-0.562462488726
201431.718,TransLunarCoast,-104441.543268046,-200916.065366227,-110489.927482786,-302717.436,-226365.222,-133086.150,-0.227039625388,-1.032781028798,-0.561801196922
201671.718,TransLunarCoast,-104495.961071705,-201163.788554803,-110624.680554340,-302568.466,-226528.930,-133168.372,-0.226442374616,-1.031579293470,-0.561141297604
201911.718,TransLunarCoast,-104550.235752887,-201411.223627037,-110759.275416547,-302419.228,-226692.436,-133250.476,-0.225846936661,-1.030380057450,-0.560482784680
202151.718,TransLunarCoast,-104604.367745651,-201658.371181451,-110893.712401414,-302269.989,-226855.940,-133332.578,-0.225253303061,-1.029183309823,-0.559825652098
202391.718,TransLunarCoast,-104658.357482032,-201905.231813955,-111027.991839500,-302120.617,-227019.343,-133414.622,-0.224661465413,-1.027989039739,-0.559169893840
202631.718,TransLunarCoast,-104712.205392058,-202151.806117866,-111162.114059925,-301971.109,-227182.642,-133496.604,-0.224071415376,-1.026797236419,-0.558515503931
202871.718,TransLunarCoast,-104765.911903759,-202398.094683920,-111296.079390379,-301821.601,-227345.942,-133578.585,-0.223483144666,-1.025607889147,-0.557862476428
203111.718,TransLunarCoast,-104819.477443186,-202644.098100289,-111429.888157131,-301671.827,-227509.037,-133660.448,-0.222896645062,-1.024420987278,-0.557210805430
203351.718,TransLunarCoast,-104872.902434423,-202889.816952599,-111563.540685037,-301522.051,-227672.132,-133742.309,-0.222311908396,-1.023236520230,-0.556560485070
203591.718,TransLunarCoast,-104926.187299603,-203135.251823944,-111697.037297549,-301372.143,-227835.125,-133824.111,-0.221728926563,-1.022054477488,-0.555911509518
203831.718,TransLunarCoast,-104979.332458916,-203380.403294901,-111830.378316727,-301222.099,-227998.013,-133905.851,-0.221147691513,-1.020874848600,-0.555263872981
204071.718,TransLunarCoast,-105032.338330632,-203625.271943549,-111963.564063240,-301072.054,-228160.902,-133987.591,-0.220568195254,-1.019697623181,-0.554617569700
204311.718,TransLunarCoast,-105085.205331106,-203869.858345480,-112096.594856385,-300921.745,-228323.587,-134069.212,-0.219990429848,-1.018522790908,-0.553972593954
204551.718,TransLunarCoast,-105137.933874797,-204114.163073816,-112229.471014086,-300771.433,-228486.270,-134150.831,-0.219414387416,-1.017350341522,-0.553328940056
204791.718,TransLunarCoast,-105190.524374278,-204358.186699225,-112362.192852908,-300620.990,-228648.851,-134232.390,-0.218840060134,-1.016180264827,-0.552686602355
205031.718,TransLunarCoast,-105242.977240252,-204601.929789937,-112494.760688063,-300470.412,-228811.328,-134313.888,-0.218267440232,-1.015012550689,-0.552045575233
205271.718,TransLunarCoast,-105295.292881562,-204845.392911755,-112627.174833419,-300319.833,-228973.805,-134395.386,-0.217696519995,-1.013847189037,-0.551405853108
205511.718,TransLunarCoast,-105347.471705209,-205088.576628072,-112759.435601510,-300168.990,-229136.077,-134476.764,-0.217127291763,-1.012684169859,-0.550767430432
205751.718,TransLunarCoast,-105399.514116360,-205331.481499889,-112891.543303541,-300018.144,-229298.347,-134558.141,-0.216559747927,-1.011523483207,-0.550130301691
205991.718,TransLunarCoast,-105451.420518362,-205574.108085822,-113023.498249398,-299867.168,-229460.516,-134639.458,-0.215993880935,-1.010365119190,-0.549494461404
206231.718,TransLunarCoast,-105503.191312756,-205816.456942125,-113155.300747656,-299716.056,-229622.579,-134720.713,-0.215429683285,-1.009209067981,-0.548859904124
206471.718,TransLunarCoast,-105554.826899290,-206058.528622696,-113286.951105585,-299564.944,-229784.643,-134801.968,-0.214867147528,-1.008055319808,-0.548226624438
206711.718,TransLunarCoast,-105606.327675929,-206300.323679098,-113418.449629163,-299413.568,-229946.501,-134883.102,-0.214306266268,-1.006903864960,-0.547594616964
206951.718,TransLunarCoast,-105657.694038871,-206541.842660571,-113549.796623077,-299262.190,-230108.357,-134964.235,-0.213747032160,-1.005754693787,-0.546963876354
207191.718,TransLunarCoast,-105708.926382554,-206783.086114042,-113680.992390736,-299110.682,-230270.111,-135045.309,-0.213189437908,-1.004607796692,-0.546334397291
207431.718,TransLunarCoast,-105760.025099675,-207024.054584146,-113812.037234277,-298959.038,-230431.760,-135126.320,-0.212633476268,-1.003463164140,-0.545706174492
207671.718,TransLunarCoast,-105810.990581197,-207264.748613234,-113942.931454573,-298807.395,-230593.409,-135207.331,-0.212079140049,-1.002320786650,-0.545079202704
207911.718,TransLunarCoast,-105861.823216361,-207505.168741389,-114073.675351239,-298655.489,-230754.852,-135288.222,-0.211526422104,-1.001180654799,-0.544453476708
208151.718,TransLunarCoast,-105912.523392701,-207745.315506439,-114204.269222641,-298503.580,-230916.293,-135369.111,-0.210975315341,-1.000042759222,-0.543828991313
208391.718,TransLunarCoast,-105963.091496055,-207985.189443972,-114334.713365904,-298351.541,-231077.631,-135449.940,-0.210425812714,-0.998907090606,-0.543205741363
208631.718,TransLunarCoast,-106013.527910575,-208224.791087347,-114465.008076920,-298199.367,-231238.864,-135530.707,-0.209877907225,-0.997773639697,-0.542583721729
208871.718,TransLunarCoast,-106063.833018738,-208464.120967707,-114595.153650352,-298047.194,-231400.097,-135611.474,-0.209331591926,-0.996642397293,-0.541962927315
209111.718,TransLunarCoast,-106114.007201362,-208703.179613996,-114725.150379644,-297894.758,-231561.123,-135692.120,-0.208786859916,-0.995513354249,-0.541343353056
209351.718,TransLunarCoast,-106164.050837612,-208941.967552968,-114854.998557028,-297742.320,-231722.147,-135772.765,-0.208243704340,-0.994386501472,-0.540724993914
209591.718,TransLunarCoast,-106213.964305015,-209180.485309201,-114984.698473531,-297589.752,-231883.069,-135853.349,-0.207702118394,-0.993261829924,-0.540107844885
209831.718,TransLunarCoast,-106263.747979471,-209418.733405111,-115114.250418983,-297437.050,-232043.884,-135933.871,-0.207162095316,-0.992139330620,-0.539491900991
210071.718,TransLunarCoast,-106313.402235259,-209656.712360963,-115243.654682022,-297284.348,-232204.700,-136014.393,-0.206623628393,-0.991018994627,-0.538877157286
210311.718,TransLunarCoast,-106362.927445058,-209894.422694886,-115372.911550103,-297131.384,-232365.307,-136094.794,-0.206086710956,-0.989900813066,-0.538263608853
210551.718,TransLunarCoast,-106412.323979947,-210131.864922883,-115502.021309502,-296978.418,-232525.914,-136175.193,-0.205551336383,-0.988784777108,-0.537651250802
210791.718,TransLunarCoast,-106461.592209425,-210369.039558844,-115630.984245329,-296825.323,-232686.417,-136255.532,-0.205017498098,-0.987670877977,-0.537040078273
211031.718,TransLunarCoast,-106510.732501414,-210605.947114560,-115759.800641528,-296672.094,-232846.814,-136335.808,-0.204485189566,-0.986559106948,-0.536430086436
211271.718,TransLunarCoast,-106559.745222278,-210842.588099733,-115888.470780889,-296518.864,-233007.210,-136416.085,-0.203954404301,-0.985449455348,-0.535821270487
211511.718,TransLunarCoast,-106608.630736825,-211078.963021991,-116016.994945051,-296365.374,-233167.399,-136496.239,-0.203425135857,-0.984341914551,-0.535213625651
211751.718,TransLunarCoast,-106657.389408323,-211315.072386896,-116145.373414511,-296211.882,-233327.586,-136576.393,-0.202897377835,-0.983236475984,-0.534607147182
211991.718,TransLunarCoast,-106706.021598510,-211550.916697960,-116273.606468630,-296058.261,-233487.669,-136656.485,-0.202371123877,-0.982133131124,-0.534001830361
212231.718,TransLunarCoast,-106754.527667604,-211786.496456654,-116401.694385640,-295904.506,-233647.646,-136736.515,-0.201846367669,-0.981031871495,-0.533397670495
212471.718,TransLunarCoast,-106802.907974310,-212021.812162422,-116529.637442651,-295750.751,-233807.623,-136816.546,-0.201323102940,-0.979932688672,-0.532794662920
212711.718,TransLunarCoast,-106851.162875835,-212256.864312691,-116657.435915654,-295596.736,-233967.390,-136896.453,-0.200801323461,-0.978835574277,-0.532192802999
212951.718,TransLunarCoast,-106899.292727896,-212491.653402883,-116785.090079534,-295442.719,-234127.157,-136976.360,-0.200281023044,-0.977740519981,-0.531592086122
213191.718,TransLunarCoast,-106947.297884730,-212726.179926427,-116912.600208069,-295288.574,-234286.819,-137056.206,-0.199762195544,-0.976647517503,-0.530992507704
213431.718,TransLunarCoast,-106995.178699102,-212960.444374771,-117039.966573944,-295134.295,-234446.374,-137135.989,-0.199244834857,-0.975556558608,-0.530394063189
213671.718,TransLunarCoast,-107042.935522321,-213194.447237391,-117167.189448750,-294980.016,-234605.930,-137215.772,-0.198728934919,-0.974467635111,-0.529796748044
213911.718,TransLunarCoast,-107090.568704241,-213428.189001805,-117294.269102994,-294825.478,-234765.275,-137295.433,-0.198214489709,-0.973380738872,-0.529200557766
214151.718,TransLunarCoast,-107138.078593281,-213661.670153582,-117421.205806108,-294670.938,-234924.619,-137375.092,-0.197701493244,-0.972295861796,-0.528605487874
214391.718,TransLunarCoast,-107185.465536423,-213894.891176356,-117547.999826449,-294516.269,-235083.859,-137454.691,-0.197189939583,-0.971212995836,-0.528011533917
214631.718,TransLunarCoast,-107232.729879232,-214127.852551832,-117674.651431308,-294361.468,-235242.992,-137534.226,-0.196679822823,-0.970132132990,-0.527418691465
214871.718,TransLunarCoast,-107279.871965861,-214360.554759803,-117801.160886920,-294206.666,-235402.124,-137613.762,-0.196171137101,-0.969053265302,-0.526826956116
215111.718,TransLunarCoast,-107326.892139058,-214592.998278157,-117927.528458462,-294051.606,-235561.047,-137693.174,-0.195663876593,-0.967976384860,-0.526236323492
215351.718,TransLunarCoast,-107373.790740180,-214825.183582887,-118053.754410066,-293896.544,-235719.967,-137772.586,-0.195158035516,-0.966901483798,-0.525646789241
215591.718,TransLunarCoast,-107420.568109200,-215057.111148104,-118179.839004821,-293741.354,-235878.784,-137851.936,-0.194653608122,-0.965828554293,-0.525058349035
215831.718,TransLunarCoast,-107467.224584716,-215288.781446050,-118305.782504782,-293586.032,-236037.492,-137931.223,-0.194150588704,-0.964757588567,-0.524470998571
216071.718,TransLunarCoast,-107513.760503962,-215520.194947100,-118431.585170972,-293430.709,-236196.201,-138010.510,-0.193648971592,-0.963688578886,-0.523884733570
216311.718,TransLunarCoast,-107560.176202814,-215751.352119783,-118557.247263392,-293275.129,-236354.698,-138089.674,-0.193148751153,-0.962621517557,-0.523299549777
216551.718,TransLunarCoast,-107606.472015802,-215982.253430783,-118682.769041023,-293119.547,-236513.194,-138168.837,-0.192649921793,-0.961556396932,-0.522715442961
216791.718,TransLunarCoast,-107652.648276117,-216212.899344958,-118808.150761835,-292963.837,-236671.585,-138247.939,-0.192152477953,-0.960493209407,-0.522132408915
217031.718,TransLunarCoast,-107698.705315619,-216443.290325342,-118933.392682790,-292807.995,-236829.868,-138326.977,-0.191656414112,-0.959431947418,-0.521550443457
217271.718,TransLunarCoast,-107744.643464852,-216673.426833160,-119058.495059849,-292652.153,-236988.151,-138406.015,-0.191161724787,-0.958372603445,-0.520969542427
217511.718,TransLunarCoast,-107790.463053042,-216903.309327838,-119183.458147978,-292496.055,-237146.223,-138484.930,-0.190668404529,-0.957315170008,-0.520389701687
217751.718,TransLunarCoast,-107836.164408118,-217132.938267011,-119308.282201153,-292339.953,-237304.293,-138563.843,-0.190176447924,-0.956259639669,-0.519810917126
217991.718,TransLunarCoast,-107881.747856708,-217362.314106535,-119432.967472365,-292183.725,-237462.258,-138642.695,-0.189685849599,-0.955206005032,-0.519233184653
218231.718,TransLunarCoast,-107927.213724160,-217591.437300495,-119557.514213628,-292027.365,-237620.114,-138721.484,-0.189196604210,-0.954154258743,-0.518656500199
218471.718,TransLunarCoast,-107972.562334539,-217820.308301214,-119681.922675979,-291871.006,-237777.970,-138800.273,-0.188708706452,-0.953104393485,-0.518080859722
218711.718,TransLunarCoast,-108017.794010645,-218048.927559268,-119806.193109490,-291714.390,-237935.615,-138878.937,-0.188222151055,-0.952056401984,-0.517506259198
218951.718,TransLunarCoast,-108062.909074015,-218277.295523488,-119930.325763270,-291557.771,-238093.257,-138957.601,-0.187736932782,-0.951010277006,-0.516932694627
219191.718,TransLunarCoast,-108107.907844934,-218505.412640977,-120054.320885469,-291401.026,-238250.794,-139036.203,-0.187253046431,-0.949966011356,-0.516360162032
219431.718,TransLunarCoast,-108152.790642443,-218733.279357113,-120178.178723287,-291244.150,-238408.222,-139114.742,-0.186770486835,-0.948923597879,-0.515788657457
219671.718,TransLunarCoast,-108197.557784345,-218960.896115563,-120301.899522976,-291087.274,-238565.651,-139193.280,-0.186289248860,-0.947883029458,-0.515218176968
219911.718,TransLunarCoast,-108242.209587217,-219188.263358291,-120425.483529845,-290930.142,-238722.866,-139271.694,-0.185809327406,-0.946844299016,-0.514648716652
220151.718,TransLunarCoast,-108286.746366416,-219415.381525566,-120548.930988271,-290773.008,-238880.080,-139350.107,-0.185330717407,-0.945807399514,-0.514080272619
220391.718,TransLunarCoast,-108331.168436086,-219642.251055973,-120672.242141696,-290615.748,-239037.188,-139428.458,-0.184853413828,-0.944772323952,-0.513512841000
220631.718,TransLunarCoast,-108375.476109167,-219868.872386421,-120795.417232636,-290458.357,-239194.187,-139506.746,-0.184377411671,-0.943739065367,-0.512946417947
220871.718,TransLunarCoast,-108419.669697404,-220095.245952153,-120918.456502689,-290300.966,-239351.186,-139585.033,-0.183902705966,-0.942707616836,-0.512380999633
221111.718,TransLunarCoast,-108463.749511352,-220321.372186755,-121041.360192535,-290143.320,-239507.971,-139663.196,-0.183429291779,-0.941677971470,-0.511816582250
221351.718,TransLunarCoast,-108507.715860387,-220547.251522164,-121164.128541941,-289985.672,-239664.755,-139741.358,-0.182957164206,-0.940650122419,-0.511253162015
221591.718,TransLunarCoast,-108551.569052710,-220772.884388677,-121286.761789772,-289827.898,-239821.433,-139819.458,-0.182486318377,-0.939624062872,-0.510690735163
221831.718,TransLunarCoast,-108595.309395360,-220998.271214960,-121409.260173990,-289669.994,-239978.001,-139897.494,-0.182016749452,-0.938599786051,-0.510129297948
222071.718,TransLunarCoast,-108638.937194215,-221223.412428060,-121531.623931661,-289512.089,-240134.569,-139975.530,-0.181548452623,-0.937577285217,-0.509568846649
222311.718,TransLunarCoast,-108682.452754004,-221448.308453407,-121653.853298959,-289353.931,-240290.924,-140053.441,-0.181081423114,-0.936556553667,-0.509009377560
222551.718,TransLunarCoast,-108725.856378315,-221672.959714829,-121775.948511172,-289195.770,-240447.276,-140131.351,-0.180615656181,-0.935537584732,-0.508450886998
222791.718,TransLunarCoast,-108769.148369600,-221897.366634557,-121897.909802707,-289037.484,-240603.522,-140209.199,-0.180151147107,-0.934520371781,-0.507893371299
223031.718,TransLunarCoast,-108812.329029181,-222121.529633235,-122019.737407093,-288879.068,-240759.658,-140286.983,-0.179687891210,-0.933504908217,-0.507336826820
223271.718,TransLunarCoast,-108855.398657262,-222345.449129927,-122141.431556988,-288720.652,-240915.795,-140364.767,-0.179225883836,-0.932491187479,-0.506781249937
223511.718,TransLunarCoast,-108898.357552934,-222569.125542129,-122262.992484182,-288561.982,-241071.716,-140442.425,-0.178765120363,-0.931479203041,-0.506226637044
223751.718,TransLunarCoast,-108941.206014181,-222792.559285772,-122384.420419601,-288403.311,-241227.636,-140520.083,-0.178305596196,-0.930468948410,-0.505672984556
223991.718,TransLunarCoast,-108983.944337888,-223015.750775233,-122505.715593315,-288244.514,-241383.449,-140597.678,-0.177847306773,-0.929460417129,-0.505120288906
224231.718,TransLunarCoast,-109026.572819848,-223238.700423348,-122626.878234539,-288085.587,-241539.152,-140675.209,-0.177390247560,-0.928453602776,-0.504568546548
224471.718,TransLunarCoast,-109069.091754773,-223461.408641409,-122747.908571640,-287926.661,-241694.855,-140752.740,-0.176934414053,-0.927448498960,-0.504017753954
224711.718,TransLunarCoast,-109111.501436292,-223683.875839183,-122868.806832138,-287767.482,-241850.343,-140830.145,-0.176479801777,-0.926445099327,-0.503467907614
224951.718,TransLunarCoast,-109153.802156968,-223906.102424915,-122989.573242715,-287608.301,-242005.829,-140907.549,-0.176026406285,-0.925443397555,-0.502919004038
225191.718,TransLunarCoast,-109195.994208299,-224128.088805335,-123110.208029219,-287448.995,-242161.207,-140984.891,-0.175574223161,-0.924443387355,-0.502371039752
225431.718,TransLunarCoast,-109238.077880724,-224349.835385670,-123230.711416664,-287289.560,-242316.476,-141062.169,-0.175123248015,-0.923445062471,-0.501824011305
225671.718,TransLunarCoast,-109280.053463635,-224571.342569649,-123351.083629238,-287130.125,-242471.744,-141139.446,-0.174673476488,-0.922448416681,-0.501277915260
225911.718,TransLunarCoast,-109321.921245381,-224792.610759509,-123471.324890307,-286970.438,-242626.797,-141216.598,-0.174224904246,-0.921453443794,-0.500732748201
226151.718,TransLunarCoast,-109363.681513272,-225013.640356009,-123591.435422421,-286810.749,-242781.847,-141293.749,-0.173777526987,-0.920460137652,-0.500188506728
226391.718,TransLunarCoast,-109405.334553591,-225234.431758432,-123711.415447313,-286650.935,-242936.791,-141370.837,-0.173331340434,-0.919468492129,-0.499645187460
226631.718,TransLunarCoast,-109446.880651597,-225454.985364593,-123831.265185909,-286490.993,-243091.623,-141447.860,-0.172886340337,-0.918478501132,-0.499102787033
226871.718,TransLunarCoast,-109488.320091532,-225675.301570852,-123950.984858329,-286331.051,-243246.456,-141524.884,-0.172442522477,-0.917490158598,-0.498561302103
227111.718,TransLunarCoast,-109529.653156629,-225895.380772115,-124070.574683892,-286170.858,-243401.071,-141601.781,-0.171999882659,-0.916503458497,-0.498020729341
227351.718,TransLunarCoast,-109570.880129118,-226115.223361845,-124190.034881121,-286010.662,-243555.686,-141678.677,-0.171558416715,-0.915518394828,-0.497481065436
227591.718,TransLunarCoast,-109612.001290231,-226334.829732069,-124309.365667746,-285850.343,-243710.192,-141755.510,-0.171118120507,-0.914534961623,-0.496942307096
227831.718,TransLunarCoast,-109653.016920211,-226554.200273386,-124428.567260710,-285689.895,-243864.587,-141832.279,-0.170678989921,-0.913553152945,-0.496404451043
228071.718,TransLunarCoast,-109693.927298316,-226773.335374973,-124547.639876169,-285529.447,-244018.983,-141909.048,-0.170241020870,-0.912572962887,-0.495867494020
228311.718,TransLunarCoast,-109734.732702827,-226992.235424592,-124666.583729502,-285368.749,-244173.161,-141985.690,-0.169804209293,-0.911594385572,-0.495331432784
228551.718,TransLunarCoast,-109775.433411052,-227210.900808599,-124785.399035310,-285208.049,-244327.337,-142062.331,-0.169368551158,-0.910617415152,-0.494796264109
228791.718,TransLunarCoast,-109816.029699337,-227429.331911951,-124904.086007423,-285047.225,-244481.406,-142138.909,-0.168934042455,-0.909642045813,-0.494261984789
229031.718,TransLunarCoast,-109856.521843066,-227647.529118212,-125022.644858902,-284886.273,-244635.362,-142215.423,-0.168500679202,-0.908668271767,-0.493728591630
229271.718,TransLunarCoast,-109896.910116673,-227865.492809562,-125141.075802044,-284725.321,-244789.319,-142291.936,-0.168068457442,-0.907696087257,-0.493196081458
229511.718,TransLunarCoast,-109937.194793643,-228083.223366800,-125259.379048388,-284564.120,-244943.058,-142368.322,-0.167637373245,-0.906725486555,-0.492664451113
229751.718,TransLunarCoast,-109977.376146523,-228300.721169357,-125377.554808713,-284402.917,-245096.795,-142444.708,-0.167207422705,-0.905756463962,-0.492133697455
229991.718,TransLunarCoast,-110017.454446924,-228517.986595297,-125495.603293051,-284241.590,-245250.424,-142521.030,-0.166778601941,-0.904789013810,-0.491603817355
230231.718,TransLunarCoast,-110057.429965529,-228735.020021330,-125613.524710680,-284080.136,-245403.942,-142597.288,-0.166350907098,-0.903823130457,-0.491074807704
230471.718,TransLunarCoast,-110097.302972098,-228951.821822812,-125731.319270137,-283918.681,-245557.459,-142673.545,-0.165924334344,-0.902858808291,-0.490546665408
230711.718,TransLunarCoast,-110137.073735477,-229168.392373757,-125848.987179217,-283756.978,-245710.757,-142749.675,-0.165498879874,-0.901896041728,-0.490019387388
230832.315,TransLunarCoast,-110157.019535502,-229277.129190978,-125908.066088585,-283675.724,-245787.787,-142787.929,-0.165285515272,-0.901412849040,-0.489754762065
230903.957,TransLunarCoast,-110168.856351159,-229341.697753613,-125943.147373363,-283627.453,-245833.547,-142810.654,-0.165158897037,-0.901125988831,-0.489597661665
231191.718,TransLunarCoast,-110215.804103502,-229601.352895176,-126084.210565910,-283433.445,-246017.242,-142901.870,-0.164637723332,-0.899988302103,-0.488998617027
231431.718,TransLunarCoast,-110255.266480762,-229817.235081134,-126201.507252583,-283271.490,-246170.318,-142977.871,-0.164215604702,-0.899030170258,-0.488473914181
231671.718,TransLunarCoast,-110294.627682025,-230032.887499586,-126318.678112886,-283109.535,-246323.395,-143053.872,-0.163794589399,-0.898073571991,-0.487950063446
231911.718,TransLunarCoast,-110333.887971645,-230248.310517940,-126435.723350966,-282947.332,-246476.252,-143129.745,-0.163374673740,-0.897118501858,-0.487427061821
232151.718,TransLunarCoast,-110373.047613099,-230463.504502295,-126552.643170250,-282785.127,-246629.107,-143205.617,-0.162955854063,-0.896164954442,-0.486904906322
232391.718,TransLunarCoast,-110412.106868983,-230678.469817458,-126669.437773453,-282622.799,-246781.853,-143281.426,-0.162538126731,-0.895212924353,-0.486383593977
232631.718,TransLunarCoast,-110451.066001028,-230893.206826942,-126786.107362575,-282460.344,-246934.487,-143357.169,-0.162121488128,-0.894262406226,-0.485863121833
232871.718,TransLunarCoast,-110489.925270096,-231107.715892977,-126902.652138913,-282297.890,-247087.121,-143432.913,-0.161705934665,-0.893313394726,-0.485343486949
233111.718,TransLunarCoast,-110528.684936193,-231321.997376516,-127019.072303058,-282135.188,-247239.535,-143508.529,-0.161291462774,-0.892365884543,-0.484824686399
233351.718,TransLunarCoast,-110567.345258469,-231536.051637240,-127135.368054899,-281972.484,-247391.947,-143584.143,-0.160878068910,-0.891419870392,-0.484306717275
233591.718,TransLunarCoast,-110605.906495230,-231749.879033566,-127251.539593632,-281809.658,-247544.250,-143659.695,-0.160465749551,-0.890475347015,-0.483789576678
233831.718,TransLunarCoast,-110644.368903934,-231963.479922651,-127367.587117756,-281646.706,-247696.440,-143735.180,-0.160054501199,-0.889532309183,-0.483273261729
234071.718,TransLunarCoast,-110682.732741207,-232176.854660401,-127483.510825084,-281483.754,-247848.630,-143810.666,-0.159644320377,-0.888590751689,-0.482757769561
234311.718,TransLunarCoast,-110720.998262841,-232390.003601474,-127599.310912740,-281320.555,-248000.600,-143886.023,-0.159235203631,-0.887650669353,-0.482243097321
234551.718,TransLunarCoast,-110759.165723802,-232602.927099290,-127714.987577165,-281157.355,-248152.568,-143961.380,-0.158827147531,-0.886712057021,-0.481729242171
234791.718,TransLunarCoast,-110797.235378235,-232815.625506034,-127830.541014123,-280994.032,-248304.427,-144036.673,-0.158420148666,-0.885774909564,-0.481216201288
235031.718,TransLunarCoast,-110835.207479469,-233028.099172663,-127945.971418700,-280830.584,-248456.172,-144111.900,-0.158014203649,-0.884839221879,-0.480703971861
235271.718,TransLunarCoast,-110873.082280025,-233240.348448911,-128061.278985309,-280667.135,-248607.918,-144187.127,-0.157609309116,-0.883904988886,-0.480192551095
235511.718,TransLunarCoast,-110910.860031616,-233452.373683299,-128176.463907696,-280503.441,-248759.442,-144262.226,-0.157205461722,-0.882972205532,-0.479681936207
235751.718,TransLunarCoast,-110948.540985157,-233664.175223135,-128291.526378937,-280339.745,-248910.965,-144337.323,-0.156802658147,-0.882040866787,-0.479172124431
235991.718,TransLunarCoast,-110986.125390768,-233875.753414525,-128406.466591451,-280175.928,-249062.378,-144412.357,-0.156400895090,-0.881110967648,-0.478663113011
236231.718,TransLunarCoast,-111023.613497779,-234087.108602376,-128521.284736992,-280011.985,-249213.677,-144487.326,-0.156000169271,-0.880182503134,-0.478154899207
236471.718,TransLunarCoast,-111061.005554737,-234298.241130403,-128635.981006661,-279848.041,-249364.976,-144562.294,-0.155600477435,-0.879255468288,-0.477647480292
236711.718,TransLunarCoast,-111098.301809407,-234509.151341134,-128750.555590906,-279683.854,-249516.054,-144637.133,-0.155201816343,-0.878329858180,-0.477140853553
236951.718,TransLunarCoast,-111135.502508784,-234719.839575916,-128865.008679525,-279519.664,-249667.130,-144711.971,-0.154804182782,-0.877405667902,-0.476635016288
237191.718,TransLunarCoast,-111172.607899090,-234930.306174922,-128979.340461668,-279355.353,-249818.096,-144786.746,-0.154407573557,-0.876482892568,-0.476129965812
237431.718,TransLunarCoast,-111209.618225784,-235140.551477155,-129093.551125844,-279190.917,-249968.948,-144861.454,-0.154011985495,-0.875561527319,-0.475625699450
237671.718,TransLunarCoast,-111246.533733568,-235350.575820455,-129207.640859920,-279026.481,-250119.800,-144936.162,-0.153617415442,-0.874641567317,-0.475122214543
237911.718,TransLunarCoast,-111283.354666386,-235560.379541502,-129321.609851129,-278861.801,-250270.429,-145010.742,-0.153223860266,-0.873723007749,-0.474619508442
238151.718,TransLunarCoast,-111320.081267437,-235769.962975825,-129435.458286066,-278697.119,-250421.057,-145085.320,-0.152831316857,-0.872805843823,-0.474117578513
238391.718,TransLunarCoast,-111356.713779172,-235979.326457807,-129549.186350699,-278532.316,-250571.575,-145159.834,-0.152439782122,-0.871890070774,-0.473616422134
238631.718,TransLunarCoast,-111393.252443304,-236188.470320687,-129662.794230366,-278367.388,-250721.978,-145234.282,-0.152049252990,-0.870975683854,-0.473116036697
238871.718,TransLunarCoast,-111429.697500811,-236397.394896570,-129776.282109781,-278202.461,-250872.381,-145308.730,-0.151659726410,-0.870062678344,-0.472616419606
239111.718,TransLunarCoast,-111466.049191942,-236606.100516429,-129889.650173037,-278037.290,-251022.562,-145383.049,-0.151271199351,-0.869151049542,-0.472117568277
239351.718,TransLunarCoast,-111502.307756220,-236814.587510112,-130002.898603609,-277872.118,-251172.741,-145457.367,-0.150883668802,-0.868240792773,-0.471619480139
239591.718,TransLunarCoast,-111538.473432448,-237022.856206350,-130116.027584355,-277706.825,-251322.808,-145531.620,-0.150497131772,-0.867331903381,-0.471122152634
239831.718,TransLunarCoast,-111574.546458714,-237230.906932755,-130229.037297521,-277541.407,-251472.762,-145605.807,-0.150111585288,-0.866424376733,-0.470625583217
240071.718,TransLunarCoast,-111610.527072394,-237438.740015832,-130341.927924743,-277375.990,-251622.716,-145679.994,-0.149727026399,-0.865518208220,-0.470129769352
240311.718,TransLunarCoast,-111646.415510158,-237646.355780984,-130454.699647052,-277210.330,-251772.446,-145754.052,-0.149343452171,-0.864613393252,-0.469634708519
240551.718,TransLunarCoast,-111682.212007976,-237853.754552511,-130567.352644874,-277044.668,-251922.174,-145828.108,-0.148960859693,-0.863709927262,-0.469140398210
240791.718,TransLunarCoast,-111717.916801119,-238060.936653624,-130679.887098035,-276878.887,-252071.791,-145902.100,-0.148579246068,-0.862807805704,-0.468646835925
241031.718,TransLunarCoast,-111753.530124167,-238267.902406442,-130792.303185762,-276712.981,-252221.293,-145976.026,-0.148198608423,-0.861907024056,-0.468154019182
241271.718,TransLunarCoast,-111789.052211012,-238474.652132003,-130904.601086687,-276547.076,-252370.796,-146049.952,-0.147818943901,-0.861007577814,-0.467661945506
241511.718,TransLunarCoast,-111824.483294862,-238681.186150266,-131016.780978853,-276380.928,-252520.074,-146123.747,-0.147440249665,-0.860109462496,-0.467170612436
241751.718,TransLunarCoast,-111859.823608249,-238887.504780118,-131128.843039709,-276214.779,-252669.351,-146197.542,-0.147062522898,-0.859212673642,-0.466680017523
241991.718,TransLunarCoast,-111895.073383027,-239093.608339377,-131240.787446122,-276048.511,-252818.516,-146271.272,-0.146685760799,-0.858317206813,-0.466190158329
242231.718,TransLunarCoast,-111930.232850383,-239299.497144797,-131352.614374371,-275882.118,-252967.566,-146344.935,-0.146309960587,-0.857423057589,-0.465701032429
242471.718,TransLunarCoast,-111965.302240839,-239505.171512076,-131464.324000158,-275715.726,-253116.616,-146418.599,-0.145935119502,-0.856530221573,-0.465212637407
242711.718,TransLunarCoast,-112000.281784254,-239710.631755858,-131575.916498604,-275549.093,-253265.441,-146492.132,-0.145561234797,-0.855638694387,-0.464724970860
242951.718,TransLunarCoast,-112035.171709834,-239915.878189739,-131687.392044257,-275382.458,-253414.265,-146565.664,-0.145188303749,-0.854748471673,-0.464238030398
243191.718,TransLunarCoast,-112069.972246129,-240120.911126272,-131798.750811092,-275215.704,-253562.977,-146639.132,-0.144816323649,-0.853859549095,-0.463751813640
243431.718,TransLunarCoast,-112104.683621046,-240325.730876970,-131909.992972511,-275048.827,-253711.573,-146712.533,-0.144445291809,-0.852971922336,-0.463266318217
243671.718,TransLunarCoast,-112139.306061844,-240530.337752315,-132021.118701354,-274881.949,-253860.170,-146785.933,-0.144075205557,-0.852085587099,-0.462781541773
243911.718,TransLunarCoast,-112173.839795148,-240734.732061757,-132132.128169893,-274714.832,-254008.541,-146859.203,-0.143706062240,-0.851200539107,-0.462297481959
244151.718,TransLunarCoast,-112208.285046944,-240938.914113725,-132243.021549838,-274547.713,-254156.910,-146932.473,-0.143337859223,-0.850316774102,-0.461814136441
244391.718,TransLunarCoast,-112242.642042589,-241142.884215626,-132353.799012342,-274380.475,-254305.168,-147005.677,-0.142970593889,-0.849434287848,-0.461331502895
244631.718,TransLunarCoast,-112276.911006817,-241346.642673855,-132464.460728000,-274213.114,-254453.309,-147078.814,-0.142604263638,-0.848553076126,-0.460849579008
244871.718,TransLunarCoast,-112311.092163735,-241550.189793794,-132575.006866854,-274045.753,-254601.451,-147151.952,-0.142238865887,-0.847673134737,-0.460368362476
245111.718,TransLunarCoast,-112345.185736837,-241753.525879821,-132685.437598394,-273878.153,-254749.367,-147224.958,-0.141874398072,-0.846794459503,-0.459887851009
245351.718,TransLunarCoast,-112379.191949001,-241956.651235314,-132795.753091561,-273710.551,-254897.281,-147297.964,-0.141510857646,-0.845917046262,-0.459408042325
245591.718,TransLunarCoast,-112413.111022496,-242159.566162655,-132905.953514751,-273542.831,-255045.083,-147370.904,-0.141148242079,-0.845040890875,-0.458928934155
245831.718,TransLunarCoast,-112446.943178986,-242362.270963233,-133016.039035816,-273374.988,-255192.768,-147443.778,-0.140786548858,-0.844165989217,-0.458450524239
246071.718,TransLunarCoast,-112480.688639536,-242564.765937449,-133126.009822066,-273207.146,-255340.454,-147516.651,-0.140425775488,-0.843292337187,-0.457972810328
246311.718,TransLunarCoast,-112514.347624610,-242767.051384726,-133235.866040275,-273039.065,-255487.913,-147589.393,-0.140065919490,-0.842419930698,-0.457495790184
246551.718,TransLunarCoast,-112547.920354084,-242969.127603503,-133345.607856678,-272870.982,-255635.370,-147662.135,-0.139706978404,-0.841548765685,-0.457019461578
246791.718,TransLunarCoast,-112581.407047242,-243170.994891249,-133455.235436978,-272702.781,-255782.715,-147734.811,-0.139348949785,-0.840678838101,-0.456543822294
247031.718,TransLunarCoast,-112614.807922784,-243372.653544463,-133564.748946348,-272534.458,-255929.944,-147807.420,-0.138991831205,-0.839810143915,-0.456068870123
247271.718,TransLunarCoast,-112648.123198830,-243574.103858679,-133674.148549430,-272366.135,-256077.172,-147880.029,-0.138635620254,-0.838942679116,-0.455594602869
247511.718,TransLunarCoast,-112681.353092924,-243775.346128470,-133783.434410343,-272197.575,-256224.173,-147952.506,-0.138280314537,-0.838076439712,-0.455121018346
247751.718,TransLunarCoast,-112714.497822037,-243976.380647454,-133892.606692681,-272029.012,-256371.173,-148024.983,-0.137925911678,-0.837211421727,-0.454648114376
247991.718,TransLunarCoast,-112747.557602569,-244177.207708296,-134001.665559515,-271860.332,-256518.059,-148097.394,-0.137572409315,-0.836347621204,-0.454175888792
248231.718,TransLunarCoast,-112780.532650360,-244377.827602714,-134110.611173399,-271691.531,-256664.829,-148169.738,-0.137219805105,-0.835485034203,-0.453704339439
248471.718,TransLunarCoast,-112813.423180686,-244578.240621481,-134219.443696372,-271522.729,-256811.599,-148242.081,-0.136868096718,-0.834623656803,-0.453233464170
248711.718,TransLunarCoast,-112846.229408266,-244778.447054435,-134328.163289957,-271353.691,-256958.141,-148314.293,-0.136517281843,-0.833763485100,-0.452763260848
248951.718,TransLunarCoast,-112878.951547268,-244978.447190474,-134436.770115165,-271184.651,-257104.682,-148386.504,-0.136167358186,-0.832904515206,-0.452293727345
249191.718,TransLunarCoast,-112911.589811310,-245178.241317569,-134545.264332499,-271015.493,-257251.109,-148458.650,-0.135818323466,-0.832046743254,-0.451824861546
249431.718,TransLunarCoast,-112944.144413465,-245377.829722763,-134653.646101954,-270846.215,-257397.419,-148530.728,-0.135470175421,-0.831190165389,-0.451356661342
249671.718,TransLunarCoast,-112976.615566266,-245577.212692176,-134761.915583022,-270676.936,-257543.729,-148602.806,-0.135122911804,-0.830334777778,-0.450889124636
249911.718,TransLunarCoast,-113009.003481707,-245776.390511011,-134870.072934692,-270507.422,-257689.811,-148674.752,-0.134776530382,-0.829480576602,-0.450422249340
250151.718,TransLunarCoast,-113041.308371248,-245975.363463556,-134978.118315452,-270337.906,-257835.891,-148746.697,-0.134431028942,-0.828627558060,-0.449956033374
250391.718,TransLunarCoast,-113073.530445821,-246174.131833188,-135086.051883293,-270168.272,-257981.858,-148818.577,-0.134086405283,-0.827775718369,-0.449490474671
250631.718,TransLunarCoast,-113105.669915832,-246372.695902379,-135193.873795710,-269998.518,-258127.707,-148890.389,-0.133742657223,-0.826925053760,-0.449025571171
250871.718,TransLunarCoast,-113137.726991163,-246571.055952699,-135301.584209707,-269828.764,-258273.557,-148962.200,-0.133399782592,-0.826075560484,-0.448561320823
251111.718,TransLunarCoast,-113169.701881178,-246769.212264819,-135409.183281794,-269658.775,-258419.177,-149033.880,-0.133057779239,-0.825227234805,-0.448097721586
251351.718,TransLunarCoast,-113201.594794729,-246967.165118516,-135516.671167995,-269488.784,-258564.796,-149105.558,-0.132716645028,-0.824380073005,-0.447634771429
251591.718,TransLunarCoast,-113233.405940153,-247164.914792676,-135624.048023845,-269318.677,-258710.300,-149177.171,-0.132376377835,-0.823534071384,-0.447172468329
251831.718,TransLunarCoast,-113265.135525283,-247362.461565300,-135731.314004396,-269148.449,-258855.688,-149248.716,-0.132036975557,-0.822689226256,-0.446710810273
252071.718,TransLunarCoast,-113296.783757446,-247559.805713505,-135838.469264219,-268978.222,-259001.075,-149320.261,-0.131698436102,-0.821845533951,-0.446249795257
252311.718,TransLunarCoast,-113328.350843472,-247756.947513530,-135945.513957403,-268807.759,-259146.233,-149391.673,-0.131360757396,-0.821002990817,-0.445789421286
252551.718,TransLunarCoast,-113359.836989691,-247953.887240739,-136052.448237561,-268637.295,-259291.388,-149463.084,-0.131023937377,-0.820161593216,-0.445329686374
252791.718,TransLunarCoast,-113391.242401944,-248150.625169626,-136159.272257829,-268466.716,-259436.430,-149534.430,-0.130687974003,-0.819321337526,-0.444870588544
253031.718,TransLunarCoast,-113422.567285582,-248347.161573816,-136265.986170871,-268296.016,-259581.354,-149605.707,-0.130352865242,-0.818482220144,-0.444412125827
253271.718,TransLunarCoast,-113453.811845468,-248543.496726072,-136372.590128878,-268125.316,-259726.278,-149676.984,-0.130018609081,-0.817644237477,-0.443954296264
253511.718,TransLunarCoast,-113484.976285988,-248739.630898297,-136479.084283574,-267954.382,-259870.972,-149748.129,-0.129685203520,-0.816807385952,-0.443497097905
253751.718,TransLunarCoast,-113516.060811047,-248935.564361536,-136585.468786214,-267783.447,-260015.664,-149819.273,-0.129352646574,-0.815971662010,-0.443040528807
253991.718,TransLunarCoast,-113547.065624076,-249131.297385984,-136691.743787588,-267612.396,-260160.241,-149890.350,-0.129020936275,-0.815137062107,-0.442584587038
254231.718,TransLunarCoast,-113577.990928034,-249326.830240988,-136797.909438024,-267441.226,-260304.701,-149961.359,-0.128690070666,-0.814303582715,-0.442129270674
254471.718,TransLunarCoast,-113608.836925416,-249522.163195047,-136903.965887390,-267270.055,-260449.160,-150032.369,-0.128360047809,-0.813471220321,-0.441674577797
254711.718,TransLunarCoast,-113639.603818249,-249717.296515822,-137009.913285093,-267098.652,-260593.389,-150103.245,-0.128030865778,-0.812639971427,-0.441220506502
254951.718,TransLunarCoast,-113670.291808102,-249912.230470133,-137115.751780086,-266927.247,-260737.616,-150174.120,-0.127702522661,-0.811809832549,-0.440767054889
255191.718,TransLunarCoast,-113700.901096088,-250106.965323969,-137221.481520864,-266755.727,-260881.728,-150244.929,-0.127375016564,-0.810980800220,-0.440314221069
255431.718,TransLunarCoast,-113731.431882864,-250301.501342487,-137327.102655471,-266584.087,-261025.722,-150315.670,-0.127048345605,-0.810152870986,-0.439862003158
255671.718,TransLunarCoast,-113761.884368640,-250495.838790015,-137432.615331502,-266412.448,-261169.715,-150386.411,-0.126722507917,-0.809326041409,-0.439410399283
255911.718,TransLunarCoast,-113792.258753178,-250689.977930061,-137538.019696101,-266240.577,-261313.478,-150457.018,-0.126397501648,-0.808500308065,-0.438959407580
256151.718,TransLunarCoast,-113822.555235797,-250883.919025312,-137643.315895966,-266068.704,-261457.238,-150527.624,-0.126073324959,-0.807675667545,-0.438509026191
256391.718,TransLunarCoast,-113852.774015379,-251077.662337637,-137748.504077350,-265896.716,-261600.884,-150598.164,-0.125749976028,-0.806852116453,-0.438059253267
256631.718,TransLunarCoast,-113882.915290366,-251271.208128093,-137853.584386064,-265724.609,-261744.411,-150668.636,-0.125427453044,-0.806029651409,-0.437610086968
256871.718,TransLunarCoast,-113912.979258772,-251464.556656928,-137958.556967478,-265552.503,-261887.937,-150739.107,-0.125105754214,-0.805208269048,-0.437161525462
257111.718,TransLunarCoast,-113942.966118178,-251657.708183582,-138063.421966523,-265380.165,-262031.232,-150809.445,-0.124784877755,-0.804387966016,-0.436713566923
257351.718,TransLunarCoast,-113972.876065743,-251850.662966695,-138168.179527693,-265207.825,-262174.525,-150879.782,-0.124464821902,-0.803568738977,-0.436266209536
257591.718,TransLunarCoast,-114002.709298200,-252043.421264105,-138272.829795048,-265035.371,-262317.703,-150950.052,-0.124145584902,-0.802750584606,-0.435819451492
257831.718,TransLunarCoast,-114032.466011865,-252235.983332855,-138377.372912213,-264862.799,-262460.762,-151020.254,-0.123827165017,-0.801933499595,-0.435373290990
258071.718,TransLunarCoast,-114062.146402639,-252428.349429195,-138481.809022383,-264690.227,-262603.821,-151090.456,-0.123509560523,-0.801117480646,-0.434927726239
258311.718,TransLunarCoast,-114091.750666011,-252620.519808587,-138586.138268325,-264517.424,-262746.647,-151160.523,-0.123192769709,-0.800302524477,-0.434482755453
258551.718,TransLunarCoast,-114121.278997058,-252812.494725705,-138690.360792375,-264344.620,-262889.471,-151230.590,-0.122876790879,-0.799488627821,-0.434038376855
258791.718,TransLunarCoast,-114150.731590457,-253004.274434442,-138794.476736449,-264171.701,-263032.180,-151300.590,-0.122561622351,-0.798675787423,-0.433594588677
259031.718,TransLunarCoast,-114180.108640477,-253195.859187910,-138898.486242033,-263998.665,-263174.770,-151370.522,-0.122247262455,-0.797864000042,-0.433151389157
259271.718,TransLunarCoast,-114209.410340993,-253387.249238445,-139002.389450196,-263825.629,-263317.359,-151440.453,-0.121933709538,-0.797053262449,-0.432708776541
259511.718,TransLunarCoast,-114238.636885483,-253578.444837611,-139106.186501585,-263652.363,-263459.715,-151510.250,-0.121620961959,-0.796243571430,-0.432266749083
259751.718,TransLunarCoast,-114267.788467030,-253769.446236201,-139209.877536429,-263479.096,-263602.070,-151580.046,-0.121309018090,-0.795434923785,-0.431825305044
259991.718,TransLunarCoast,-114296.865278333,-253960.253684243,-139313.462694541,-263305.714,-263744.309,-151649.776,-0.120997876318,-0.794627316326,-0.431384442694
260231.718,TransLunarCoast,-114325.867511703,-254150.867430998,-139416.942115320,-263132.216,-263886.428,-151719.436,-0.120687535043,-0.793820745877,-0.430944160310
260471.718,TransLunarCoast,-114354.795359067,-254341.287724972,-139520.315937750,-262958.717,-264028.547,-151789.097,-0.120377992680,-0.793015209279,-0.430504456175
260711.718,TransLunarCoast,-114383.649011976,-254531.514813908,-139623.584300407,-262784.990,-264170.432,-151858.623,-0.120069247655,-0.792210703382,-0.430065328580
260951.718,TransLunarCoast,-114412.428661604,-254721.548944800,-139726.747341456,-262611.261,-264312.315,-151928.147,-0.119761298410,-0.791407225050,-0.429626775825
261191.718,TransLunarCoast,-114441.134498751,-254911.390363888,-139829.805198655,-262437.418,-264454.083,-151997.605,-0.119454143400,-0.790604771161,-0.429188796216
261431.718,TransLunarCoast,-114469.766713851,-255101.039316664,-139932.758009356,-262263.459,-264595.730,-152066.994,-0.119147781092,-0.789803338605,-0.428751388066
261671.718,TransLunarCoast,-114498.325496970,-255290.496047877,-140035.605910509,-262089.500,-264737.378,-152136.383,-0.118842209968,-0.789002924285,-0.428314549696
261911.718,TransLunarCoast,-114526.811037811,-255479.760801533,-140138.349038659,-261915.312,-264878.791,-152205.638,-0.118537428524,-0.788203525116,-0.427878279433
262030.526,TransLunarCoast,-114546.543083000,-255569.891023000,-140191.781083000,-261829.083,-264948.794,-152239.920,-0.119840425000,-0.786990177000,-0.428349928000
262270.526,TransLunarCoast,-114575.268335343,-255758.672900740,-140294.532802691,-261654.894,-265090.205,-152309.173,-0.119536808870,-0.786192305837,-0.427914496832
262510.526,TransLunarCoast,-114603.920814085,-255947.263410482,-140397.180086568,-261480.479,-265231.383,-152378.292,-0.119233978084,-0.785395443176,-0.427479629268
262750.526,TransLunarCoast,-114632.500707535,-256135.662793901,-140499.723069697,-261306.060,-265372.558,-152447.409,-0.118931931190,-0.784599585970,-0.427045323661
262990.526,TransLunarCoast,-114661.008203652,-256323.871291941,-140602.161886751,-261131.530,-265513.617,-152516.460,-0.118630666748,-0.783804731187,-0.426611578372
263230.526,TransLunarCoast,-114689.443490056,-256511.889144823,-140704.496672010,-260956.883,-265654.555,-152585.440,-0.118330183332,-0.783010875808,-0.426178391767
263470.526,TransLunarCoast,-114717.806754021,-256699.716592041,-140806.727559363,-260782.236,-265795.493,-152654.421,-0.118030479529,-0.782218016824,-0.425745762221
263710.526,TransLunarCoast,-114746.098182486,-256887.353872370,-140908.854682311,-260607.363,-265936.197,-152723.267,-0.117731553939,-0.781426151240,-0.425313688116
263950.526,TransLunarCoast,-114774.317962057,-257074.801223869,-141010.878173966,-260432.487,-266076.898,-152792.112,-0.117433405175,-0.780635276070,-0.424882167841
264190.526,TransLunarCoast,-114802.466279007,-257262.058883880,-141112.798167053,-260257.500,-266217.483,-152860.890,-0.117136031865,-0.779845388345,-0.424451199789
264430.526,TransLunarCoast,-114830.543319280,-257449.127089033,-141214.614793914,-260082.396,-266357.946,-152929.597,-0.116839432647,-0.779056485102,-0.424020782363
264670.526,TransLunarCoast,-114858.549268497,-257636.006075252,-141316.328186509,-259907.292,-266498.409,-152998.305,-0.116543606175,-0.778268563395,-0.423590913972
264910.526,TransLunarCoast,-114886.484311956,-257822.696077751,-141417.938476417,-259731.964,-266638.638,-153066.878,-0.116248551114,-0.777481620287,-0.423161593031
265150.526,TransLunarCoast,-114914.348634639,-258009.197331043,-141519.445794834,-259556.632,-266778.864,-153135.450,-0.115954266143,-0.776695652853,-0.422732817962
265388.645,TransLunarCoast,-114941.924861176,-258194.050575210,-141620.055914499,-259382.566,-266917.876,-153203.418,-0.115663047402,-0.775916806801,-0.422307941341
265628.645,TransLunarCoast,-114969.648846651,-258380.176505585,-141721.358486508,-259207.007,-267057.864,-153271.852,-0.115370292698,-0.775132774399,-0.421880249063
265868.645,TransLunarCoast,-114997.302662969,-258566.114384281,-141822.558477345,-259031.448,-267197.852,-153340.287,-0.115078304210,-0.774349708989,-0.421453097975
266108.645,TransLunarCoast,-115024.886493868,-258751.864443029,-141923.656016708,-258855.667,-267337.606,-153408.587,-0.114787080667,-0.773567607693,-0.421026486527
266348.645,TransLunarCoast,-115052.400522784,-258937.426912873,-142024.651233925,-258679.881,-267477.355,-153476.884,-0.114496620814,-0.772786467642,-0.420600413174
266588.645,TransLunarCoast,-115079.844932854,-259122.802024169,-142125.544257955,-258503.987,-267616.991,-153545.116,-0.114206923406,-0.772006285981,-0.420174876376
266828.645,TransLunarCoast,-115107.219906916,-259307.990006588,-142226.335217387,-258327.975,-267756.501,-153613.277,-0.113917987214,-0.771227059865,-0.419749874602
267068.645,TransLunarCoast,-115134.525627516,-259492.991089121,-142327.024240444,-258151.962,-267896.012,-153681.437,-0.113629811019,-0.770448786460,-0.419325406326
267308.645,TransLunarCoast,-115161.762276909,-259677.805500079,-142427.611454982,-257975.729,-268035.289,-153749.463,-0.113342393618,-0.769671462943,-0.418901470029
267548.645,TransLunarCoast,-115188.930037061,-259862.433467100,-142528.096988495,-257799.491,-268174.561,-153817.486,-0.113055733817,-0.768895086503,-0.418478064199
267788.645,TransLunarCoast,-115216.029089655,-260046.875217143,-142628.480968115,-257623.144,-268313.718,-153885.444,-0.112769830438,-0.768119654339,-0.418055187328
268028.645,TransLunarCoast,-115243.059616092,-260231.130976501,-142728.763520610,-257446.680,-268452.751,-153953.330,-0.112484682314,-0.767345163661,-0.417632837917
268268.645,TransLunarCoast,-115270.021797494,-260415.200970797,-142828.944772392,-257270.217,-268591.784,-154021.216,-0.112200288293,-0.766571611690,-0.417211014471
268508.645,TransLunarCoast,-115296.915814709,-260599.085424988,-142929.024849514,-257093.532,-268730.583,-154088.967,-0.111916647232,-0.765798995659,-0.416789715503
268648.860,TransLunarCoast,-115297.121111000,-260717.619489000,-142983.691474000,-256990.305,-268811.670,-154128.547,-0.110339826000,-0.766347403000,-0.416086133000
268888.860,TransLunarCoast,-115323.568764920,-260901.450307384,-143083.501681205,-256813.602,-268950.448,-154196.287,-0.110057415209,-0.765576238466,-0.415665680675
269128.860,TransLunarCoast,-115349.948730358,-261085.096157721,-143183.211042410,-256636.688,-269089.002,-154263.898,-0.109775755142,-0.764806002151,-0.415245749422
269368.860,TransLunarCoast,-115376.261187357,-261268.557262456,-143282.819682496,-256459.775,-269227.555,-154331.509,-0.109494844696,-0.764036691325,-0.414826337774
269608.860,TransLunarCoast,-115402.506315695,-261451.833843379,-143382.327725993,-256282.734,-269365.974,-154399.042,-0.109214682782,-0.763268303271,-0.414407444272
269848.860,TransLunarCoast,-115428.684294889,-261634.926121631,-143481.735297081,-256105.596,-269504.287,-154466.515,-0.108935268325,-0.762500835280,-0.413989067461
270088.860,TransLunarCoast,-115454.795304202,-261817.834317703,-143581.042519593,-255928.444,-269642.586,-154533.979,-0.108656600260,-0.761734284657,-0.413571205892
270328.860,TransLunarCoast,-115480.839522641,-262000.558651440,-143680.249517014,-255751.082,-269780.659,-154601.314,-0.108378677539,-0.760968648713,-0.413153858123
270568.860,TransLunarCoast,-115506.817128965,-262183.099342045,-143779.356412481,-255573.719,-269918.733,-154668.649,-0.108101499121,-0.760203924772,-0.412737022716
270808.860,TransLunarCoast,-115532.728301682,-262365.456608078,-143878.363328792,-255396.231,-270056.671,-154735.907,-0.107825063982,-0.759440110167,-0.412320698242
271048.860,TransLunarCoast,-115558.573219057,-262547.630667460,-143977.270388398,-255218.646,-270194.503,-154803.104,-0.107549371109,-0.758677202242,-0.411904883276
271288.860,TransLunarCoast,-115584.352059115,-262729.621737476,-144076.077713412,-255041.046,-270332.321,-154870.292,-0.107274419502,-0.757915198349,-0.411489576399
271528.860,TransLunarCoast,-115610.064999641,-262911.430034779,-144174.785425604,-254863.237,-270469.913,-154937.351,-0.107000208173,-0.757154095853,-0.411074776197
271768.860,TransLunarCoast,-115635.712218183,-263093.055775387,-144273.393646407,-254685.428,-270607.505,-155004.410,-0.106726736147,-0.756393892126,-0.410660481263
272008.860,TransLunarCoast,-115661.293892059,-263274.499174692,-144371.902496919,-254507.494,-270744.961,-155071.391,-0.106454002463,-0.755634584552,-0.410246690196
272248.860,TransLunarCoast,-115686.810198356,-263455.760447456,-144470.312097899,-254329.463,-270882.312,-155138.312,-0.106182006169,-0.754876170524,-0.409833401599
272488.860,TransLunarCoast,-115712.261313936,-263636.839807819,-144568.622569773,-254151.417,-271019.648,-155205.224,-0.105910746329,-0.754118647444,-0.409420614084
272728.860,TransLunarCoast,-115737.647415436,-263817.737469298,-144666.834032635,-253973.163,-271156.757,-155272.006,-0.105640222018,-0.753362012724,-0.409008326264
272968.860,TransLunarCoast,-115762.968679274,-263998.453644789,-144764.946606245,-253794.910,-271293.867,-155338.788,-0.105370432325,-0.752606263787,-0.408596536762
273208.860,TransLunarCoast,-115788.225281650,-264178.988546573,-144862.960410036,-253616.531,-271430.840,-155405.492,-0.105101376350,-0.751851398063,-0.408185244204
273448.860,TransLunarCoast,-115813.417398548,-264359.342386312,-144960.875563109,-253438.055,-271567.708,-155472.136,-0.104833053205,-0.751097412995,-0.407774447223
273688.860,TransLunarCoast,-115838.545205745,-264539.515375059,-145058.692184240,-253259.566,-271704.560,-155538.771,-0.104565462018,-0.750344306031,-0.407364144455
273928.860,TransLunarCoast,-115863.608878804,-264719.507723252,-145156.410391877,-253080.868,-271841.186,-155605.275,-0.104298601925,-0.749592074632,-0.406954334546
274168.860,TransLunarCoast,-115888.608593088,-264899.319640725,-145254.030304143,-252902.171,-271977.812,-155671.780,-0.104032472079,-0.748840716267,-0.406545016143
274408.860,TransLunarCoast,-115913.544523755,-265078.951336701,-145351.552038838,-252723.350,-272114.301,-155738.207,-0.103767071642,-0.748090228415,-0.406136187902
274648.860,TransLunarCoast,-115938.416845763,-265258.403019804,-145448.975713441,-252544.432,-272250.684,-155804.573,-0.103502399790,-0.747340608562,-0.405727848481
274888.860,TransLunarCoast,-115963.225733876,-265437.674898051,-145546.301445108,-252365.500,-272387.053,-155870.930,-0.103238455713,-0.746591854206,-0.405319996546
275128.860,TransLunarCoast,-115987.971362663,-265616.767178862,-145643.529350676,-252186.361,-272523.194,-155937.157,-0.102975238610,-0.745843962852,-0.404912630769
275368.860,TransLunarCoast,-116012.653906504,-265795.680069061,-145740.659546664,-252007.222,-272659.335,-156003.385,-0.102712747697,-0.745096932015,-0.404505749823
275608.860,TransLunarCoast,-116037.273539591,-265974.413774873,-145837.692149272,-251827.959,-272795.339,-156069.533,-0.102450982199,-0.744350759219,-0.404099352392
275848.860,TransLunarCoast,-116061.830435932,-266152.968501932,-145934.627274388,-251648.600,-272931.237,-156135.621,-0.102189941356,-0.743605441997,-0.403693437162
276088.860,TransLunarCoast,-116086.324769354,-266331.344455281,-146031.465037581,-251469.228,-273067.120,-156201.700,-0.101929624418,-0.742860977891,-0.403288002823
276328.860,TransLunarCoast,-116110.756713506,-266509.541839373,-146128.205554110,-251289.649,-273202.775,-156267.649,-0.101670030650,-0.742117364450,-0.402883048075
276568.860,TransLunarCoast,-116135.126441862,-266687.560858074,-146224.848938920,-251110.070,-273338.430,-156333.598,-0.101411159329,-0.741374599234,-0.402478571617
276808.860,TransLunarCoast,-116159.434127723,-266865.401714668,-146321.395306647,-250930.368,-273473.948,-156399.468,-0.101153009744,-0.740632679811,-0.402074572160
277048.860,TransLunarCoast,-116183.679944222,-267043.064611854,-146417.844771614,-250750.570,-273609.359,-156465.277,-0.100895581197,-0.739891603758,-0.401671048414
277288.860,TransLunarCoast,-116207.864064326,-267220.549751749,-146514.197447840,-250570.758,-273744.756,-156531.078,-0.100638873003,-0.739151368660,-0.401267999098
277528.860,TransLunarCoast,-116231.986660838,-267397.857335894,-146610.453449033,-250390.741,-273879.924,-156596.748,-0.100382884488,-0.738411972111,-0.400865422934
277768.860,TransLunarCoast,-116256.047906402,-267574.987565254,-146706.612888598,-250210.724,-274015.092,-156662.418,-0.100127614993,-0.737673411712,-0.400463318651
278008.860,TransLunarCoast,-116280.047973504,-267751.940640217,-146802.675879635,-250030.584,-274150.122,-156728.009,-0.099873063870,-0.736935685074,-0.400061684982
278248.860,TransLunarCoast,-116303.987034478,-267928.716760600,-146898.642534938,-249850.348,-274285.046,-156793.539,-0.099619230484,-0.736198789818,-0.399660520664
278488.860,TransLunarCoast,-116327.865261506,-268105.316125650,-146994.512967001,-249670.099,-274419.955,-156859.061,-0.099366114214,-0.735462723569,-0.399259824441
278728.860,TransLunarCoast,-116351.682826622,-268281.738934045,-147090.287288017,-249489.646,-274554.635,-156924.451,-0.099113714450,-0.734727483965,-0.398859595060
278968.860,TransLunarCoast,-116375.439901715,-268457.985383896,-147185.965609877,-249309.192,-274689.315,-156989.841,-0.098862030594,-0.733993068648,-0.398459831276
279208.860,TransLunarCoast,-116399.136658533,-268634.055672751,-147281.548044177,-249128.616,-274823.857,-157055.153,-0.098611062064,-0.733259475271,-0.398060531845
279448.860,TransLunarCoast,-116422.773268685,-268809.949997594,-147377.034702212,-248947.945,-274958.292,-157120.404,-0.098360808287,-0.732526701495,-0.397661695530
279688.860,TransLunarCoast,-116446.349903646,-268985.668554850,-147472.425694982,-248767.260,-275092.712,-157185.645,-0.098111268705,-0.731794744987,-0.397263321099
279928.860,TransLunarCoast,-116469.866734756,-269161.211540383,-147567.721133192,-248586.371,-275226.903,-157250.756,-0.097862442773,-0.731063603424,-0.396865407326
280168.860,TransLunarCoast,-116493.323933226,-269336.579149504,-147662.921127253,-248405.483,-275361.093,-157315.866,-0.097614329957,-0.730333274490,-0.396467952986
280408.860,TransLunarCoast,-116516.721670143,-269511.771576965,-147758.025787283,-248224.472,-275495.146,-157380.898,-0.097366929737,-0.729603755879,-0.396070956862
280648.860,TransLunarCoast,-116540.060116467,-269686.789016967,-147853.035223107,-248043.367,-275629.092,-157445.868,-0.097120241606,-0.728875045289,-0.395674417742
280888.860,TransLunarCoast,-116563.339443041,-269861.631663162,-147947.949544262,-247862.248,-275763.022,-157510.829,-0.096874265069,-0.728147140429,-0.395278334416
281128.860,TransLunarCoast,-116586.559820589,-270036.299708649,-148042.768859994,-247680.926,-275896.722,-157575.659,-0.096628999644,-0.727420039015,-0.394882705681
281368.860,TransLunarCoast,-116609.721419722,-270210.793345982,-148137.493279261,-247499.604,-276030.422,-157640.489,-0.096384444864,-0.726693738770,-0.394487530339
281608.860,TransLunarCoast,-116632.824410939,-270385.112767170,-148232.122910733,-247318.161,-276163.984,-157705.240,-0.096140600270,-0.725968237426,-0.394092807195
281848.860,TransLunarCoast,-116655.868964631,-270559.258163678,-148326.657862795,-247136.623,-276297.439,-157769.930,-0.095897465422,-0.725243532720,-0.393698535060
282088.860,TransLunarCoast,-116678.855251086,-270733.229726427,-148421.098243547,-246955.072,-276430.878,-157834.611,-0.095655039888,-0.724519622401,-0.393304712748
282328.860,TransLunarCoast,-116701.783440489,-270907.027645801,-148515.444160806,-246773.319,-276564.087,-157899.160,-0.095413323251,-0.723796504221,-0.392911339080
282568.860,TransLunarCoast,-116724.653702926,-271080.652111645,-148609.695722103,-246591.565,-276697.296,-157963.709,-0.095172315108,-0.723074175942,-0.392518412880
282808.860,TransLunarCoast,-116747.466208389,-271254.103313267,-148703.853034692,-246409.691,-276830.366,-158028.178,-0.094932015067,-0.722352635333,-0.392125932975
283048.860,TransLunarCoast,-116770.221126776,-271427.381439441,-148797.916205542,-246227.723,-276963.328,-158092.587,-0.094692422750,-0.721631880170,-0.391733898201
283288.860,TransLunarCoast,-116792.918627897,-271600.486678407,-148891.885341346,-246045.741,-277096.276,-158156.986,-0.094453537792,-0.720911908236,-0.391342307395
283528.860,TransLunarCoast,-116815.558881477,-271773.419217876,-148985.760548516,-245863.558,-277228.992,-158221.254,-0.094215359841,-0.720192717323,-0.390951159398
283768.860,TransLunarCoast,-116838.142057155,-271946.179245027,-149079.541933189,-245681.374,-277361.708,-158285.521,-0.093977888558,-0.719474305228,-0.390560453059
284008.860,TransLunarCoast,-116860.668324492,-272118.766946515,-149173.229601225,-245499.071,-277494.285,-158349.709,-0.093741123618,-0.718756669757,-0.390170187228
284248.860,TransLunarCoast,-116883.137852974,-272291.182508466,-149266.823658208,-245316.673,-277626.755,-158413.836,-0.093505064708,-0.718039808722,-0.389780360761
284488.860,TransLunarCoast,-116905.550812011,-272463.426116482,-149360.324209448,-245134.262,-277759.209,-158477.953,-0.093269711530,-0.717323719942,-0.389390972518
284728.860,TransLunarCoast,-116927.907370943,-272635.497955645,-149453.731359984,-244951.651,-277891.432,-158541.939,-0.093035063796,-0.716608401245,-0.389002021363
284968.860,TransLunarCoast,-116950.207699046,-272807.398210513,-149547.045214579,-244769.040,-278023.654,-158605.924,-0.092801121234,-0.715893850462,-0.388613506166
285208.860,TransLunarCoast,-116972.451965529,-272979.127065127,-149640.265877730,-244586.308,-278155.738,-158669.830,-0.092567883584,-0.715180065435,-0.388225425799
285448.860,TransLunarCoast,-116994.640339540,-273150.684703010,-149733.393453659,-244403.484,-278287.713,-158733.674,-0.092335350602,-0.714467044012,-0.387837779141
285688.860,TransLunarCoast,-117016.772990172,-273322.071307169,-149826.428046324,-244220.646,-278419.673,-158797.510,-0.092103522053,-0.713754784045,-0.387450565072
285928.860,TransLunarCoast,-117038.850086462,-273493.287060097,-149919.369759412,-244037.608,-278551.401,-158861.213,-0.091872397719,-0.713043283397,-0.387063782479
286168.860,TransLunarCoast,-117060.871797398,-273664.332143774,-150012.218696343,-243854.570,-278683.128,-158924.916,-0.091641977393,-0.712332539935,-0.386677430252
286408.860,TransLunarCoast,-117082.838291916,-273835.206739671,-150104.974960274,-243671.413,-278814.717,-158988.539,-0.091412260883,-0.711622551532,-0.386291507285
286648.860,TransLunarCoast,-117104.749738913,-274005.911028745,-150197.638654093,-243488.162,-278946.197,-159052.100,-0.091183248011,-0.710913316071,-0.385906012478
286888.860,TransLunarCoast,-117126.606307239,-274176.445191451,-150290.209880428,-243304.899,-279077.661,-159115.653,-0.090954938611,-0.710204831439,-0.385520944733
287128.860,TransLunarCoast,-117148.408165712,-274346.809407734,-150382.688741642,-243121.436,-279208.893,-159179.073,-0.090727332532,-0.709497095530,-0.385136302957
287368.860,TransLunarCoast,-117170.155483109,-274517.003857036,-150475.075339838,-242937.974,-279340.126,-159242.492,-0.090500429634,-0.708790106245,-0.384752086061
287608.860,TransLunarCoast,-117191.848428181,-274687.028718294,-150567.369776856,-242754.392,-279471.218,-159305.832,-0.090274229795,-0.708083861491,-0.384368292961
287848.860,TransLunarCoast,-117213.487169647,-274856.884169947,-150659.572154277,-242570.718,-279602.202,-159369.110,-0.090048732903,-0.707378359182,-0.383984922576
288088.860,TransLunarCoast,-117235.071876202,-275026.570389931,-150751.682573423,-242387.030,-279733.170,-159432.380,-0.089823938862,-0.706673597237,-0.383601973829
288328.860,TransLunarCoast,-117256.602716521,-275196.087555684,-150843.701135360,-242203.145,-279863.905,-159495.516,-0.089599847588,-0.705969573582,-0.383219445648
288568.860,TransLunarCoast,-117278.079859260,-275365.435844148,-150935.627940894,-242019.259,-279994.640,-159558.652,-0.089376459012,-0.705266286152,-0.382837336964
288808.860,TransLunarCoast,-117299.503473058,-275534.615431769,-151027.463090577,-241835.255,-280125.235,-159621.708,-0.089153773079,-0.704563732883,-0.382455646714
289048.860,TransLunarCoast,-117320.873726546,-275703.626494500,-151119.206684706,-241651.159,-280255.721,-159684.703,-0.088931789748,-0.703861911721,-0.382074373835
289288.860,TransLunarCoast,-117342.190788343,-275872.469207800,-151210.858823324,-241467.049,-280386.192,-159747.688,-0.088710508991,-0.703160820618,-0.381693517272
289528.860,TransLunarCoast,-117363.454827066,-276041.143746638,-151302.419606218,-241282.742,-280516.429,-159810.540,-0.088489930795,-0.702460457530,-0.381313075973
289768.860,TransLunarCoast,-117384.666011330,-276209.650285493,-151393.889132928,-241098.435,-280646.666,-159873.392,-0.088270055161,-0.701760820421,-0.380933048888
290008.860,TransLunarCoast,-117405.824509750,-276377.988998356,-151485.267502738,-240914.010,-280776.763,-159936.164,-0.088050882105,-0.701061907259,-0.380553434973
290248.860,TransLunarCoast,-117426.930490949,-276546.160058731,-151576.554814685,-240729.493,-280906.751,-159998.874,-0.087832411654,-0.700363716021,-0.380174233187
290488.860,TransLunarCoast,-117447.984123556,-276714.163639638,-151667.751167555,-240544.963,-281036.723,-160061.575,-0.087614643853,-0.699666244686,-0.379795442492
290728.860,TransLunarCoast,-117468.985576215,-276881.999913612,-151758.856659886,-240360.237,-281166.461,-160124.143,-0.087397578760,-0.698969491243,-0.379417061857
290968.860,TransLunarCoast,-117489.935017583,-277049.669052706,-151849.871389969,-240175.510,-281296.200,-160186.710,-0.087181216446,-0.698273453683,-0.379039090251
291208.860,TransLunarCoast,-117510.832616338,-277217.171228491,-151940.795455847,-239990.666,-281425.797,-160249.198,-0.086965556998,-0.697578130006,-0.378661526649
291448.860,TransLunarCoast,-117531.678541179,-277384.506612059,-152031.628955319,-239805.730,-281555.285,-160311.623,-0.086750600518,-0.696883518215,-0.378284370029
291688.860,TransLunarCoast,-117552.472960833,-277551.675374025,-152122.371985938,-239620.781,-281684.758,-160374.039,-0.086536347120,-0.696189616320,-0.377907619373
291928.860,TransLunarCoast,-117573.216044054,-277718.677684526,-152213.024645013,-239435.637,-281813.996,-160436.321,-0.086322796936,-0.695496422336,-0.377531273667
292168.860,TransLunarCoast,-117593.907959631,-277885.513713221,-152303.587029613,-239250.493,-281943.234,-160498.604,-0.086109950110,-0.694803934286,-0.377155331900
292408.860,TransLunarCoast,-117614.548876388,-278052.183629300,-152394.059236560,-239065.231,-282072.331,-160560.806,-0.085897806801,-0.694112150195,-0.376779793066
292648.860,TransLunarCoast,-117635.138963191,-278218.687601474,-152484.441362439,-238879.878,-282201.319,-160622.945,-0.085686367185,-0.693421068095,-0.376404656161
292888.860,TransLunarCoast,-117655.678388947,-278385.025797988,-152574.733503592,-238694.512,-282330.291,-160685.076,-0.085475631450,-0.692730686025,-0.376029920186
293128.860,TransLunarCoast,-117676.167322613,-278551.198386612,-152664.935756122,-238508.952,-282459.028,-160747.073,-0.085265599800,-0.692041002026,-0.375655584145
293368.860,TransLunarCoast,-117696.605933196,-278717.205534650,-152755.048215896,-238323.391,-282587.765,-160809.070,-0.085056272455,-0.691352014147,-0.375281647046
293608.860,TransLunarCoast,-117716.994389755,-278883.047408936,-152845.070978541,-238137.714,-282716.360,-160870.986,-0.084847649650,-0.690663720442,-0.374908107900
293848.860,TransLunarCoast,-117737.332861410,-279048.724175840,-152935.004139446,-237951.945,-282844.846,-160932.840,-0.084639731632,-0.689976118969,-0.374534965723
294088.860,TransLunarCoast,-117757.621517343,-279214.236001265,-153024.847793767,-237766.164,-282973.317,-160994.685,-0.084432518667,-0.689289207792,-0.374162219532
294328.860,TransLunarCoast,-117777.860526797,-279379.583050650,-153114.602036422,-237580.189,-283101.551,-161056.396,-0.084226011035,-0.688602984981,-0.373789868350
294568.860,TransLunarCoast,-117798.050059089,-279544.765488971,-153204.266962098,-237394.214,-283229.786,-161118.106,-0.084020209030,-0.687917448609,-0.373417911203
294808.860,TransLunarCoast,-117818.190283607,-279709.783480744,-153293.842665245,-237208.123,-283357.879,-161179.736,-0.083815112964,-0.687232596756,-0.373046347119
295048.860,TransLunarCoast,-117838.281369813,-279874.637190022,-153383.329240083,-237021.941,-283485.862,-161241.304,-0.083610723162,-0.686548427507,-0.372675175132
295288.860,TransLunarCoast,-117858.323487253,-280039.326780402,-153472.726780599,-236835.746,-283613.830,-161302.862,-0.083407039966,-0.685864938950,-0.372304394277
295528.860,TransLunarCoast,-117878.316805554,-280203.852415021,-153562.035380549,-236649.358,-283741.561,-161364.287,-0.083204063733,-0.685182129179,-0.371934003594
295768.860,TransLunarCoast,-117898.261494432,-280368.214256559,-153651.255133461,-236462.970,-283869.293,-161425.711,-0.083001794835,-0.684499996294,-0.371564002126
296008.860,TransLunarCoast,-117918.157723693,-280532.412467242,-153740.386132631,-236276.467,-283996.882,-161487.054,-0.082800233663,-0.683818538399,-0.371194388919
296248.860,TransLunarCoast,-117938.005663240,-280696.447208839,-153829.428471127,-236089.873,-284124.362,-161548.335,-0.082599380619,-0.683137753602,-0.370825163024
296488.860,TransLunarCoast,-117957.805483074,-280860.318642667,-153918.382241791,-235903.266,-284251.825,-161609.606,-0.082399236125,-0.682457640016,-0.370456323492
296728.860,TransLunarCoast,-117977.557353299,-281024.026929593,-154007.247537237,-235716.467,-284379.053,-161670.743,-0.082199800618,-0.681778195760,-0.370087869382
296968.860,TransLunarCoast,-117997.261444126,-281187.572230029,-154096.024449853,-235529.669,-284506.280,-161731.880,-0.082001074549,-0.681099418957,-0.369719799752
297208.860,TransLunarCoast,-118016.917925875,-281350.954703938,-154184.713071802,-235342.754,-284633.365,-161792.937,-0.081803058388,-0.680421307732,-0.369352113666
297448.860,TransLunarCoast,-118036.526968983,-281514.174510837,-154273.313495022,-235155.750,-284760.339,-161853.930,-0.081605752620,-0.679743860220,-0.368984810190
297688.860,TransLunarCoast,-118056.088744004,-281677.231809792,-154361.825811228,-234968.734,-284887.298,-161914.914,-0.081409157746,-0.679067074555,-0.368617888395
297928.860,TransLunarCoast,-118075.603421615,-281840.126759422,-154450.250111911,-234781.525,-285014.020,-161975.764,-0.081213274285,-0.678390948878,-0.368251347352
298168.860,TransLunarCoast,-118095.071172617,-282002.859517904,-154538.586488343,-234594.317,-285140.742,-162036.613,-0.081018102771,-0.677715481335,-0.367885186139
298408.860,TransLunarCoast,-118114.492167945,-282165.430242966,-154626.835031571,-234406.994,-285267.321,-162097.381,-0.080823643755,-0.677040670075,-0.367519403835
298648.860,TransLunarCoast,-118133.866578665,-282327.839091895,-154714.995832423,-234219.582,-285393.790,-162158.087,-0.080629897806,-0.676366513252,-0.367153999523
298888.860,TransLunarCoast,-118153.194575983,-282490.086221535,-154803.068981508,-234032.156,-285520.243,-162218.783,-0.080436865507,-0.675693009024,-0.366788972288
299128.860,TransLunarCoast,-118172.476331248,-282652.171788287,-154891.054569215,-233844.541,-285646.458,-162279.345,-0.080244547461,-0.675020155553,-0.366424321220
299368.860,TransLunarCoast,-118191.712015954,-282814.095948114,-154978.952685715,-233656.925,-285772.674,-162339.906,-0.080052944287,-0.674347951006,-0.366060045411
299608.860,TransLunarCoast,-118210.901801746,-282975.858856537,-155066.763420960,-233469.194,-285898.746,-162400.386,-0.079862056620,-0.673676393552,-0.365696143955
299848.860,TransLunarCoast,-118230.045860425,-283137.460668640,-155154.486864689,-233281.375,-286024.708,-162460.803,-0.079671885114,-0.673005481367,-0.365332615953
300088.860,TransLunarCoast,-118249.144363948,-283298.901539069,-155242.123106422,-233093.544,-286150.654,-162521.211,-0.079482430439,-0.672335212629,-0.364969460505
300328.860,TransLunarCoast,-118268.197484437,-283460.181622033,-155329.672235464,-232905.522,-286276.362,-162581.484,-0.079293693283,-0.671665585521,-0.364606676716
300568.860,TransLunarCoast,-118287.205394182,-283621.301071304,-155417.134340907,-232717.500,-286402.070,-162641.757,-0.079105674352,-0.670996598228,-0.364244263693
300808.860,TransLunarCoast,-118306.168265642,-283782.260040223,-155504.509511627,-232529.364,-286527.635,-162701.948,-0.078918374369,-0.670328248942,-0.363882220548
301048.860,TransLunarCoast,-118325.086271454,-283943.058681693,-155591.797836289,-232341.140,-286653.089,-162762.077,-0.078731794074,-0.669660535856,-0.363520546394
301288.860,TransLunarCoast,-118343.959584433,-284103.697148186,-155678.999403345,-232152.903,-286778.527,-162822.196,-0.078545934227,-0.668993457169,-0.363159240347
301528.860,TransLunarCoast,-118362.788377581,-284264.175591742,-155766.114301034,-231964.478,-286903.727,-162882.180,-0.078360795604,-0.668327011081,-0.362798301529
301768.860,TransLunarCoast,-118381.572824085,-284424.494163969,-155853.142617387,-231776.052,-287028.926,-162942.163,-0.078176379001,-0.667661195797,-0.362437729061
302008.860,TransLunarCoast,-118400.313097327,-284584.653016045,-155940.084440222,-231587.512,-287153.982,-163002.066,-0.077992685229,-0.666996009528,-0.362077522069
302248.860,TransLunarCoast,-118419.009370888,-284744.652298720,-156026.939857148,-231398.885,-287278.927,-163061.905,-0.077809715122,-0.666331450484,-0.361717679682
302488.860,TransLunarCoast,-118437.661818547,-284904.492162313,-156113.708955568,-231210.245,-287403.856,-163121.735,-0.077627469528,-0.665667516882,-0.361358201031
302728.860,TransLunarCoast,-118456.270614292,-285064.172756716,-156200.391822673,-231021.417,-287528.546,-163181.429,-0.077445949316,-0.665004206941,-0.360999085251
302968.860,TransLunarCoast,-118474.835932320,-285223.694231395,-156286.988545449,-230832.588,-287653.236,-163241.123,-0.077265155374,-0.664341518883,-0.360640331479
303208.860,TransLunarCoast,-118493.357947045,-285383.056735389,-156373.499210675,-230643.647,-287777.783,-163300.736,-0.077085088607,-0.663679450936,-0.360281938855
303448.860,TransLunarCoast,-118511.836833100,-285542.260417311,-156459.923904923,-230454.618,-287902.218,-163360.285,-0.076905749941,-0.663018001327,-0.359923906523
303688.860,TransLunarCoast,-118530.272765340,-285701.305425352,-156546.262714561,-230265.577,-288026.637,-163419.825,-0.076727140318,-0.662357168290,-0.359566233627
303928.860,TransLunarCoast,-118548.665918853,-285860.191907275,-156632.515725751,-230076.348,-288150.816,-163479.229,-0.076549260704,-0.661696950060,-0.359208919317
304168.860,TransLunarCoast,-118567.016468957,-286018.920010424,-156718.683024452,-229887.118,-288274.996,-163538.633,-0.076372112079,-0.661037344877,-0.358851962744
304408.860,TransLunarCoast,-118585.324591210,-286177.489881719,-156804.764696419,-229697.777,-288399.032,-163597.956,-0.076195695447,-0.660378350981,-0.358495363062
304648.860,TransLunarCoast,-118603.590461413,-286335.901667658,-156890.760827206,-229508.348,-288522.956,-163657.215,-0.076020011829,-0.659719966619,-0.358139119429
304888.860,TransLunarCoast,-118621.814255612,-286494.155514318,-156976.671502162,-229318.907,-288646.863,-163716.465,-0.075845062265,-0.659062190037,-0.357783231003
305128.860,TransLunarCoast,-118639.996150109,-286652.251567358,-157062.496806437,-229129.279,-288770.532,-163775.578,-0.075670847819,-0.658405019488,-0.357427696947
305368.860,TransLunarCoast,-118658.136321461,-286810.189972015,-157148.236824979,-228939.651,-288894.200,-163834.692,-0.075497369570,-0.657748453224,-0.357072516427
305608.860,TransLunarCoast,-118676.234946487,-286967.970873109,-157233.891642538,-228749.911,-289017.724,-163893.724,-0.075324628620,-0.657092489502,-0.356717688609
305848.860,TransLunarCoast,-118694.292202273,-287125.594415041,-157319.461343661,-228560.084,-289141.135,-163952.692,-0.075152626092,-0.656437126582,-0.356363212665
306088.860,TransLunarCoast,-118712.308266176,-287283.060741794,-157404.946012700,-228370.245,-289264.531,-164011.651,-0.074981363127,-0.655782362725,-0.356009087767
306186.771,TransLunarCoast,-118788.147229000,-287300.486640000,-157468.901546000,-228292.722,-289314.774,-164035.649,-0.076316175000,-0.654567694000,-0.356486366000
306426.771,TransLunarCoast,-118806.442665622,-287457.504420670,-157554.415820544,-228102.697,-289437.930,-164094.472,-0.076145920613,-0.653913911000,-0.356132646701
306666.771,TransLunarCoast,-118824.697330351,-287614.365364929,-157639.845244305,-227912.672,-289561.085,-164153.294,-0.075976409438,-0.653260723612,-0.355779276007
306906.771,TransLunarCoast,-118842.911401707,-287771.069615515,-157725.189900850,-227722.454,-289683.992,-164211.976,-0.075807642701,-0.652608130110,-0.355426253098
307146.771,TransLunarCoast,-118861.085058503,-287927.617314755,-157810.449873550,-227532.231,-289806.890,-164270.653,-0.075639621653,-0.651956128768,-0.355073577157
307386.771,TransLunarCoast,-118879.218479857,-288084.008604559,-157895.625245578,-227341.915,-289929.668,-164329.261,-0.075472347563,-0.651304717864,-0.354721247369
307626.771,TransLunarCoast,-118897.311845193,-288240.243626427,-157980.716099914,-227151.494,-290052.310,-164387.792,-0.075305821725,-0.650653895679,-0.354369262923
307866.771,TransLunarCoast,-118915.365334250,-288396.322521445,-158065.722519344,-226961.074,-290174.952,-164446.324,-0.075140045452,-0.650003660495,-0.354017623008
308106.771,TransLunarCoast,-118933.379127082,-288552.245430287,-158150.644586456,-226770.462,-290297.345,-164504.713,-0.074975020080,-0.649354010595,-0.353666326818
308346.771,TransLunarCoast,-118951.353404069,-288708.012493216,-158235.482383650,-226579.844,-290419.730,-164563.099,-0.074810746967,-0.648704944268,-0.353315373548
308586.771,TransLunarCoast,-118969.288345917,-288863.623850085,-158320.235993129,-226389.134,-290541.993,-164621.415,-0.074647227493,-0.648056459802,-0.352964762395
308826.771,TransLunarCoast,-118987.184133669,-289019.079640334,-158404.905496905,-226198.319,-290664.121,-164679.655,-0.074484463062,-0.647408555489,-0.352614492560
309066.771,TransLunarCoast,-119005.040948704,-289174.380002995,-158489.490976799,-226007.505,-290786.248,-164737.894,-0.074322455099,-0.646761229620,-0.352264563244
309306.771,TransLunarCoast,-119022.858972749,-289329.525076691,-158573.992514440,-225816.500,-290908.125,-164795.991,-0.074161205051,-0.646114480492,-0.351914973654
309546.771,TransLunarCoast,-119040.638387880,-289484.514999634,-158658.410191267,-225625.490,-291029.995,-164854.085,-0.074000714390,-0.645468306401,-0.351565722995
309786.771,TransLunarCoast,-119058.379376527,-289639.349909630,-158742.744088529,-225434.387,-291151.744,-164912.109,-0.073840984611,-0.644822705645,-0.351216810478
310026.771,TransLunarCoast,-119076.082121485,-289794.029944074,-158826.994287285,-225243.181,-291273.356,-164970.056,-0.073682017231,-0.644177676526,-0.350868235314
310266.771,TransLunarCoast,-119093.746805913,-289948.555239957,-158911.160868405,-225051.974,-291394.968,-165028.003,-0.073523813792,-0.643533217345,-0.350519996716
310506.771,TransLunarCoast,-119111.373613345,-290102.925933859,-158995.243912571,-224860.578,-291516.329,-165085.808,-0.073366375857,-0.642889326406,-0.350172093902
310746.771,TransLunarCoast,-119128.962727692,-290257.142161956,-159079.243500278,-224669.177,-291637.683,-165143.608,-0.073209705017,-0.642246002015,-0.349824526090
310986.771,TransLunarCoast,-119146.514333250,-290411.204060015,-159163.159711832,-224477.683,-291758.915,-165201.340,-0.073053802884,-0.641603242478,-0.349477292499
311226.771,TransLunarCoast,-119164.028614704,-290565.111763398,-159246.992627353,-224286.087,-291880.010,-165258.994,-0.072898671096,-0.640961046104,-0.349130392354
311466.771,TransLunarCoast,-119181.505757137,-290718.865407063,-159330.742326775,-224094.490,-292001.105,-165316.648,-0.072744311315,-0.640319411202,-0.348783824879
311706.771,TransLunarCoast,-119198.945946031,-290872.465125558,-159414.408889847,-223902.705,-292121.950,-165374.160,-0.072590725226,-0.639678336084,-0.348437589301
311946.771,TransLunarCoast,-119216.349367278,-291025.911053031,-159497.992396130,-223710.914,-292242.786,-165431.668,-0.072437914543,-0.639037819062,-0.348091684849
312186.771,TransLunarCoast,-119233.716207183,-291179.203323220,-159581.492925003,-223519.031,-292363.501,-165489.106,-0.072285881001,-0.638397858448,-0.347746110756
312426.771,TransLunarCoast,-119251.046652470,-291332.342069464,-159664.910555660,-223327.046,-292484.079,-165546.467,-0.072134626363,-0.637758452558,-0.347400866253
312666.771,TransLunarCoast,-119268.340890292,-291485.327424692,-159748.245367111,-223135.061,-292604.657,-165603.828,-0.071984152416,-0.637119599708,-0.347055950577
312906.771,TransLunarCoast,-119285.599108230,-291638.159521432,-159831.497438182,-222942.888,-292724.983,-165661.046,-0.071834460974,-0.636481298213,-0.346711362965
313146.771,TransLunarCoast,-119302.821494307,-291790.838491808,-159914.666847518,-222750.710,-292845.302,-165718.260,-0.071685553877,-0.635843546391,-0.346367102657
313386.771,TransLunarCoast,-119320.008236988,-291943.364467539,-159997.753673581,-222558.440,-292965.499,-165775.405,-0.071537432990,-0.635206342560,-0.346023168895
313626.771,TransLunarCoast,-119337.159525191,-292095.737579942,-160080.757994651,-222366.069,-293085.558,-165832.472,-0.071390100206,-0.634569685040,-0.345679560920
313866.771,TransLunarCoast,-119354.275548289,-292247.957959929,-160163.679888826,-222173.697,-293205.617,-165889.539,-0.071243557444,-0.633933572150,-0.345336277980
314106.771,TransLunarCoast,-119371.356496121,-292400.025738010,-160246.519434024,-221981.138,-293325.424,-165946.463,-0.071097806649,-0.633298002210,-0.344993319322
314346.771,TransLunarCoast,-119388.402558996,-292551.941044291,-160329.276707983,-221788.574,-293445.224,-166003.383,-0.070952849796,-0.632662973541,-0.344650684194
314586.771,TransLunarCoast,-119405.413927698,-292703.704008477,-160411.951788259,-221595.919,-293564.901,-166060.234,-0.070808688884,-0.632028484465,-0.344308371848
314826.771,TransLunarCoast,-119422.390793498,-292855.314759867,-160494.544752232,-221403.162,-293684.441,-166117.006,-0.070665325943,-0.631394533303,-0.343966381537
315066.771,TransLunarCoast,-119439.333348153,-293006.773427361,-160577.055677100,-221210.405,-293803.981,-166173.779,-0.070522763028,-0.630761118376,-0.343624712515
315306.771,TransLunarCoast,-119456.241783920,-293158.080139453,-160659.484639884,-221017.462,-293923.268,-166230.409,-0.070381002224,-0.630128238008,-0.343283364040
315546.771,TransLunarCoast,-119473.116293558,-293309.235024235,-160741.831717424,-220824.514,-294042.548,-166287.034,-0.070240045644,-0.629495890520,-0.342942335370
315786.771,TransLunarCoast,-119489.957070338,-293460.238209398,-160824.096986386,-220631.475,-294161.705,-166343.591,-0.070099895429,-0.628864074235,-0.342601625764
316026.771,TransLunarCoast,-119506.764308047,-293611.089822230,-160906.280523257,-220438.335,-294280.725,-166400.069,-0.069960553751,-0.628232787476,-0.342261234485
316266.771,TransLunarCoast,-119523.538200997,-293761.789989615,-160988.382404346,-220245.195,-294399.744,-166456.547,-0.069822022810,-0.627602028564,-0.341921160796
316506.771,TransLunarCoast,-119540.278944033,-293912.338838034,-161070.402705787,-220051.870,-294518.510,-166512.882,-0.069684304834,-0.626971795822,-0.341581403963
316746.771,TransLunarCoast,-119556.986732535,-294062.736493569,-161152.341503538,-219858.539,-294637.269,-166569.212,-0.069547402083,-0.626342087571,-0.341241963253
316986.771,TransLunarCoast,-119573.661762433,-294212.983081894,-161234.198873380,-219665.119,-294755.905,-166625.473,-0.069411316846,-0.625712902134,-0.340902837934
317226.771,TransLunarCoast,-119590.304230208,-294363.078728284,-161315.974890919,-219471.597,-294874.403,-166681.656,-0.069276051444,-0.625084237831,-0.340564027276
317466.771,TransLunarCoast,-119606.914332901,-294513.023557609,-161397.669631587,-219278.076,-294992.901,-166737.839,-0.069141608226,-0.624456092983,-0.340225530551
317706.771,TransLunarCoast,-119623.492268122,-294662.817694338,-161479.283170640,-219084.370,-295111.145,-166793.879,-0.069007989573,-0.623828465910,-0.339887347033
317946.771,TransLunarCoast,-119640.038234054,-294812.461262533,-161560.815583161,-218890.659,-295229.382,-166849.914,-0.068875197899,-0.623201354931,-0.339549475997
318186.771,TransLunarCoast,-119656.552429467,-294961.954385858,-161642.266944059,-218696.858,-295347.496,-166905.880,-0.068743235647,-0.622574758365,-0.339211916718
318426.771,TransLunarCoast,-119673.035053717,-295111.297187567,-161723.637328069,-218502.957,-295465.471,-166961.767,-0.068612105294,-0.621948674529,-0.338874668475
318666.771,TransLunarCoast,-119689.486306760,-295260.489790515,-161804.926809753,-218309.056,-295583.447,-167017.654,-0.068481809347,-0.621323101741,-0.338537730547
318906.771,TransLunarCoast,-119705.906389159,-295409.532317152,-161886.135463499,-218114.971,-295701.168,-167073.398,-0.068352350347,-0.620698038316,-0.338201102216
319146.771,TransLunarCoast,-119722.295502088,-295558.424889521,-161967.263363526,-217920.881,-295818.882,-167129.137,-0.068223730866,-0.620073482568,-0.337864782762
319386.771,TransLunarCoast,-119738.653847345,-295707.167629264,-162048.310583878,-217726.702,-295936.473,-167184.807,-0.068095953513,-0.619449432811,-0.337528771470
319626.771,TransLunarCoast,-119754.981627356,-295855.760657615,-162129.277198427,-217532.423,-296053.925,-167240.398,-0.067969020926,-0.618825887357,-0.337193067624
319866.771,TransLunarCoast,-119771.279045184,-296004.204095404,-162210.163280876,-217338.144,-296171.377,-167295.990,-0.067842935779,-0.618202844516,-0.336857670511
320106.771,TransLunarCoast,-119787.546304541,-296152.498063056,-162290.968904754,-217143.683,-296288.574,-167351.437,-0.067717700780,-0.617580302598,-0.336522579418
320346.771,TransLunarCoast,-119803.783609790,-296300.642680590,-162371.694143422,-216949.215,-296405.764,-167406.880,-0.067593318671,-0.616958259910,-0.336187793635
320586.771,TransLunarCoast,-119819.991165957,-296448.638067616,-162452.339070067,-216754.660,-296522.831,-167462.253,-0.067469792229,-0.616336714758,-0.335853312450
320826.771,TransLunarCoast,-119836.169178738,-296596.484343341,-162532.903757709,-216560.005,-296639.759,-167517.548,-0.067347124266,-0.615715665445,-0.335519135156
321066.771,TransLunarCoast,-119852.317854510,-296744.181626561,-162613.388279196,-216365.350,-296756.686,-167572.843,-0.067225317629,-0.615095110274,-0.335185261044
321306.771,TransLunarCoast,-119868.437400337,-296891.730035667,-162693.792707208,-216170.513,-296873.359,-167627.994,-0.067104375203,-0.614475047544,-0.334851689408
321546.771,TransLunarCoast,-119884.528023978,-297039.129688641,-162774.117114254,-215975.670,-296990.024,-167683.140,-0.066984299906,-0.613855475553,-0.334518419543
321786.771,TransLunarCoast,-119900.589933898,-297186.380703056,-162854.361572674,-215780.740,-297106.566,-167738.217,-0.066865094695,-0.613236392598,-0.334185450744
322026.771,TransLunarCoast,-119916.623339278,-297333.483196074,-162934.526154640,-215585.710,-297222.968,-167793.215,-0.066746762563,-0.612617796970,-0.333852782309
322266.771,TransLunarCoast,-119932.628450017,-297480.437284451,-163014.610932155,-215390.681,-297339.371,-167848.212,-0.066629306541,-0.611999686961,-0.333520413534
322506.771,TransLunarCoast,-119948.605476751,-297627.243084528,-163094.615977053,-215195.470,-297455.518,-167903.066,-0.066512729697,-0.611382060858,-0.333188343719
322746.771,TransLunarCoast,-119964.554630855,-297773.900712238,-163174.541361001,-215000.254,-297571.657,-167957.915,-0.066397035137,-0.610764916948,-0.332856572164
322986.771,TransLunarCoast,-119980.476124452,-297920.410283101,-163254.387155497,-214804.951,-297687.673,-168012.694,-0.066282226007,-0.610148253513,-0.332525098168
323226.771,TransLunarCoast,-119996.370170427,-298066.771912225,-163334.153431871,-214609.549,-297803.549,-168067.395,-0.066168305490,-0.609532068833,-0.332193921034
323466.771,TransLunarCoast,-120012.236982434,-298212.985714304,-163413.840261286,-214414.147,-297919.425,-168122.095,-0.066055276810,-0.608916361184,-0.331863040064
323706.771,TransLunarCoast,-120028.076774904,-298359.051803618,-163493.447714739,-214218.564,-298035.045,-168176.651,-0.065943143229,-0.608301128840,-0.331532454561
323946.771,TransLunarCoast,-120043.889763056,-298504.970294033,-163572.975863057,-214022.977,-298150.658,-168231.203,-0.065831908051,-0.607686370071,-0.331202163829
324186.771,TransLunarCoast,-120059.676162908,-298650.741299000,-163652.424776903,-213827.302,-298266.146,-168285.685,-0.065721574619,-0.607072083144,-0.330872167172
324426.771,TransLunarCoast,-120075.436191284,-298796.364931551,-163731.794526770,-213631.529,-298381.495,-168340.087,-0.065612146319,-0.606458266323,-0.330542463897
324666.771,TransLunarCoast,-120091.170065825,-298941.841304304,-163811.085182988,-213435.756,-298496.844,-168394.490,-0.065503626577,-0.605844917866,-0.330213053308
324906.771,TransLunarCoast,-120106.878005002,-299087.170529456,-163890.296815718,-213239.804,-298611.937,-168448.748,-0.065396018860,-0.605232036029,-0.329883934714
325146.771,TransLunarCoast,-120122.560228121,-299232.352718788,-163969.429494955,-213043.846,-298727.022,-168503.001,-0.065289326680,-0.604619619066,-0.329555107421
325386.771,TransLunarCoast,-120138.216955336,-299377.387983657,-164048.483290529,-212847.802,-298841.983,-168557.185,-0.065183553591,-0.604007665223,-0.329226570737
325626.771,TransLunarCoast,-120153.848407659,-299522.276435004,-164127.458272102,-212651.660,-298956.803,-168611.289,-0.065078703188,-0.603396172744,-0.328898323970
325866.771,TransLunarCoast,-120169.454806973,-299667.018183343,-164206.354509172,-212455.518,-299071.624,-168665.394,-0.064974779114,-0.602785139868,-0.328570366429
326106.771,TransLunarCoast,-120185.036376035,-299811.613338768,-164285.172071071,-212259.197,-299186.188,-168719.353,-0.064871785052,-0.602174564831,-0.328242697424
326346.771,TransLunarCoast,-120200.593338497,-299956.062010947,-164363.911026964,-212062.872,-299300.745,-168773.308,-0.064769724732,-0.601564445863,-0.327915316265
326586.771,TransLunarCoast,-120216.125918908,-300100.364309125,-164442.571445851,-211866.459,-299415.176,-168827.193,-0.064668601930,-0.600954781188,-0.327588222261
326826.771,TransLunarCoast,-120231.634342730,-300244.520342119,-164521.153396566,-211669.950,-299529.468,-168880.999,-0.064568420466,-0.600345569028,-0.327261414723
327066.771,TransLunarCoast,-120247.118836348,-300388.530218317,-164599.656947780,-211473.441,-299643.760,-168934.804,-0.064469184207,-0.599736807599,-0.326934892961
327306.771,TransLunarCoast,-120262.579627079,-300532.394045681,-164678.082167995,-211276.754,-299757.794,-168988.465,-0.064370897067,-0.599128495110,-0.326608656287
327546.771,TransLunarCoast,-120278.016943187,-300676.111931742,-164756.429125549,-211080.062,-299871.821,-169042.121,-0.064273563008,-0.598520629767,-0.326282704011
327786.771,TransLunarCoast,-120293.431013890,-300819.683983597,-164834.697888617,-210883.284,-299985.723,-169095.707,-0.064177186037,-0.597913209769,-0.325957035445
328026.771,TransLunarCoast,-120308.822069376,-300963.110307914,-164912.888525205,-210686.409,-300099.485,-169149.213,-0.064081770213,-0.597306233310,-0.325631649900
328266.771,TransLunarCoast,-120324.190340812,-301106.391010924,-164991.001103155,-210489.535,-300213.246,-169202.720,-0.063987319643,-0.596699698578,-0.325306546688
328506.771,TransLunarCoast,-120339.536060357,-301249.526198425,-165069.035690146,-210292.483,-300326.750,-169256.081,-0.063893838481,-0.596093603756,-0.324981725119
328746.771,TransLunarCoast,-120354.859461172,-301392.515975774,-165146.992353689,-210095.426,-300440.247,-169309.438,-0.063801330934,-0.595487947018,-0.324657184506
328986.771,TransLunarCoast,-120370.160777435,-301535.360447893,-165224.871161131,-209898.284,-300553.618,-169362.724,-0.063709801259,-0.594882726535,-0.324332924160
329226.771,TransLunarCoast,-120385.440244350,-301678.059719264,-165302.672179652,-209701.046,-300666.849,-169415.932,-0.063619253763,-0.594277940469,-0.324008943391
329466.771,TransLunarCoast,-120400.698098164,-301820.613893924,-165380.395476269,-209503.807,-300780.079,-169469.139,-0.063529692806,-0.593673586977,-0.323685241511
329706.771,TransLunarCoast,-120415.934576173,-301963.023075471,-165458.041117833,-209306.393,-300893.052,-169522.200,-0.063441122801,-0.593069664209,-0.323361817830
329946.771,TransLunarCoast,-120431.149916742,-302105.287367054,-165535.609171029,-209108.973,-301006.017,-169575.257,-0.063353548213,-0.592466170307,-0.323038671659
330186.771,TransLunarCoast,-120446.344359310,-302247.406871378,-165613.099702375,-208911.469,-301118.856,-169628.244,-0.063266973560,-0.591863103406,-0.322715802308
330426.771,TransLunarCoast,-120461.518144411,-302389.381690699,-165690.512778227,-208713.868,-301231.555,-169681.151,-0.063181403416,-0.591260461635,-0.322393209086
330666.771,TransLunarCoast,-120476.671513681,-302531.211926823,-165767.848464772,-208516.268,-301344.254,-169734.058,-0.063096842409,-0.590658243113,-0.322070891304
330906.771,TransLunarCoast,-120491.804709873,-302672.897681103,-165845.106828032,-208318.492,-301456.694,-169786.819,-0.063013295223,-0.590056445954,-0.321748848269
331146.771,TransLunarCoast,-120506.917976873,-302814.439054438,-165922.287933865,-208120.712,-301569.127,-169839.576,-0.062930766598,-0.589455068262,-0.321427079290
331386.771,TransLunarCoast,-120522.011559709,-302955.836147273,-165999.391847961,-207922.847,-301681.434,-169892.262,-0.062849261331,-0.588854108133,-0.321105583674
331626.771,TransLunarCoast,-120537.085704568,-303097.089059594,-166076.418635842,-207724.886,-301793.600,-169944.869,-0.062768784277,-0.588253563655,-0.320784360728
331866.771,TransLunarCoast,-120552.140658811,-303238.197890926,-166153.368362868,-207526.926,-301905.766,-169997.475,-0.062689340348,-0.587653432909,-0.320463409759
332106.771,TransLunarCoast,-120567.176670983,-303379.162740334,-166230.241094229,-207328.791,-302017.673,-170049.936,-0.062610934516,-0.587053713964,-0.320142730072
332346.771,TransLunarCoast,-120582.193990829,-303519.983706418,-166307.036894950,-207130.651,-302129.572,-170102.392,-0.062533571813,-0.586454404883,-0.319822320971
332586.771,TransLunarCoast,-120597.192869311,-303660.660887311,-166383.755829887,-206932.427,-302241.345,-170154.778,-0.062457257332,-0.585855503717,-0.319502181760
332735.728,TransLunarCoast,-120606.492790507,-303747.900201673,-166431.332966963,-206809.340,-302310.631,-170187.241,-0.062410422036,-0.585483998756,-0.319303622121
332856.038,TransLunarCoast,-120613.999159219,-303818.322029926,-166469.738901901,-206709.924,-302366.591,-170213.462,-0.062372890761,-0.585184052191,-0.319143323307
332976.349,TransLunarCoast,-120621.501028530,-303888.707777564,-166508.125555266,-206610.508,-302422.552,-170239.683,-0.062335625666,-0.584884207088,-0.318983091942
333096.659,TransLunarCoast,-120628.998430503,-303959.057456779,-166546.492935168,-206511.075,-302478.486,-170265.889,-0.062298627412,-0.584584463197,-0.318822927940
333216.969,TransLunarCoast,-120636.491397284,-304029.371079732,-166584.841049707,-206411.570,-302534.313,-170292.034,-0.062261896670,-0.584284820269,-0.318662831211
333337.280,TransLunarCoast,-120643.979961097,-304099.648658556,-166623.169906971,-206312.064,-302590.140,-170318.179,-0.062225434109,-0.583985278054,-0.318502801667
333457.590,TransLunarCoast,-120651.464154247,-304169.890205352,-166661.479515038,-206212.559,-302645.966,-170344.324,-0.062189240407,-0.583685836301,-0.318342839221
333577.901,TransLunarCoast,-120658.944009122,-304240.095732191,-166699.769881975,-206113.053,-302701.793,-170370.469,-0.062153316242,-0.583386494758,-0.318182943783
333698.211,TransLunarCoast,-120666.419558192,-304310.265251116,-166738.041015838,-206013.530,-302757.592,-170396.599,-0.062117662300,-0.583087253175,-0.318023115265
333818.522,TransLunarCoast,-120673.446686000,-304380.487860000,-166776.724647000,-205913.935,-302813.285,-170422.668,-0.061980473000,-0.582812761000,-0.318017723000
334058.522,TransLunarCoast,-120688.313605216,-304520.291341638,-166853.010675103,-205715.259,-302924.382,-170474.673,-0.061910701059,-0.582216318449,-0.317699222049
334298.522,TransLunarCoast,-120703.163909415,-304659.951724358,-166929.220294765,-205516.566,-303035.452,-170526.662,-0.061842015451,-0.581620269682,-0.317380985870
334538.522,TransLunarCoast,-120717.997859988,-304799.469102426,-167005.353569446,-205317.713,-303146.282,-170578.516,-0.061774421785,-0.581024612668,-0.317063013755
334778.522,TransLunarCoast,-120732.815719681,-304938.843569616,-167081.410562436,-205118.860,-303257.112,-170630.369,-0.061707925741,-0.580429345364,-0.316745304996
335018.522,TransLunarCoast,-120747.617752613,-305078.075219213,-167157.391336856,-204919.900,-303367.781,-170682.132,-0.061642533065,-0.579834465716,-0.316427858883
335258.522,TransLunarCoast,-120762.404224287,-305217.164144007,-167233.295955654,-204720.870,-303478.343,-170733.835,-0.061578249571,-0.579239971659,-0.316110674702
335498.522,TransLunarCoast,-120777.175401612,-305356.110436290,-167309.124481610,-204521.821,-303588.877,-170785.522,-0.061515081147,-0.578645861114,-0.315793751739
335738.522,TransLunarCoast,-120791.931552919,-305494.914187855,-167384.876977329,-204322.614,-303699.171,-170837.074,-0.061453033749,-0.578052131991,-0.315477089279
335978.522,TransLunarCoast,-120806.672947976,-305633.575489991,-167460.553505247,-204123.408,-303809.465,-170888.626,-0.061392113406,-0.577458782187,-0.315160686604
336218.522,TransLunarCoast,-120821.399858006,-305772.094433481,-167536.154127625,-203924.094,-303919.597,-170940.087,-0.061332326220,-0.576865809585,-0.314844542994
336458.522,TransLunarCoast,-120836.112555708,-305910.471108598,-167611.678906551,-203724.711,-304029.623,-170991.488,-0.061273678367,-0.576273212056,-0.314528657726
336698.522,TransLunarCoast,-120850.811315269,-306048.705605102,-167687.127903942,-203525.310,-304139.621,-171042.873,-0.061216176097,-0.575680987457,-0.314213030076
336938.522,TransLunarCoast,-120865.496412387,-306186.798012239,-167762.501181539,-203325.751,-304249.378,-171094.122,-0.061159825737,-0.575089133630,-0.313897659317
337178.522,TransLunarCoast,-120880.168124287,-306324.748418733,-167837.798800908,-203126.192,-304359.135,-171145.372,-0.061104633690,-0.574497648406,-0.313582544721
337418.522,TransLunarCoast,-120894.826729741,-306462.556912787,-167913.020823440,-202926.527,-304468.730,-171196.530,-0.061050606436,-0.573906529597,-0.313267685556
337658.522,TransLunarCoast,-120909.472509085,-306600.223582077,-167988.167310350,-202726.793,-304578.218,-171247.629,-0.060997750535,-0.573315775003,-0.312953081088
337898.522,TransLunarCoast,-120924.105744237,-306737.748513749,-168063.238322679,-202527.041,-304687.678,-171298.711,-0.060946072626,-0.572725382410,-0.312638730580
338138.522,TransLunarCoast,-120938.726718722,-306875.131794415,-168138.233921286,-202327.132,-304796.898,-171349.658,-0.060895579429,-0.572135349586,-0.312324633293
338378.522,TransLunarCoast,-120953.335717684,-307012.373510152,-168213.154166857,-202127.222,-304906.117,-171400.605,-0.060846277747,-0.571545674283,-0.312010788483
338618.522,TransLunarCoast,-120967.933027912,-307149.473746492,-168287.999119897,-201927.208,-305015.174,-171451.461,-0.060798174465,-0.570956354240,-0.311697195407
338858.522,TransLunarCoast,-120982.518937856,-307286.432588425,-168362.768840731,-201727.124,-305124.124,-171502.256,-0.060751276550,-0.570367387176,-0.311383853315
339098.522,TransLunarCoast,-120997.093737650,-307423.250120391,-168437.463389507,-201527.023,-305233.046,-171553.036,-0.060705591058,-0.569778770795,-0.311070761456
339338.522,TransLunarCoast,-121011.657719129,-307559.926426276,-168512.082826188,-201326.765,-305341.726,-171603.679,-0.060661125130,-0.569190502783,-0.310757919074
339578.522,TransLunarCoast,-121026.211175855,-307696.461589410,-168586.627210560,-201126.507,-305450.407,-171654.323,-0.060617885993,-0.568602580810,-0.310445325412
339818.522,TransLunarCoast,-121040.754403134,-307832.855692560,-168661.096602223,-200926.145,-305558.925,-171704.875,-0.060575880963,-0.568015002526,-0.310132979708
340058.522,TransLunarCoast,-121055.287698039,-307969.108817928,-168735.491060595,-200725.714,-305667.336,-171755.368,-0.060535117449,-0.567427765564,-0.309820881195
340298.522,TransLunarCoast,-121069.811359430,-308105.221047146,-168809.810644910,-200525.265,-305775.719,-171805.844,-0.060495602946,-0.566840867538,-0.309509029106
340538.522,TransLunarCoast,-121084.325687981,-308241.192461269,-168884.055414218,-200324.660,-305883.859,-171856.184,-0.060457345046,-0.566254306042,-0.309197422667
340778.522,TransLunarCoast,-121098.830986195,-308377.023140774,-168958.225427380,-200124.056,-305992.000,-171906.524,-0.060420351432,-0.565668078651,-0.308886061101
341018.522,TransLunarCoast,-121113.327558433,-308512.713165555,-169032.320743074,-199923.347,-306099.978,-171956.773,-0.060384629881,-0.565082182922,-0.308574943626
341258.522,TransLunarCoast,-121127.815710933,-308648.262614913,-169106.341419785,-199722.570,-306207.849,-172006.961,-0.060350188270,-0.564496616387,-0.308264069457
341498.522,TransLunarCoast,-121142.295751835,-308783.671567557,-169180.287515814,-199521.776,-306315.692,-172057.134,-0.060317034569,-0.563911376563,-0.307953437805
341738.522,TransLunarCoast,-121156.767991204,-308918.940101599,-169254.159089269,-199320.826,-306423.293,-172107.170,-0.060285176849,-0.563326460940,-0.307643047875
341978.522,TransLunarCoast,-121171.232741054,-309054.068294543,-169327.956198068,-199119.877,-306530.893,-172157.207,-0.060254623282,-0.562741866991,-0.307332898868
342218.522,TransLunarCoast,-121185.690315373,-309189.056223284,-169401.678899936,-198918.824,-306638.330,-172207.151,-0.060225382140,-0.562157592164,-0.307022989981
342458.522,TransLunarCoast,-121200.141030145,-309323.903964105,-169475.327252404,-198717.703,-306745.660,-172257.035,-0.060197461799,-0.561573633885,-0.306713320404
342690.676,TransLunarCoast,-121212.644932000,-309453.304865000,-169550.176170000,-198523.145,-306849.462,-172305.278,-0.060169584000,-0.561003030000,-0.306466654000
342930.676,TransLunarCoast,-121227.082569346,-309587.875585584,-169623.691056224,-198321.853,-306956.521,-172355.010,-0.060144284193,-0.560419693226,-0.306157437394
343170.676,TransLunarCoast,-121241.514296110,-309722.306342454,-169697.131758890,-198120.561,-307063.580,-172404.742,-0.060120330611,-0.559836665275,-0.305848457552
343410.676,TransLunarCoast,-121255.940436441,-309856.597209409,-169770.498334723,-197919.171,-307170.485,-172454.387,-0.060097732052,-0.559253943479,-0.305539713642
343650.676,TransLunarCoast,-121270.361316610,-309990.748259601,-169843.790840246,-197717.708,-307277.273,-172503.967,-0.060076497423,-0.558671525145,-0.305231204827
343890.676,TransLunarCoast,-121284.777265040,-310124.759565538,-169917.009331781,-197516.233,-307384.042,-172553.536,-0.060056635746,-0.558089407554,-0.304922930265
344130.676,TransLunarCoast,-121299.188612334,-310258.631199067,-169990.153865446,-197314.599,-307490.559,-172602.963,-0.060038156154,-0.557507587962,-0.304614889107
344370.676,TransLunarCoast,-121313.595691300,-310392.363231378,-170063.224497156,-197112.966,-307597.075,-172652.390,-0.060021067895,-0.556926063596,-0.304307080498
344610.676,TransLunarCoast,-121327.998836979,-310525.955732988,-170136.221282620,-196911.235,-307703.437,-172701.730,-0.060005380336,-0.556344831658,-0.303999503577
344850.676,TransLunarCoast,-121342.398386676,-310659.408773742,-170209.144277339,-196709.432,-307809.683,-172751.005,-0.059991102961,-0.555763889322,-0.303692157476
345090.676,TransLunarCoast,-121356.794679984,-310792.722422802,-170281.993536605,-196507.616,-307915.909,-172800.269,-0.059978245375,-0.555183233731,-0.303385041320
345330.676,TransLunarCoast,-121371.188058817,-310925.896748642,-170354.769115498,-196305.643,-308021.883,-172849.391,-0.059966817303,-0.554602862002,-0.303078154228
345570.676,TransLunarCoast,-121385.578867438,-311058.931819039,-170427.471068888,-196103.670,-308127.856,-172898.513,-0.059956828597,-0.554022771220,-0.302771495310
345810.676,TransLunarCoast,-121399.967452490,-311191.827701068,-170500.099451429,-195901.601,-308233.675,-172947.548,-0.059948289232,-0.553442958443,-0.302465063672
346050.676,TransLunarCoast,-121414.354163025,-311324.584461094,-170572.654317561,-195699.459,-308339.377,-172996.518,-0.059941209311,-0.552863420693,-0.302158858410
346290.676,TransLunarCoast,-121428.739350533,-311457.202164762,-170645.135721503,-195497.305,-308445.059,-173045.476,-0.059935599066,-0.552284154965,-0.301852878612
346530.676,TransLunarCoast,-121443.123368979,-311589.680876995,-170717.543717258,-195294.994,-308550.489,-173094.293,-0.059931468862,-0.551705158220,-0.301547123360
346770.676,TransLunarCoast,-121457.506574829,-311722.020661981,-170789.878358605,-195092.684,-308655.919,-173143.110,-0.059928829194,-0.551126427385,-0.301241591725
347010.676,TransLunarCoast,-121471.889327085,-311854.221583165,-170862.139699101,-194890.277,-308761.193,-173191.839,-0.059927690695,-0.550547959356,-0.300936282773
347250.676,TransLunarCoast,-121486.271987318,-311986.283703245,-170934.327792075,-194687.798,-308866.351,-173240.503,-0.059928064133,-0.549969750992,-0.300631195559
347490.676,TransLunarCoast,-121500.654919697,-312118.207084160,-171006.442690632,-194485.308,-308971.489,-173289.156,-0.059929960417,-0.549391799118,-0.300326329130
347730.676,TransLunarCoast,-121515.038491029,-312249.991787084,-171078.484447644,-194282.661,-309076.374,-173337.666,-0.059933390596,-0.548814100524,-0.300021682525
347970.676,TransLunarCoast,-121529.423070789,-312381.637872414,-171150.453115752,-194080.015,-309181.259,-173386.177,-0.059938365861,-0.548236651962,-0.299717254771
348210.676,TransLunarCoast,-121543.809031156,-312513.145399766,-171222.348747364,-193877.273,-309285.988,-173434.600,-0.059944897552,-0.547659450147,-0.299413044888
348450.676,TransLunarCoast,-121558.196747047,-312644.514427959,-171294.171394649,-193674.459,-309390.600,-173482.958,-0.059952997154,-0.547082491758,-0.299109051884
348690.676,TransLunarCoast,-121572.586596154,-312775.745015015,-171365.921109538,-193471.634,-309495.193,-173531.305,-0.059962676303,-0.546505773431,-0.298805274761
348930.676,TransLunarCoast,-121586.978958979,-312906.837218139,-171437.597943723,-193268.654,-309599.532,-173579.509,-0.059973946787,-0.545929291765,-0.298501712505
349170.676,TransLunarCoast,-121601.374218873,-313037.791093719,-171509.201948649,-193065.673,-309703.871,-173627.713,-0.059986820548,-0.545353043318,-0.298198364096
349410.676,TransLunarCoast,-121615.772762072,-313168.606697311,-171580.733175514,-192862.598,-309808.055,-173675.830,-0.060001309686,-0.544777024607,-0.297895228501
349540.000,TransLunarCoast,-121623.532914773,-313239.039376327,-171619.247620875,-192753.132,-309864.131,-173701.723,-0.060009791196,-0.544466730938,-0.297731971754
349607.960,TransLunarCoast,-121627.528182595,-313276.129770805,-171639.341978479,-192695.608,-309893.599,-173715.329,-0.058594070563,-0.545903895682,-0.295311436530
349669.426,TransLunarCoast,-121631.129824720,-313309.679459965,-171657.491040805,-192643.580,-309920.251,-173727.635,-0.058598386495,-0.545756457405,-0.295233880509
349921.719,TransLunarCoast,-121645.895099777,-313447.320146368,-171732.072006388,-192429.995,-310029.593,-173778.117,-0.058604461790,-0.545159964802,-0.294954698340
350161.719,TransLunarCoast,-121659.962491833,-313578.089494431,-171802.824833173,-192226.683,-310133.385,-173826.015,-0.058624081755,-0.544584638180,-0.294652226807
350401.719,TransLunarCoast,-121674.034792211,-313708.720789727,-171873.505092141,-192023.370,-310237.178,-173873.912,-0.058645366619,-0.544009524456,-0.294349966351
350641.719,TransLunarCoast,-121688.112402032,-313839.214082904,-171944.112833823,-191819.942,-310340.779,-173921.703,-0.058668329272,-0.543434619903,-0.294047915913
350881.719,TransLunarCoast,-121702.195725530,-313969.569423712,-172014.648108495,-191616.464,-310444.298,-173969.447,-0.058692982780,-0.542859920749,-0.293746074419
351121.719,LunarFlyby,-121716.285170093,-314099.786860989,-172085.110966173,-191412.953,-310547.762,-174017.160,-0.058719340378,-0.542285423172,-0.293444440786
351361.719,LunarFlyby,-121730.381146311,-314229.866442651,-172155.501456613,-191209.310,-310651.007,-174064.751,-0.058747415481,-0.541711123302,-0.293143013915
351601.719,LunarFlyby,-121744.484068011,-314359.808215677,-172225.819629305,-191005.667,-310754.253,-174112.341,-0.058777221683,-0.541137017217,-0.292841792697
351841.719,LunarFlyby,-121758.594352308,-314489.612226100,-172296.065533470,-190801.909,-310857.306,-174159.824,-0.058808772761,-0.540563100943,-0.292540776008
352081.719,LunarFlyby,-121772.712419643,-314619.278518993,-172366.239218060,-190598.101,-310960.277,-174207.261,-0.058842082678,-0.539989370454,-0.292239962710
352321.719,LunarFlyby,-121786.838693832,-314748.807138455,-172436.340731750,-190394.261,-311063.194,-174254.667,-0.058877165583,-0.539415821669,-0.291939351652
352561.719,LunarFlyby,-121800.973602110,-314878.198127600,-172506.370122939,-190190.289,-311165.890,-174301.951,-0.058914035820,-0.538842450453,-0.291638941668
352801.719,LunarFlyby,-121815.117575175,-315007.451528543,-172576.327439742,-189986.318,-311268.587,-174349.234,-0.058952707925,-0.538269252614,-0.291338731577
353041.719,LunarFlyby,-121829.271047241,-315136.567382385,-172646.212729992,-189782.232,-311371.092,-174396.409,-0.058993196631,-0.537696223902,-0.291038720185
353281.719,LunarFlyby,-121843.434456080,-315265.545729201,-172716.026041230,-189578.097,-311473.515,-174443.538,-0.059035516875,-0.537123360009,-0.290738906278
353521.719,LunarFlyby,-121857.608243075,-315394.386608025,-172785.767420706,-189373.929,-311575.882,-174490.637,-0.059079683797,-0.536550656565,-0.290439288631
353761.719,LunarFlyby,-121871.792853264,-315523.090056834,-172855.436915374,-189169.631,-311678.030,-174537.612,-0.059125712742,-0.535978109140,-0.290139866000
354001.719,LunarFlyby,-121885.988735397,-315651.656112535,-172925.034571886,-188965.333,-311780.178,-174584.587,-0.059173619269,-0.535405713242,-0.289840637123
354241.719,LunarFlyby,-121900.196341981,-315780.084810948,-172994.560436591,-188760.921,-311882.133,-174631.455,-0.059223419149,-0.534833464311,-0.289541600723
354481.719,LunarFlyby,-121914.416129335,-315908.376186792,-173064.014555528,-188556.460,-311984.006,-174678.276,-0.059275128373,-0.534261357727,-0.289242755506
354721.719,LunarFlyby,-121928.648557644,-316036.530273669,-173133.396974423,-188351.966,-312085.824,-174725.066,-0.059328763153,-0.533689388797,-0.288944100157
354961.719,LunarFlyby,-121942.894091007,-316164.547104046,-173202.707738686,-188147.343,-312187.422,-174771.734,-0.059384339924,-0.533117552763,-0.288645633344
355201.719,LunarFlyby,-121957.153197499,-316292.426709241,-173271.946893403,-187942.720,-312289.020,-174818.401,-0.059441875352,-0.532545844795,-0.288347353716
355441.719,LunarFlyby,-121971.426349220,-316420.169119402,-173341.114483335,-187737.984,-312390.425,-174864.960,-0.059501386335,-0.531974259994,-0.288049259902
355681.719,LunarFlyby,-121985.714022359,-316547.774363495,-173410.210552886,-187533.199,-312491.748,-174911.472,-0.059562890025,-0.531402793406,-0.287751350315
355921.719,LunarFlyby,-122000.016697242,-316675.242469286,-173479.235146126,-187328.382,-312593.015,-174957.954,-0.059626403781,-0.530831439961,-0.287453623740
356161.719,LunarFlyby,-122014.334858393,-316802.573463315,-173548.188306807,-187123.436,-312694.062,-175004.313,-0.059691945221,-0.530260194533,-0.287156078744
356401.719,LunarFlyby,-122028.668994596,-316929.767370884,-173617.070078332,-186918.490,-312795.110,-175050.671,-0.059759532213,-0.529689051916,-0.286858713873
356641.719,LunarFlyby,-122043.019598953,-317056.824216035,-173685.880503757,-186713.431,-312895.964,-175096.922,-0.059829182880,-0.529118006828,-0.286561527651
356881.719,LunarFlyby,-122057.387168947,-317183.744021532,-173754.619625776,-186508.324,-312996.735,-175143.126,-0.059900915600,-0.528547053901,-0.286264518577
357121.719,LunarFlyby,-122071.772206501,-317310.526808842,-173823.287486723,-186303.185,-313097.451,-175189.299,-0.059974749014,-0.527976187685,-0.285967685129
357361.719,LunarFlyby,-122086.175218046,-317437.172598113,-173891.884128563,-186097.918,-313197.947,-175235.348,-0.060050702027,-0.527405402645,-0.285671025760
357601.719,LunarFlyby,-122100.596714581,-317563.681408154,-173960.409592887,-185892.650,-313298.442,-175281.398,-0.060128793817,-0.526834693156,-0.285374538899
357841.719,LunarFlyby,-122115.037211741,-317690.053256413,-174028.863920906,-185687.271,-313398.744,-175327.339,-0.060209043837,-0.526264053505,-0.285078222948
358081.719,LunarFlyby,-122129.497229864,-317816.288158956,-174097.247153444,-185481.844,-313498.964,-175373.234,-0.060291471820,-0.525693477887,-0.284782076284
358321.719,LunarFlyby,-122143.977294057,-317942.386130447,-174165.559330933,-185276.384,-313599.128,-175419.098,-0.060376097783,-0.525122960403,-0.284486097259
358561.719,LunarFlyby,-122158.477934267,-318068.347184119,-174233.800493404,-185070.798,-313699.071,-175464.838,-0.060462942034,-0.524552495058,-0.284190284194
358801.719,LunarFlyby,-122172.999685349,-318194.171331756,-174301.970680485,-184865.211,-313799.014,-175510.578,-0.060552025177,-0.523982075759,-0.283894635386
359041.719,LunarFlyby,-122187.543087139,-318319.858583669,-174370.069931390,-184659.513,-313898.764,-175556.210,-0.060643368115,-0.523411696312,-0.283599149099
359281.719,LunarFlyby,-122202.108684528,-318445.408948668,-174438.098284912,-184453.767,-313998.430,-175601.795,-0.060736992056,-0.522841350420,-0.283303823571
359521.719,LunarFlyby,-122216.697027533,-318570.822434041,-174506.055779420,-184247.989,-314098.041,-175647.349,-0.060832918522,-0.522271031682,-0.283008657008
359761.719,LunarFlyby,-122231.308671372,-318696.099045525,-174573.942452847,-184042.085,-314197.431,-175692.780,-0.060931169348,-0.521700733588,-0.282713647586
360001.719,LunarFlyby,-122245.944176545,-318821.238787283,-174641.758342683,-183836.181,-314296.821,-175738.210,-0.061031766693,-0.521130449517,-0.282418793446
360241.719,LunarFlyby,-122260.604108909,-318946.241661875,-174709.503485971,-183630.166,-314396.017,-175783.532,-0.061134733044,-0.520560172738,-0.282124092699
360481.719,LunarFlyby,-122275.289039757,-319071.107670231,-174777.177919295,-183424.103,-314495.130,-175828.808,-0.061240091222,-0.519989896403,-0.281829543423
360721.719,LunarFlyby,-122289.999545899,-319195.836811624,-174844.781678774,-183218.009,-314594.187,-175874.052,-0.061347864388,-0.519419613544,-0.281535143659
360961.719,LunarFlyby,-122304.736209747,-319320.429083641,-174912.314800052,-183011.789,-314693.023,-175919.172,-0.061458076047,-0.518849317075,-0.281240891413
361201.719,LunarFlyby,-122319.499619394,-319444.884482152,-174979.777318290,-182805.569,-314791.858,-175964.293,-0.061570750059,-0.518278999785,-0.280946784655
361441.719,LunarFlyby,-122334.290368705,-319569.203001283,-175047.169268159,-182599.239,-314890.500,-176009.304,-0.061685910642,-0.517708654335,-0.280652821319
361681.719,LunarFlyby,-122349.109057398,-319693.384633381,-175114.490683828,-182392.862,-314989.058,-176054.269,-0.061803582378,-0.517138273257,-0.280358999298
361921.719,LunarFlyby,-122363.956291139,-319817.429368986,-175181.741598955,-182186.453,-315087.561,-176099.204,-0.061923790223,-0.516567848951,-0.280065316447
362161.719,LunarFlyby,-122378.832681625,-319941.337196798,-175248.922046680,-181979.919,-315185.842,-176144.013,-0.062046559511,-0.515997373679,-0.279771770580
362401.719,LunarFlyby,-122393.738846681,-320065.108103642,-175316.032059613,-181773.385,-315284.123,-176188.823,-0.062171915961,-0.515426839565,-0.279478359470
362641.719,LunarFlyby,-122408.675410352,-320188.742074438,-175383.071669824,-181566.742,-315382.209,-176233.524,-0.062299885687,-0.514856238590,-0.279185080847
362881.719,LunarFlyby,-122423.643002998,-320312.239092161,-175450.040908832,-181360.052,-315480.212,-176278.179,-0.062430495202,-0.514285562588,-0.278891932397
363121.719,LunarFlyby,-122438.642261390,-320435.599137811,-175516.939807598,-181153.330,-315578.160,-176322.802,-0.062563771428,-0.513714803242,-0.278598911760
363361.719,LunarFlyby,-122453.673828811,-320558.822190371,-175583.768396509,-180946.484,-315675.885,-176367.301,-0.062699741700,-0.513143952084,-0.278306016532
363601.719,LunarFlyby,-122468.738355155,-320681.908226774,-175650.526705369,-180739.638,-315773.610,-176411.801,-0.062838433780,-0.512573000488,-0.278013244260
363841.719,LunarFlyby,-122483.836497030,-320804.857221865,-175717.214763389,-180532.684,-315871.141,-176456.191,-0.062979875859,-0.512001939665,-0.277720592441
364081.719,LunarFlyby,-122498.968917862,-320927.669148357,-175783.832599172,-180325.682,-315968.588,-176500.534,-0.063124096569,-0.511430760664,-0.277428058524
364321.719,LunarFlyby,-122514.136288004,-321050.343976797,-175850.380240704,-180118.650,-316065.979,-176544.847,-0.063271124988,-0.510859454360,-0.277135639906
364561.719,LunarFlyby,-122529.339284840,-321172.881675520,-175916.857715337,-179911.494,-316163.147,-176589.035,-0.063420990653,-0.510288011460,-0.276843333930
364801.719,LunarFlyby,-122544.578592901,-321295.282210610,-175983.265049784,-179704.337,-316260.316,-176633.222,-0.063573723565,-0.509716422489,-0.276551137885
365041.719,LunarFlyby,-122559.854903973,-321417.545545855,-176049.602270095,-179497.073,-316357.290,-176677.301,-0.063729354199,-0.509144677793,-0.276259049005
365281.719,LunarFlyby,-122575.168917215,-321539.671642703,-176115.869401652,-179289.762,-316454.180,-176721.334,-0.063887913514,-0.508572767527,-0.275967064465
365521.719,LunarFlyby,-122590.521339275,-321661.660460218,-176182.066469153,-179082.421,-316551.014,-176765.335,-0.064049432963,-0.508000681660,-0.275675181382
365761.719,LunarFlyby,-122605.912884408,-321783.511955032,-176248.193496596,-178874.956,-316647.625,-176809.211,-0.064213944498,-0.507428409959,-0.275383396813
366001.719,LunarFlyby,-122621.344274602,-321905.226081296,-176314.250507263,-178667.492,-316744.237,-176853.087,-0.064381480588,-0.506855941994,-0.275091707750
366241.719,LunarFlyby,-122636.816239697,-322026.802790634,-176380.237523710,-178459.920,-316840.653,-176896.855,-0.064552074221,-0.506283267125,-0.274800111124
366481.719,LunarFlyby,-122652.329517517,-322148.242032093,-176446.154567745,-178252.302,-316936.985,-176940.575,-0.064725758919,-0.505710374504,-0.274508603798
366721.719,LunarFlyby,-122667.884853992,-322269.543752089,-176512.001660419,-178044.653,-317033.262,-176984.264,-0.064902568746,-0.505137253063,-0.274217182567
366961.719,LunarFlyby,-122683.483003299,-322390.707894353,-176577.778822003,-177836.882,-317129.315,-177027.829,-0.065082538323,-0.504563891511,-0.273925844159
367201.719,LunarFlyby,-122699.124727986,-322511.734399882,-176643.486071973,-177629.111,-317225.368,-177071.393,-0.065265702834,-0.503990278331,-0.273634585227
367441.719,LunarFlyby,-122714.810799118,-322632.623206879,-176709.123428995,-177421.233,-317321.226,-177114.849,-0.065452098038,-0.503416401769,-0.273343402353
367681.719,LunarFlyby,-122730.541996411,-322753.374250699,-176774.690910906,-177213.309,-317417.000,-177158.257,-0.065641760285,-0.502842249832,-0.273052292042
367921.719,LunarFlyby,-122746.319108378,-322873.987463788,-176840.188534694,-177005.355,-317512.718,-177201.634,-0.065834726523,-0.502267810280,-0.272761250720
368161.719,LunarFlyby,-122762.142932470,-322994.462775623,-176905.616316478,-176797.279,-317608.212,-177244.886,-0.066031034313,-0.501693070618,-0.272470274734
368401.719,LunarFlyby,-122778.014275231,-323114.800112654,-176970.974271493,-176589.203,-317703.706,-177288.139,-0.066230721841,-0.501118018093,-0.272179360350
368641.719,LunarFlyby,-122793.933952442,-323234.999398235,-177036.262414067,-176381.021,-317799.005,-177331.282,-0.066433827928,-0.500542639684,-0.271888503747
368881.719,LunarFlyby,-122809.902789282,-323355.060552566,-177101.480757601,-176172.794,-317894.219,-177374.378,-0.066640392048,-0.499966922098,-0.271597701016
369121.719,LunarFlyby,-122825.921620482,-323474.983492620,-177166.629314545,-175964.536,-317989.378,-177417.442,-0.066850454337,-0.499390851757,-0.271306948162
369361.719,LunarFlyby,-122841.991290486,-323594.768132078,-177231.708096381,-175756.158,-318084.313,-177460.382,-0.067064055609,-0.498814414798,-0.271016241095
369601.719,LunarFlyby,-122858.112653617,-323714.414381259,-177296.717113597,-175547.779,-318179.247,-177503.322,-0.067281237371,-0.498237597059,-0.270725575628
369841.719,LunarFlyby,-122874.286574243,-323833.922147046,-177361.656375667,-175339.295,-318273.986,-177546.152,-0.067502041832,-0.497660384076,-0.270434947480
370081.719,LunarFlyby,-122890.513926951,-323953.291332812,-177426.525891022,-175130.766,-318368.640,-177588.935,-0.067726511927,-0.497082761070,-0.270144352268
370321.719,LunarFlyby,-122906.795596716,-324072.521838348,-177491.325667030,-174922.206,-318463.239,-177631.687,-0.067954691323,-0.496504712941,-0.269853785504
370561.719,LunarFlyby,-122923.132479087,-324191.613559778,-177556.055709971,-174713.527,-318557.613,-177674.314,-0.068186624439,-0.495926224260,-0.269563242594
370801.719,LunarFlyby,-122939.525480363,-324310.566389485,-177620.716025007,-174504.847,-318651.987,-177716.941,-0.068422356463,-0.495347279260,-0.269272718835
371041.719,LunarFlyby,-122955.975517782,-324429.380216026,-177685.306616158,-174296.062,-318746.165,-177759.458,-0.068661933364,-0.494767861823,-0.268982209410
371281.719,LunarFlyby,-122972.483519712,-324548.054924046,-177749.827486275,-174087.233,-318840.259,-177801.928,-0.068905401914,-0.494187955476,-0.268691709386
371521.719,LunarFlyby,-122989.050425843,-324666.590394193,-177814.278637010,-173878.374,-318934.296,-177844.367,-0.069152809701,-0.493607543375,-0.268401213708
371761.719,LunarFlyby,-123005.677187385,-324784.986503027,-177878.660068788,-173669.395,-319028.109,-177886.680,-0.069404205148,-0.493026608301,-0.268110717200
372001.719,LunarFlyby,-123022.364767272,-324903.243122929,-177942.971780775,-173460.416,-319121.922,-177928.994,-0.069659637531,-0.492445132645,-0.267820214558
372241.719,LunarFlyby,-123039.114140369,-325021.360122008,-178007.213770849,-173251.333,-319215.538,-177971.197,-0.069919156999,-0.491863098398,-0.267529700346
372481.719,LunarFlyby,-123055.926293684,-325139.337363998,-178071.386035569,-173042.206,-319309.070,-178013.354,-0.070182814590,-0.491280487142,-0.267239168994
372721.719,LunarFlyby,-123072.802226581,-325257.174708167,-178135.488570138,-172833.048,-319402.546,-178055.479,-0.070450662253,-0.490697280036,-0.266948614791
372961.719,LunarFlyby,-123089.742951005,-325374.872009204,-178199.521368372,-172623.772,-319495.797,-178097.479,-0.070722752867,-0.490113457803,-0.266658031885
373201.719,LunarFlyby,-123106.749491703,-325492.429117123,-178263.484422666,-172414.496,-319589.048,-178139.479,-0.070999140261,-0.489529000722,-0.266367414273
373441.719,LunarFlyby,-123123.822886460,-325609.845877147,-178327.377723954,-172205.117,-319682.102,-178181.369,-0.071279879236,-0.488943888610,-0.266076755803
373681.719,LunarFlyby,-123140.964186329,-325727.122129600,-178391.201261677,-171995.693,-319775.072,-178223.212,-0.071565025587,-0.488358100814,-0.265786050163
373921.719,LunarFlyby,-123158.174455879,-325844.257709791,-178454.955023740,-171786.239,-319867.985,-178265.023,-0.071854636123,-0.487771616193,-0.265495290880
374161.719,LunarFlyby,-123175.454773434,-325961.252447894,-178518.638996476,-171576.668,-319960.673,-178306.709,-0.072148768692,-0.487184413104,-0.265204471315
374401.719,LunarFlyby,-123192.806231329,-326078.106168830,-178582.253164603,-171367.097,-320053.361,-178348.395,-0.072447482203,-0.486596469393,-0.264913584655
374641.719,LunarFlyby,-123210.229936169,-326194.818692137,-178645.797511183,-171157.422,-320145.852,-178389.971,-0.072750836652,-0.486007762373,-0.264622623910
374881.719,LunarFlyby,-123227.727009088,-326311.389831845,-178709.272017578,-170947.704,-320238.259,-178431.500,-0.073058893143,-0.485418268811,-0.264331581908
375121.719,LunarFlyby,-123245.298586023,-326427.819396339,-178772.676663408,-170737.956,-320330.609,-178472.997,-0.073371713918,-0.484827964915,-0.264040451285
375361.719,LunarFlyby,-123262.945817986,-326544.107188226,-178836.011426501,-170528.091,-320422.734,-178514.369,-0.073689362377,-0.484236826312,-0.263749224486
375601.719,LunarFlyby,-123280.669871348,-326660.253004194,-178899.276282846,-170318.226,-320514.858,-178555.740,-0.074011903112,-0.483644828034,-0.263457893751
375841.719,LunarFlyby,-123298.471928128,-326776.256634861,-178962.471206549,-170108.259,-320606.785,-178597.002,-0.074339401929,-0.483051944501,-0.263166451115
376081.719,LunarFlyby,-123316.353186287,-326892.117864636,-179025.596169775,-169898.248,-320698.628,-178638.216,-0.074671925877,-0.482458149499,-0.262874888398
376321.719,LunarFlyby,-123334.314860028,-327007.836471553,-179088.651142700,-169688.207,-320790.414,-178679.399,-0.075009543279,-0.481863416164,-0.262583197197
376561.719,LunarFlyby,-123352.358180109,-327123.412227124,-179151.636093459,-169478.051,-320881.974,-178720.456,-0.075352323759,-0.481267716962,-0.262291368883
376801.719,LunarFlyby,-123370.484394157,-327238.844896167,-179214.550988085,-169267.894,-320973.535,-178761.513,-0.075700338275,-0.480671023668,-0.261999394590
377041.719,LunarFlyby,-123388.694766992,-327354.134236642,-179277.395790455,-169057.636,-321064.897,-178802.460,-0.076053659151,-0.480073307343,-0.261707265209
377281.719,LunarFlyby,-123406.990580958,-327469.279999475,-179340.170462229,-168847.334,-321156.175,-178843.359,-0.076412360106,-0.479474538315,-0.261414971379
377521.719,LunarFlyby,-123425.373136262,-327584.281928382,-179402.874962791,-168637.003,-321247.396,-178884.227,-0.076776516288,-0.478874686156,-0.261122503481
377761.719,LunarFlyby,-123443.843751325,-327699.139759682,-179465.509249183,-168426.556,-321338.392,-178924.969,-0.077146204311,-0.478273719656,-0.260829851625
378001.719,LunarFlyby,-123462.403763129,-327813.853222109,-179528.073276041,-168216.110,-321429.387,-178965.711,-0.077521502288,-0.477671606802,-0.260537005647
378241.719,LunarFlyby,-123481.054527593,-327928.422036611,-179590.566995527,-168005.562,-321520.184,-179006.343,-0.077902489868,-0.477068314750,-0.260243955093
378481.719,LunarFlyby,-123499.797419933,-328042.845916157,-179652.990357259,-167794.972,-321610.896,-179046.927,-0.078289248270,-0.476463809802,-0.259950689216
378721.719,LunarFlyby,-123518.633835056,-328157.124565518,-179715.343308240,-167584.352,-321701.552,-179087.480,-0.078681860326,-0.475858057374,-0.259657196963
378961.719,LunarFlyby,-123537.565187942,-328271.257681059,-179777.625792781,-167373.618,-321791.982,-179127.907,-0.079080410518,-0.475251021973,-0.259363466962
379201.719,LunarFlyby,-123556.592914050,-328385.244950513,-179839.837752426,-167162.883,-321882.411,-179168.334,-0.079484985016,-0.474642667167,-0.259069487517
379441.719,LunarFlyby,-123575.718469727,-328499.086052754,-179901.979125871,-166952.048,-321972.642,-179208.650,-0.079895671726,-0.474032955550,-0.258775246592
379681.719,LunarFlyby,-123594.943332630,-328612.780657560,-179964.049848881,-166741.170,-322062.788,-179248.919,-0.080312560325,-0.473421848719,-0.258480731804
379921.719,LunarFlyby,-123614.269002155,-328726.328425367,-180026.049854208,-166530.264,-322152.878,-179289.156,-0.080735742311,-0.472809307233,-0.258185930405
380161.719,LunarFlyby,-123633.696999880,-328839.729007020,-180087.979071497,-166319.243,-322242.741,-179329.267,-0.081165311045,-0.472195290586,-0.257890829276
380401.719,LunarFlyby,-123653.228870019,-328952.982043508,-180149.837427201,-166108.223,-322332.604,-179369.378,-0.081601361799,-0.471579757169,-0.257595414908
380641.719,LunarFlyby,-123672.866179884,-329066.087165700,-180211.624844482,-165897.102,-322422.268,-179409.379,-0.082043991805,-0.470962664233,-0.257299673395
380881.719,LunarFlyby,-123692.610520365,-329179.043994065,-180273.341243113,-165685.939,-322511.847,-179449.332,-0.082493300303,-0.470343967853,-0.257003590413
381121.719,LunarFlyby,-123712.463506413,-329291.852138384,-180334.986539382,-165474.748,-322601.370,-179489.254,-0.082949388590,-0.469723622889,-0.256707151211
381361.719,LunarFlyby,-123732.426777544,-329404.511197454,-180396.560645981,-165263.443,-322690.665,-179529.049,-0.083412360077,-0.469101582946,-0.256410340593
381601.719,LunarFlyby,-123752.501998352,-329517.020758785,-180458.063471901,-165052.138,-322779.961,-179568.844,-0.083882320340,-0.468477800327,-0.256113142904
381841.719,LunarFlyby,-123772.690859033,-329629.380398276,-180519.494922319,-164840.734,-322869.058,-179608.528,-0.084359377177,-0.467852225997,-0.255815542011
382081.719,LunarFlyby,-123792.995075928,-329741.589679894,-180580.854898481,-164629.288,-322958.069,-179648.165,-0.084843640663,-0.467224809531,-0.255517521290
382321.719,LunarFlyby,-123813.416392076,-329853.648155333,-180642.143297581,-164417.813,-323047.024,-179687.771,-0.085335223212,-0.466595499072,-0.255219063604
382561.719,LunarFlyby,-123833.956577779,-329965.555363663,-180703.360012640,-164206.226,-323135.751,-179727.249,-0.085834239634,-0.465964241274,-0.254920151286
382801.719,LunarFlyby,-123854.617431191,-330077.310830969,-180764.504932371,-163994.639,-323224.479,-179766.728,-0.086340807205,-0.465330981262,-0.254620766122
383041.719,LunarFlyby,-123875.400778912,-330188.914069976,-180825.577941049,-163782.953,-323313.007,-179806.096,-0.086855045721,-0.464695662569,-0.254320889329
383281.719,LunarFlyby,-123896.308476603,-330300.364579661,-180886.578918370,-163571.225,-323401.450,-179845.417,-0.087377077574,-0.464058227085,-0.254020501532
383521.719,LunarFlyby,-123917.342409617,-330411.661844851,-180947.507739306,-163359.469,-323489.837,-179884.706,-0.087907027815,-0.463418615000,-0.253719582747
383761.719,LunarFlyby,-123938.504493646,-330522.805335810,-181008.364273960,-163147.602,-323577.995,-179923.868,-0.088445024227,-0.462776764745,-0.253418112354
384001.719,LunarFlyby,-123959.796675385,-330633.794507806,-181069.148387406,-162935.734,-323666.154,-179963.030,-0.088991197399,-0.462132612924,-0.253116069078
384241.719,LunarFlyby,-123981.220933214,-330744.628800668,-181129.859939531,-162723.768,-323754.113,-180002.082,-0.089545680797,-0.461486094256,-0.252813430959
384481.719,LunarFlyby,-124002.779277897,-330855.307638325,-181190.498784866,-162511.761,-323841.987,-180041.086,-0.090108610846,-0.460837141506,-0.252510175330
384721.719,LunarFlyby,-124024.473753306,-330965.830428326,-181251.064772417,-162299.726,-323929.805,-180080.058,-0.090680127007,-0.460185685411,-0.252206278790
384961.719,LunarFlyby,-124046.306437154,-331076.196561349,-181311.557745480,-162087.579,-324017.394,-180118.903,-0.091260371862,-0.459531654610,-0.251901717174
385201.719,LunarFlyby,-124068.279441756,-331186.405410683,-181371.977541459,-161875.433,-324104.983,-180157.748,-0.091849491196,-0.458874975569,-0.251596465527
385441.719,LunarFlyby,-124090.394914810,-331296.456331703,-181432.323991670,-161663.189,-324192.372,-180196.483,-0.092447634088,-0.458215572498,-0.251290498071
385681.719,LunarFlyby,-124112.655040196,-331406.348661314,-181492.596921140,-161450.904,-324279.677,-180235.169,-0.093054952998,-0.457553367272,-0.250983788175
385921.719,LunarFlyby,-124135.062038801,-331516.081717382,-181552.796148398,-161238.592,-324366.924,-180273.824,-0.093671603863,-0.456888279340,-0.250676308319
386161.719,LunarFlyby,-124157.618169364,-331625.654798141,-181612.921485262,-161026.168,-324453.943,-180312.353,-0.094297746194,-0.456220225641,-0.250368030064
386401.719,LunarFlyby,-124180.325729342,-331735.067181579,-181672.972736607,-160813.745,-324540.961,-180350.881,-0.094933543172,-0.455549120504,-0.250058924012
386641.719,LunarFlyby,-124203.187055810,-331844.318124803,-181732.949700134,-160601.225,-324627.781,-180389.298,-0.095579161753,-0.454874875554,-0.249748959770
386881.719,LunarFlyby,-124226.204526374,-331953.406863371,-181792.852166129,-160388.665,-324714.514,-180427.667,-0.096234772776,-0.454197399610,-0.249438105910
387121.719,LunarFlyby,-124249.380560119,-332062.332610614,-181852.679917204,-160176.076,-324801.191,-180466.005,-0.096900551067,-0.453516598576,-0.249126329930
387361.719,LunarFlyby,-124272.717618577,-332171.094556917,-181912.432728038,-159963.378,-324887.639,-180504.215,-0.097576675556,-0.452832375332,-0.248813598206
387601.719,LunarFlyby,-124296.218206728,-332279.691868982,-181972.110365102,-159750.680,-324974.086,-180542.426,-0.098263329392,-0.452144629615,-0.248499875951
387841.719,LunarFlyby,-124319.884874026,-332388.123689059,-182031.712586374,-159537.886,-325060.334,-180580.525,-0.098960700064,-0.451453257901,-0.248185127168
388081.719,LunarFlyby,-124343.720215456,-332496.389134148,-182091.239141042,-159325.051,-325146.497,-180618.577,-0.099668979525,-0.450758153275,-0.247869314599
388321.719,LunarFlyby,-124367.726872618,-332604.487295170,-182150.689769196,-159112.189,-325232.602,-180656.597,-0.100388364320,-0.450059205301,-0.247552399673
388561.719,LunarFlyby,-124391.907534850,-332712.417236105,-182210.064201505,-158899.218,-325318.478,-180694.489,-0.101119055717,-0.449356299883,-0.247234342454
388801.719,LunarFlyby,-124416.264940374,-332820.177993094,-182269.362158884,-158686.247,-325404.354,-180732.382,-0.101861259848,-0.448649319117,-0.246915101582
389041.719,LunarFlyby,-124440.801877479,-332927.768573513,-182328.583352148,-158473.180,-325490.030,-180770.163,-0.102615187845,-0.447938141145,-0.246594634216
389281.719,LunarFlyby,-124465.521185743,-333035.187954998,-182387.727481641,-158260.073,-325575.620,-180807.897,-0.103381055991,-0.447222639993,-0.246272895971
389521.719,LunarFlyby,-124490.425757284,-333142.435084444,-182446.794236867,-158046.939,-325661.153,-180845.599,-0.104159085866,-0.446502685406,-0.245949840854
389761.719,LunarFlyby,-124515.518538051,-333249.508876952,-182505.783296091,-157833.697,-325746.457,-180883.173,-0.104949504505,-0.445778142673,-0.245625421194
390001.719,LunarFlyby,-124540.802529151,-333356.408214739,-182564.694325927,-157620.455,-325831.761,-180920.748,-0.105752544561,-0.445048872451,-0.245299587570
390241.719,LunarFlyby,-124566.280788218,-333463.131946006,-182623.526980912,-157407.118,-325916.864,-180958.211,-0.106568444465,-0.444314730566,-0.244972288742
390481.719,LunarFlyby,-124591.956430822,-333569.678883753,-182682.280903059,-157193.741,-326001.881,-180995.626,-0.107397448604,-0.443575567824,-0.244643471563
390721.719,LunarFlyby,-124617.832631917,-333676.047804550,-182740.955721389,-156980.337,-326086.842,-181033.010,-0.108239807493,-0.442831229794,-0.244313080904
390961.719,LunarFlyby,-124643.912627334,-333782.237447253,-182799.551051444,-156766.825,-326171.572,-181070.266,-0.109095777964,-0.442081556593,-0.243981059567
391201.719,LunarFlyby,-124670.199715321,-333888.246511670,-182858.066494782,-156553.314,-326256.303,-181107.522,-0.109965623347,-0.441326382659,-0.243647348188
391441.719,LunarFlyby,-124696.697258124,-333994.073657166,-182916.501638447,-156339.708,-326340.833,-181144.667,-0.110849613675,-0.440565536507,-0.243311885150
391681.719,LunarFlyby,-124723.408683622,-334099.717501218,-182974.856054409,-156126.063,-326425.277,-181181.763,-0.111748025875,-0.439798840478,-0.242974606477
391921.719,LunarFlyby,-124750.337487004,-334205.176617893,-183033.129298995,-155912.390,-326509.663,-181218.828,-0.112661143988,-0.439026110476,-0.242635445730
392161.719,LunarFlyby,-124777.487232504,-334310.449536280,-183091.320912279,-155698.611,-326593.820,-181255.765,-0.113589259373,-0.438247155691,-0.242294333897
392401.719,LunarFlyby,-124804.861555183,-334415.534738834,-183149.430417449,-155484.832,-326677.977,-181292.703,-0.114532670938,-0.437461778306,-0.241951199277
392641.719,LunarFlyby,-124832.464162768,-334520.430659666,-183207.457320155,-155270.960,-326761.933,-181329.528,-0.115491685365,-0.436669773193,-0.241605967359
392881.719,LunarFlyby,-124860.298837547,-334625.135682746,-183265.401107809,-155057.048,-326845.803,-181366.306,-0.116466617350,-0.435870927591,-0.241258560689
393121.719,LunarFlyby,-124888.369438320,-334729.648140032,-183323.261248871,-154843.110,-326929.615,-181403.052,-0.117457789844,-0.435065020769,-0.240908898739
393361.719,LunarFlyby,-124916.679902412,-334833.966309514,-183381.037192089,-154629.065,-327013.198,-181439.670,-0.118465534308,-0.434251823673,-0.240556897762
393601.719,LunarFlyby,-124945.234247746,-334938.088413175,-183438.728365713,-154415.021,-327096.780,-181476.288,-0.119490190976,-0.433431098553,-0.240202470643
393841.719,LunarFlyby,-124974.036574981,-335042.012614854,-183496.334176664,-154200.884,-327180.161,-181512.795,-0.120532109122,-0.432602598569,-0.239845526743
394081.719,LunarFlyby,-125003.091069711,-335145.737018016,-183553.854009670,-153986.708,-327263.456,-181549.253,-0.121591647335,-0.431766067383,-0.239485971727
394321.719,LunarFlyby,-125032.402004743,-335249.259663425,-183611.287226358,-153772.505,-327346.693,-181585.680,-0.122669173813,-0.430921238723,-0.239123707397
394561.719,LunarFlyby,-125061.973742429,-335352.578526699,-183668.633164305,-153558.197,-327429.701,-181621.979,-0.123765066652,-0.430067835929,-0.238758631498
394801.719,LunarFlyby,-125091.810737087,-335455.691515765,-183725.891136042,-153343.888,-327512.708,-181658.278,-0.124879714153,-0.429205571471,-0.238390637531
395041.719,LunarFlyby,-125121.917537479,-335558.596468189,-183783.060428010,-153129.489,-327595.514,-181694.464,-0.126013515140,-0.428334146444,-0.238019614543
395281.719,LunarFlyby,-125152.298789382,-335661.291148379,-183840.140299464,-152915.049,-327678.233,-181730.603,-0.127166879277,-0.427453250037,-0.237645446911
395521.719,LunarFlyby,-125182.959238227,-335763.773244666,-183897.129981327,-152700.584,-327760.895,-181766.711,-0.128340227410,-0.426562558971,-0.237268014115
395761.719,LunarFlyby,-125213.903731822,-335866.040366239,-183954.028674986,-152486.014,-327843.326,-181802.690,-0.129533991903,-0.425661736908,-0.236887190492
396001.719,LunarFlyby,-125245.137223162,-335968.090039936,-184010.835551027,-152271.444,-327925.757,-181838.669,-0.130748616998,-0.424750433827,-0.236502844987
396241.719,LunarFlyby,-125276.664773321,-336069.919706883,-184067.549747906,-152056.783,-328007.987,-181874.536,-0.131984559175,-0.423828285366,-0.236114840879
396481.719,LunarFlyby,-125308.491554432,-336171.526718970,-184124.170370562,-151842.083,-328090.130,-181910.355,-0.133242287527,-0.422894912131,-0.235723035497
396721.719,LunarFlyby,-125340.622852766,-336272.908335153,-184180.696488946,-151627.357,-328172.215,-181946.142,-0.134522284149,-0.421949918962,-0.235327279919
396961.719,LunarFlyby,-125373.064071893,-336374.061717585,-184237.127136486,-151412.527,-328254.070,-181981.802,-0.135825044526,-0.420992894163,-0.234927418656
397201.719,LunarFlyby,-125405.820735950,-336474.983927543,-184293.461308473,-151197.698,-328335.925,-182017.461,-0.137151077943,-0.420023408681,-0.234523289312
397441.719,LunarFlyby,-125438.898492997,-336575.671921165,-184349.697960356,-150982.778,-328417.577,-182053.008,-0.138500907902,-0.419041015251,-0.234114722228
397681.719,LunarFlyby,-125472.303118483,-336676.122544967,-184405.836005959,-150767.819,-328499.143,-182088.507,-0.139875072543,-0.418045247481,-0.233701540106
397921.719,LunarFlyby,-125506.040518814,-336776.332531144,-184461.874315598,-150552.834,-328580.652,-182123.974,-0.141274125082,-0.417035618890,-0.233283557612
398161.719,LunarFlyby,-125540.116735018,-336876.298492619,-184517.811714102,-150337.746,-328661.929,-182159.313,-0.142698634260,-0.416011621896,-0.232860580947
398401.719,LunarFlyby,-125574.537946530,-336976.016917860,-184573.646978727,-150122.659,-328743.207,-182194.652,-0.144149184792,-0.414972726733,-0.232432407405
398641.719,LunarFlyby,-125609.310475080,-337075.484165413,-184629.378836964,-149907.481,-328824.282,-182229.878,-0.145626377834,-0.413918380318,-0.231998824894
398881.719,LunarFlyby,-125644.440788696,-337174.696458170,-184685.005964227,-149692.265,-328905.270,-182265.057,-0.147130831453,-0.412848005046,-0.231559611436
399121.719,LunarFlyby,-125679.935505819,-337273.649877325,-184740.526981414,-149477.024,-328986.201,-182300.204,-0.148663181108,-0.411760997515,-0.231114534631
399361.719,LunarFlyby,-125715.801399535,-337372.340356027,-184795.940452341,-149261.680,-329066.901,-182335.222,-0.150224080135,-0.410656727177,-0.230663351088
399601.719,LunarFlyby,-125752.045401926,-337470.763672693,-184851.244881031,-149046.336,-329147.600,-182370.240,-0.151814200238,-0.409534534906,-0.230205805832
399841.719,LunarFlyby,-125788.674608536,-337568.915443972,-184906.438708860,-148830.903,-329228.097,-182405.147,-0.153434231987,-0.408393731491,-0.229741631659
400081.719,LunarFlyby,-125825.696282959,-337666.791117331,-184961.520311540,-148615.432,-329308.507,-182440.004,-0.155084885314,-0.407233596022,-0.229270548459
400321.719,LunarFlyby,-125863.117861548,-337764.385963246,-185016.487995937,-148399.936,-329388.860,-182474.830,-0.156766890013,-0.406053374197,-0.228792262504
400561.719,LunarFlyby,-125900.946958239,-337861.695066974,-185071.339996711,-148184.338,-329468.980,-182509.528,-0.158480996243,-0.404852276517,-0.228306465672
400801.719,LunarFlyby,-125939.191369498,-337958.713319879,-185126.074472766,-147968.740,-329549.101,-182544.225,-0.160227975018,-0.403629476371,-0.227812834647
401041.719,LunarFlyby,-125977.859079389,-338055.435410282,-185180.689503500,-147753.053,-329629.019,-182578.810,-0.162008618702,-0.402384108008,-0.227311030047
401182.089,LunarFlyby,-126000.674302561,-338111.866281428,-185212.576312725,-147626.881,-329675.711,-182599.010,-0.163065999807,-0.401644902898,-0.227013607239
401247.338,LunarFlyby,-126011.330415047,-338138.062078954,-185227.384274362,-147568.232,-329697.414,-182608.400,-0.163561573256,-0.401298505599,-0.226874339667
401312.588,LunarFlyby,-126022.018948175,-338164.235215811,-185242.183127578,-147509.582,-329719.119,-182617.790,-0.164059747955,-0.400950313400,-0.226734418095
401377.837,LunarFlyby,-126032.740072232,-338190.385574248,-185256.972829449,-147450.933,-329740.822,-182627.179,-0.164560540937,-0.400600306755,-0.226593834818
401443.087,LunarFlyby,-126043.493958617,-338216.513035227,-185271.753336547,-147392.283,-329762.527,-182636.569,-0.165063969360,-0.400248465864,-0.226452582026
401508.336,LunarFlyby,-126054.280779854,-338242.617478414,-185286.524604927,-147333.616,-329784.189,-182645.935,-0.165570050507,-0.399894770672,-0.226310651805
401573.585,LunarFlyby,-126065.100709600,-338268.698782153,-185301.286590126,-147274.932,-329805.814,-182655.281,-0.166078801785,-0.399539200860,-0.226168036130
401638.835,LunarFlyby,-126075.953922651,-338294.756823458,-185316.039247154,-147216.248,-329827.439,-182664.627,-0.166590240730,-0.399181735850,-0.226024726868
401704.084,LunarFlyby,-126086.840594949,-338320.791477990,-185330.782530488,-147157.565,-329849.064,-182673.973,-0.167104385003,-0.398822354790,-0.225880715777
401769.334,LunarFlyby,-126097.760903597,-338346.802620038,-185345.516394060,-147098.880,-329870.689,-182683.319,-0.167621252395,-0.398461036560,-0.225735994499
401834.583,LunarFlyby,-126104.088022000,-338372.800321000,-185361.199386000,-147040.197,-329892.314,-182692.665,-0.168008487000,-0.398110440000,-0.225656926000
402074.583,LunarFlyby,-126144.641425370,-338468.185023368,-185415.292302433,-146824.346,-329971.855,-182727.041,-0.169942834117,-0.396757526751,-0.225115702037
402314.583,LunarFlyby,-126185.663639835,-338563.241703306,-185469.254100789,-146608.371,-330051.106,-182761.257,-0.171915400188,-0.395376730021,-0.224564199964
402554.583,LunarFlyby,-126227.163949837,-338657.963529937,-185523.082259108,-146392.395,-330130.358,-182795.473,-0.173927121694,-0.393966883361,-0.224001955743
402794.583,LunarFlyby,-126269.151867490,-338752.343385516,-185576.774141177,-146176.356,-330209.464,-182829.607,-0.175978959466,-0.392526762129,-0.223428481067
403034.583,LunarFlyby,-126311.637138458,-338846.373851070,-185630.326990534,-145960.256,-330288.425,-182863.662,-0.178071898951,-0.391055080152,-0.222843261919
403274.583,LunarFlyby,-126354.629747886,-338940.047191211,-185683.737924114,-145744.155,-330367.386,-182897.717,-0.180206950425,-0.389550486188,-0.222245757026
403514.583,LunarFlyby,-126398.139926379,-339033.355338067,-185737.003925514,-145527.929,-330446.057,-182931.611,-0.182385149120,-0.388011560155,-0.221635396218
403754.583,LunarFlyby,-126442.178156001,-339126.289874289,-185790.121837846,-145311.704,-330524.728,-182965.505,-0.184607555287,-0.386436809130,-0.221011578680
403994.583,LunarFlyby,-126486.755176272,-339218.842015064,-185843.088356166,-145095.417,-330603.253,-182999.318,-0.186875254144,-0.384824663099,-0.220373671084
404234.583,LunarFlyby,-126531.881990149,-339311.002589073,-185895.900019432,-144879.068,-330681.634,-183033.051,-0.189189355728,-0.383173470428,-0.219721005603
404474.583,LunarFlyby,-126577.569869948,-339402.762018335,-185948.553201972,-144662.718,-330760.014,-183066.784,-0.191550994610,-0.381481493064,-0.219052877795
404714.583,LunarFlyby,-126623.830363183,-339494.110296858,-186001.044104431,-144446.245,-330838.105,-183100.356,-0.193961329456,-0.379746901426,-0.218368544340
404954.583,LunarFlyby,-126670.675298283,-339585.036968027,-186053.368744152,-144229.773,-330916.195,-183133.929,-0.196421542429,-0.377967768980,-0.217667220636
405194.583,LunarFlyby,-126718.116790136,-339675.531100651,-186105.522944964,-144013.238,-330994.139,-183167.420,-0.198932838380,-0.376142066469,-0.216948078236
405434.583,LunarFlyby,-126766.167245417,-339765.581263584,-186157.502326338,-143796.642,-331071.938,-183200.831,-0.201496443825,-0.374267655796,-0.216210242113
405674.583,LunarFlyby,-126814.839367639,-339855.175498828,-186209.302291858,-143580.046,-331149.737,-183234.242,-0.204113605655,-0.372342283520,-0.215452787749
405914.583,LunarFlyby,-126864.146161859,-339944.301293033,-186260.918016978,-143363.328,-331227.246,-183267.492,-0.206785589558,-0.370363573954,-0.214674738038
406154.583,LunarFlyby,-126914.100938966,-340032.945547287,-186312.344436005,-143146.609,-331304.755,-183300.742,-0.209513678102,-0.368329021848,-0.213875059976
406394.583,LunarFlyby,-126964.717319466,-340121.094545096,-186363.576228273,-142929.829,-331382.117,-183333.911,-0.212299168439,-0.366235984621,-0.213052661158
406634.583,LunarFlyby,-127016.009236664,-340208.733918453,-186414.607803434,-142712.989,-331459.334,-183367.000,-0.215143369575,-0.364081674139,-0.212206386031
406874.583,LunarFlyby,-127067.990939131,-340295.848611864,-186465.433285838,-142496.148,-331536.551,-183400.089,-0.218047599150,-0.361863148009,-0.211335011923
407114.583,LunarFlyby,-127120.676992336,-340382.422844235,-186516.046497919,-142279.186,-331613.477,-183433.017,-0.221013179665,-0.359577300361,-0.210437244823
407354.583,LunarFlyby,-127174.082279300,-340468.440068477,-186566.440942541,-142062.224,-331690.404,-183465.945,-0.224041434070,-0.357220852122,-0.209511714894
407594.583,LunarFlyby,-127228.222000099,-340553.882928717,-186616.609784236,-141845.201,-331767.184,-183498.791,-0.227133680656,-0.354790340736,-0.208556971721
407834.583,LunarFlyby,-127283.111670058,-340638.733214976,-186666.545829267,-141628.117,-331843.819,-183531.558,-0.230291227130,-0.352282109343,-0.207571479277
408074.583,LunarFlyby,-127338.767116410,-340722.971815175,-186716.241504446,-141411.033,-331920.453,-183564.324,-0.233515363798,-0.349692295392,-0.206553610591
408314.583,LunarFlyby,-127395.204473199,-340806.578664354,-186765.688834640,-141193.830,-331996.796,-183596.929,-0.236807355720,-0.347016818679,-0.205501642124
408554.583,LunarFlyby,-127452.440174167,-340889.532690936,-186814.879418888,-140976.626,-332073.140,-183629.534,-0.240168433721,-0.344251368822,-0.204413747830
408794.583,LunarFlyby,-127510.490943333,-340971.811759928,-186863.804405056,-140759.361,-332149.337,-183662.058,-0.243599784122,-0.341391392177,-0.203287992917
409034.583,LunarFlyby,-127569.373782937,-341053.392612914,-186912.454462956,-140542.037,-332225.388,-183694.502,-0.247102537014,-0.338432078198,-0.202122327286
409274.583,LunarFlyby,-127629.105958374,-341134.250804709,-186960.819755859,-140324.712,-332301.439,-183726.945,-0.250677752926,-0.335368345296,-0.200914578674
409514.583,LunarFlyby,-127689.704979726,-341214.360636562,-187008.889910317,-140107.268,-332377.199,-183759.227,-0.254326407674,-0.332194826216,-0.199662445489
409754.583,LunarFlyby,-127751.188579408,-341293.695085802,-187056.653984243,-139889.824,-332452.959,-183791.509,-0.258049375190,-0.328905853004,-0.198363489376
409994.583,LunarFlyby,-127813.574685437,-341372.225731834,-187104.100433163,-139672.320,-332528.572,-183823.710,-0.261847408105,-0.325495441647,-0.197015127515
410234.583,LunarFlyby,-127876.881389735,-341449.922678413,-187151.217074601,-139454.757,-332604.040,-183855.831,-0.265721115809,-0.321957276491,-0.195614624703
410474.583,LunarFlyby,-127941.126910851,-341526.754472174,-187197.991050539,-139237.193,-332679.507,-183887.951,-0.269670939743,-0.318284694572,-0.194159085257
410714.583,LunarFlyby,-128006.329550377,-341602.688017404,-187244.408787915,-139019.511,-332754.683,-183919.910,-0.273697125598,-0.314470670035,-0.192645444802
410954.583,LunarFlyby,-128072.507642295,-341677.688487107,-187290.455957151,-138801.829,-332829.859,-183951.869,-0.277799692110,-0.310507798876,-0.191070462029
411194.583,LunarFlyby,-128139.679494397,-341751.719230469,-187336.117428703,-138584.088,-332904.887,-183983.747,-0.281978396117,-0.306388284239,-0.189430710511
411434.583,LunarFlyby,-128207.863320824,-341824.741676900,-187381.377227669,-138366.288,-332979.771,-184015.544,-0.286232693496,-0.302103922639,-0.187722570718
411674.583,LunarFlyby,-128277.077164707,-341896.715236915,-187426.218486517,-138148.487,-333054.653,-184047.341,-0.290561695618,-0.297646091479,-0.185942222368
411914.583,LunarFlyby,-128347.338809772,-341967.597200220,-187470.623396041,-137930.569,-333129.244,-184078.976,-0.294964120926,-0.293005738349,-0.184085637332
412154.583,LunarFlyby,-128418.665679706,-342037.342631501,-187514.573154700,-137712.651,-333203.835,-184110.612,-0.299438241235,-0.288173372681,-0.182148573282
412394.583,LunarFlyby,-128491.074723960,-342105.904264566,-187558.047916546,-137494.673,-333278.279,-184142.166,-0.303981822379,-0.283139060435,-0.180126568408
412634.583,LunarFlyby,-128564.582288592,-342173.232395641,-187601.026738053,-137276.638,-333352.577,-184173.640,-0.308592058825,-0.277892422611,-0.178014937489
412874.583,LunarFlyby,-128639.203970657,-342239.274776871,-187643.487524196,-137058.602,-333426.874,-184205.113,-0.313265501922,-0.272422638518,-0.175808769742
413114.583,LunarFlyby,-128714.954454590,-342303.976511276,-187685.406974275,-136840.450,-333500.880,-184236.425,-0.317997981513,-0.266718454876,-0.173502928889
413354.583,LunarFlyby,-128791.847328954,-342367.279950719,-187726.760528075,-136622.297,-333574.885,-184267.737,-0.322784520723,-0.260768202008,-0.171092055980
413594.583,LunarFlyby,-128869.894881914,-342429.124598743,-187767.522313098,-136404.086,-333648.743,-184298.967,-0.327619243834,-0.254559818509,-0.168570575600
413834.583,LunarFlyby,-128949.107873775,-342489.447020514,-187807.665093747,-136185.817,-333722.456,-184330.117,-0.332495277365,-0.248080886020,-0.165932706141
414074.583,LunarFlyby,-129029.495284994,-342548.180762490,-187847.160223562,-135967.548,-333796.167,-184361.266,-0.337404644648,-0.241318675882,-0.163172474961
414314.583,LunarFlyby,-129111.064038164,-342605.256284914,-187885.977601752,-135749.163,-333869.587,-184392.254,-0.342338154470,-0.234260209632,-0.160283739312
414554.583,LunarFlyby,-129193.818692649,-342660.600910697,-187924.085635548,-135530.779,-333943.006,-184423.242,-0.347285284714,-0.226892335507,-0.157260214016
414794.583,LunarFlyby,-129277.761110818,-342714.138794812,-187961.451210109,-135312.336,-334016.278,-184454.148,-0.352234062329,-0.219201823234,-0.154095506970
415034.583,LunarFlyby,-129362.890095214,-342765.790918869,-187998.039668012,-135093.836,-334089.404,-184484.974,-0.357170941467,-0.211175479492,-0.150783163615
415274.583,LunarFlyby,-129449.200996494,-342815.475116129,-188033.814800596,-134875.335,-334162.529,-184515.799,-0.362080682250,-0.202800286505,-0.147316721556
415514.583,LunarFlyby,-129536.685292649,-342863.106132789,-188068.738853761,-134656.720,-334235.362,-184546.463,-0.366946233281,-0.194063566110,-0.143689776533
415754.583,LunarFlyby,-129625.330140867,-342908.595731927,-188102.772551077,-134438.105,-334308.195,-184577.127,-0.371748621844,-0.184953171529,-0.139896060900
415994.583,LunarFlyby,-129715.117904436,-342951.852846989,-188135.875137335,-134219.432,-334380.879,-184607.708,-0.376466856576,-0.175457708682,-0.135929535667
416234.583,LunarFlyby,-129806.025658342,-342992.783792069,-188168.004445906,-134000.702,-334453.419,-184638.210,-0.381077848338,-0.165566788372,-0.131784496969
416474.583,LunarFlyby,-129898.024678722,-343031.292536485,-188199.116993442,-133781.972,-334525.957,-184668.711,-0.385556355939,-0.155271309871,-0.127455697526
416714.583,LunarFlyby,-129991.079923023,-343067.281051143,-188229.168105549,-133563.129,-334598.202,-184699.050,-0.389874964309,-0.144563775366,-0.122938483237
416954.583,LunarFlyby,-130085.149509645,-343100.649733892,-188258.112077018,-133344.285,-334670.447,-184729.389,-0.394004103506,-0.133438633362,-0.118228944501
417194.583,LunarFlyby,-130180.184207946,-343131.297920430,-188285.902370042,-133125.384,-334742.545,-184759.646,-0.397912117571,-0.121892647369,-0.113324081093
417434.583,LunarFlyby,-130276.126951679,-343159.124486178,-188312.491853427,-132906.427,-334814.496,-184789.823,-0.401565392521,-0.109925284193,-0.108221978586
417674.583,LunarFlyby,-130372.912391173,-343184.028542912,-188337.833085242,-132687.469,-334886.447,-184819.999,-0.404928552635,-0.097539113751,-0.102921993232
417914.583,LunarFlyby,-130470.466501653,-343205.910231702,-188361.878640435,-132468.399,-334958.104,-184850.014,-0.407964733430,-0.084740209730,-0.097424941047
418154.583,LunarFlyby,-130568.706267009,-343224.671610790,-188384.581483804,-132249.329,-335029.762,-184880.028,-0.410635938245,-0.071538537728,-0.091733285592
418394.583,LunarFlyby,-130667.539459651,-343240.217633545,-188405.895387203,-132030.202,-335101.271,-184909.961,-0.412903483020,-0.057948314827,-0.085851317661
418634.583,LunarFlyby,-130766.864537864,-343252.457207476,-188425.775388123,-131811.019,-335172.634,-184939.813,-0.414728530544,-0.043988322240,-0.079785318885
418874.583,LunarFlyby,-130866.570681885,-343261.304320638,-188444.178284713,-131591.836,-335243.996,-184969.664,-0.416072711279,-0.029682150908,-0.073543700308
419114.583,LunarFlyby,-130966.537988604,-343266.679216850,-188461.063160107,-131372.541,-335315.065,-184999.353,-0.416898822687,-0.015058359047,-0.067137106336
419354.583,LunarFlyby,-131066.637842219,-343268.509596075,-188476.391926562,-131153.246,-335386.134,-185029.043,-0.417171593322,-0.000150521051,-0.060578474349
419594.583,LunarFlyby,-131166.733474113,-343266.731811603,-188490.129877662,-130933.895,-335457.055,-185058.650,-0.416858491784,0.015002850974,-0.053883040778
419834.583,LunarFlyby,-131266.680719739,-343261.292031557,-188502.246234739,-130714.488,-335527.829,-185088.177,-0.415930554770,0.030358528189,-0.047068285741
420074.583,LunarFlyby,-131366.328973474,-343252.147329218,-188512.714672028,-130495.081,-335598.602,-185117.703,-0.414363203176,0.045868938277,-0.040153810397
420314.583,LunarFlyby,-131465.522334446,-343239.266665140,-188521.513803986,-130275.563,-335669.082,-185147.068,-0.412137011399,0.061482693778,-0.033161144057
420554.583,LunarFlyby,-131564.100927698,-343222.631724311,-188528.627617901,-130056.046,-335739.562,-185176.432,-0.409238393044,0.077145270007,-0.026113481618
420794.583,LunarFlyby,-131661.902376245,-343202.237574029,-188534.045835539,-129836.472,-335809.893,-185205.714,-0.405660166808,0.092799818066,-0.019035355848
421034.583,LunarFlyby,-131758.763391231,-343178.093112703,-188537.764189144,-129616.844,-335880.078,-185234.915,-0.401401969661,0.108388089462,-0.011952253168
421274.583,LunarFlyby,-131854.521440165,-343150.221286434,-188539.784599668,-129397.215,-335950.262,-185264.116,-0.396470490549,0.123851440715,-0.004890185444
421514.583,LunarFlyby,-131949.016447788,-343118.659058665,-188540.115248484,-129177.476,-336020.152,-185293.155,-0.390879506449,0.139131879899,0.002124766476
421754.583,LunarFlyby,-132042.092481008,-343083.457127790,-188538.770537966,-128957.738,-336090.042,-185322.193,-0.384649713120,0.154173113099,0.009066919429
421994.583,LunarFlyby,-132133.599368829,-343044.679397956,-188535.770940727,-128737.944,-336159.784,-185351.150,-0.377808354329,0.168921547691,0.015911445796
422234.583,LunarFlyby,-132223.394210530,-343002.402218392,-188531.142741927,-128518.096,-336229.378,-185380.026,-0.370388664780,0.183327211493,0.022634803811
422474.583,LunarFlyby,-132311.342730258,-342956.713415885,-188524.917683327,-128298.247,-336298.972,-185408.901,-0.362429152285,0.197344551877,0.029215123356
422714.583,LunarFlyby,-132397.320443352,-342907.711152816,-188517.132521541,-128078.289,-336368.272,-185437.614,-0.353972752970,0.210933086484,0.035632533115
422954.583,LunarFlyby,-132481.213608592,-342855.502648825,-188507.828515890,-127858.332,-336437.572,-185466.327,-0.345065898855,0.224057886450,0.041869418770
423194.583,LunarFlyby,-132562.919950318,-342800.202807612,-188497.050863204,-127638.320,-336506.722,-185494.958,-0.335757539618,0.236689883119,0.047910606197
423434.583,LunarFlyby,-132642.349144425,-342741.932791310,-188484.848097865,-127418.253,-336575.727,-185523.508,-0.326098159742,0.248805999141,0.053743467988
423674.583,LunarFlyby,-132719.423071747,-342680.818583565,-188471.271475291,-127198.187,-336644.730,-185552.057,-0.316138828864,0.260389113820,0.059357955747
423914.583,LunarFlyby,-132794.075850809,-342616.989579163,-188456.374356003,-126978.012,-336713.439,-185580.444,-0.305930317677,0.271427879926,0.064746564058
424154.583,LunarFlyby,-132866.253668875,-342550.577233222,-188440.211605703,-126757.837,-336782.147,-185608.831,-0.295522304737,0.281916414522,0.069904234749
424394.583,LunarFlyby,-132935.914435387,-342481.713797164,-188422.839024471,-126537.609,-336850.707,-185637.136,-0.284962691938,0.291853889532,0.074828211825
424634.583,LunarFlyby,-133003.027285254,-342410.531162280,-188404.312815568,-126317.326,-336919.120,-185665.360,-0.274297038812,0.301244048926,0.079517858326
424874.583,LunarFlyby,-133067.571961004,-342337.159825352,-188384.689101636,-126097.044,-336987.532,-185693.583,-0.263568118806,0.310094678693,0.083974446425
425114.583,LunarFlyby,-133129.538102858,-342261.727984701,-188364.023493397,-125876.654,-337055.649,-185721.643,-0.252815594745,0.318417053737,0.088200931448
425354.583,LunarFlyby,-133188.924474498,-342184.360769615,-188342.370713553,-125656.264,-337123.767,-185749.704,-0.242075805931,0.326225382718,0.092201719432
425594.583,LunarFlyby,-133245.738150069,-342105.179601478,-188319.784276408,-125435.821,-337191.735,-185777.683,-0.231381655938,0.333536268264,0.095982436370
425834.583,LunarFlyby,-133299.993685038,-342024.301681209,-188296.316221996,-125215.324,-337259.556,-185805.580,-0.220762588026,0.340368196126,0.099549705756
426074.583,LunarFlyby,-133351.712290268,-341941.839594814,-188272.016902084,-124994.827,-337327.376,-185833.477,-0.210244634073,0.346741063117,0.102910939436
426314.583,LunarFlyby,-133400.921025228,-341857.901026899,-188246.934814413,-124774.225,-337394.901,-185861.211,-0.199850522860,0.352675750256,0.106074145286
426554.583,LunarFlyby,-133447.652022952,-341772.588570840,-188221.116480836,-124553.622,-337462.426,-185888.946,-0.189599834140,0.358193744568,0.109047753910
426794.583,LunarFlyby,-133491.941756218,-341685.999623753,-188194.606364664,-124332.966,-337529.802,-185916.598,-0.179509186084,0.363316810515,0.111840465398
427034.583,LunarFlyby,-133533.830351536,-341598.226354439,-188167.446822341,-124112.257,-337597.031,-185944.169,-0.169592443755,0.368066710498,0.114461116452
427274.583,LunarFlyby,-133573.360954679,-341509.355732719,-188139.678084620,-123891.548,-337664.259,-185971.739,-0.159860943002,0.372464970975,0.116918566848
427514.583,LunarFlyby,-133610.579152180,-341419.469610089,-188111.338262909,-123670.734,-337731.191,-185999.146,-0.150323723076,0.376532690528,0.119221604000
427754.583,LunarFlyby,-133645.532446136,-341328.644840986,-188082.463376133,-123449.920,-337798.124,-186026.554,-0.140987746080,0.380290390254,0.121378866114
427994.583,LunarFlyby,-133678.269782811,-341236.953436192,-188053.087394368,-123229.053,-337864.907,-186053.879,-0.131858120720,0.383757895976,0.123398779568
428234.583,LunarFlyby,-133708.841133391,-341144.462740670,-188023.242295753,-123008.134,-337931.543,-186081.123,-0.122938313583,0.386954251589,0.125289510417
428474.583,LunarFlyby,-133737.297124038,-341051.235628966,-187992.958133570,-122787.214,-337998.177,-186108.367,-0.114230348325,0.389897658530,0.127058927929
428714.583,LunarFlyby,-133763.688712132,-340957.330712416,-187962.263110793,-122566.191,-338064.516,-186135.448,-0.105734991128,0.392605437353,0.128714578490
428954.583,LunarFlyby,-133788.066905273,-340862.802553289,-187931.183659817,-122345.168,-338130.856,-186162.528,-0.097451921550,0.395094007756,0.130263668325
429194.583,LunarFlyby,-133810.482519500,-340767.701881846,-187899.744525418,-122124.092,-338197.045,-186189.526,-0.089379888425,0.397378883729,0.131713053575
429434.583,LunarFlyby,-133830.985973140,-340672.075813048,-187867.968849347,-121902.964,-338263.088,-186216.444,-0.081516850958,0.399474680899,0.133069236466
429674.583,LunarFlyby,-133849.627112787,-340575.968060292,-187835.878255221,-121681.837,-338329.129,-186243.360,-0.073860105455,0.401395133493,0.134338366403
429914.583,LunarFlyby,-133866.455068034,-340479.419144151,-187803.492932673,-121460.606,-338394.874,-186270.113,-0.066406398365,0.403153118727,0.135526244996
430154.583,LunarFlyby,-133881.518131787,-340382.466594564,-187770.831719898,-121239.375,-338460.620,-186296.867,-0.059152026494,0.404760686725,0.136638334158
430394.583,LunarFlyby,-133894.863663202,-340285.145145337,-187737.912183978,-121018.092,-338526.215,-186323.538,-0.052092926260,0.406229094146,0.137679766414
430634.583,LunarFlyby,-133906.538011052,-340187.486920342,-187704.750698548,-120796.759,-338591.663,-186350.128,-0.045224751394,0.407568840646,0.138655357000
430874.583,LunarFlyby,-133916.586452851,-340089.521610268,-187671.362518208,-120575.424,-338657.111,-186376.717,-0.038542933456,0.408789708955,0.139569618043
431114.583,LunarFlyby,-133925.053150084,-339991.276640410,-187637.761849751,-120353.988,-338722.261,-186403.143,-0.032042749012,0.409900801310,0.140426771601
431354.583,LunarFlyby,-133931.981116725,-339892.777329181,-187603.961919989,-120132.552,-338787.412,-186429.569,-0.025719366681,0.410910579300,0.141230764595
431594.583,LunarFlyby,-133937.412198640,-339794.047037235,-187569.975040016,-119911.064,-338852.414,-186455.913,-0.019567890204,0.411826902333,0.141985283500
431834.583,LunarFlyby,-133941.387062532,-339695.107307464,-187535.812665967,-119689.526,-338917.267,-186482.175,-0.013583395113,0.412657065198,0.142693768958
432074.583,LunarFlyby,-133943.945193000,-339595.977996114,-187501.485456276,-119467.987,-338982.120,-186508.437,-0.007760959729,0.413407834426,0.143359430157
432314.583,LunarFlyby,-133945.124896421,-339496.677395344,-187467.003325549,-119246.347,-339046.676,-186534.535,-0.002095691179,0.414085483243,0.143985258825
432554.583,LunarFlyby,-133944.963310544,-339397.222347583,-187432.375495109,-119024.707,-339111.232,-186560.634,0.003417252950,0.414695824936,0.144574042769
432794.583,LunarFlyby,-133943.496418815,-339297.628352076,-187397.610540371,-118803.017,-339175.638,-186586.650,0.008782646771,0.415244244570,0.145128378866
433034.583,LunarFlyby,-133940.759068570,-339197.909664018,-187362.716435167,-118581.276,-339239.896,-186612.584,0.014005181574,0.415735728992,0.145650685477
433274.583,LunarFlyby,-133936.784992368,-339098.079386707,-187327.700593154,-118359.534,-339304.153,-186638.518,0.019089454158,0.416174895104,0.146143214243
433514.583,LunarFlyby,-133931.606831813,-338998.149557100,-187292.569906482,-118137.693,-339368.114,-186664.289,0.024039957657,0.416566016441,0.146608061266
433754.583,LunarFlyby,-133925.256163324,-338898.131225204,-187257.330781837,-117915.851,-339432.074,-186690.060,0.028861074482,0.416913048060,0.147047177653
433994.583,LunarFlyby,-133917.763525367,-338798.034527688,-187221.989174039,-117693.960,-339495.884,-186715.748,0.033557071087,0.417219649823,0.147462379453
434234.583,LunarFlyby,-133909.158446757,-338697.868756090,-187186.550617329,-117472.018,-339559.547,-186741.355,0.038132094286,0.417489208110,0.147855356975
434474.583,LunarFlyby,-133899.469475676,-338597.642419997,-187151.020254478,-117250.076,-339623.208,-186766.961,0.042590168897,0.417724856047,0.148227683533
434714.583,LunarFlyby,-133888.724209126,-338497.363305541,-187115.402863880,-117028.035,-339686.573,-186792.403,0.046935196481,0.417929492314,0.148580823619
434954.583,LunarFlyby,-133876.949322567,-338397.038529545,-187079.702884743,-116805.994,-339749.937,-186817.846,0.051170955031,0.418105798623,0.148916140535
435194.583,LunarFlyby,-133864.170599525,-338296.674589625,-187043.924440504,-116583.903,-339813.151,-186843.206,0.055301099431,0.418256255925,0.149234903520
435434.583,LunarFlyby,-133850.412961028,-338196.277410544,-187008.071360606,-116361.762,-339876.218,-186868.484,0.059329162559,0.418383159442,0.149538294382
435674.583,LunarFlyby,-133835.700494690,-338095.852387097,-186972.147200724,-116139.622,-339939.283,-186893.762,0.063258556922,0.418488632586,0.149827413679
435914.583,LunarFlyby,-133820.056483369,-337995.404423780,-186936.155261573,-115917.383,-340002.051,-186918.877,0.067092576717,0.418574639847,0.150103286460
436154.583,LunarFlyby,-133803.503433274,-337894.937971478,-186900.098606379,-115695.144,-340064.818,-186943.991,0.070834400234,0.418642998713,0.150366867611
436394.583,LunarFlyby,-133786.063101467,-337794.457061411,-186863.980077113,-115472.855,-340127.436,-186969.023,0.074487092537,0.418695390696,0.150619046813
436634.583,LunarFlyby,-133767.756522698,-337693.965336524,-186827.802309587,-115250.518,-340189.905,-186993.973,0.078053608336,0.418733371522,0.150860653150
436874.583,LunarFlyby,-133748.604035525,-337593.466080534,-186791.567747469,-115028.181,-340252.373,-187018.922,0.081536795028,0.418758380556,0.151092459385
437114.583,LunarFlyby,-133728.625307694,-337492.962244797,-186755.278655327,-114805.746,-340314.544,-187043.708,0.084939395840,0.418771749496,0.151315185929
437354.583,LunarFlyby,-133707.839360757,-337392.456473169,-186718.937130738,-114583.311,-340376.715,-187068.494,0.088264053043,0.418774710423,0.151529504521
437594.583,LunarFlyby,-133686.264593912,-337291.951125015,-186682.545115561,-114360.828,-340438.735,-187093.197,0.091513311202,0.418768403222,0.151736041645
437834.583,LunarFlyby,-133663.918807058,-337191.448296496,-186646.104406409,-114138.296,-340500.607,-187117.819,0.094689620444,0.418753882444,0.151935381695
438074.583,LunarFlyby,-133640.819223070,-337090.949840286,-186609.616664396,-113915.763,-340562.477,-187142.440,0.097795339709,0.418732123645,0.152128069916
438314.583,LunarFlyby,-133616.982509299,-336990.457383813,-186573.083424199,-113693.135,-340624.050,-187166.897,0.100832739974,0.418704029239,0.152314615124
438554.583,LunarFlyby,-133592.424798297,-336889.972346156,-186536.506102499,-113470.506,-340685.623,-187191.354,0.103804007437,0.418670433905,0.152495492238
438794.583,LunarFlyby,-133567.161707789,-336789.495953700,-186499.886005824,-113247.829,-340747.046,-187215.728,0.106711246640,0.418632109585,0.152671144620
439034.583,LunarFlyby,-133541.208359901,-336689.029254623,-186463.224337867,-113025.104,-340808.320,-187240.021,0.109556483527,0.418589770098,0.152841986252
439274.583,LunarFlyby,-133514.579399668,-336588.573132334,-186426.522206285,-112802.379,-340869.592,-187264.313,0.112341668432,0.418544075410,0.153008403753
439514.583,LunarFlyby,-133487.289012823,-336488.128317913,-186389.780629042,-112579.558,-340930.567,-187288.441,0.115068678985,0.418495635572,0.153170758249
439754.583,LunarFlyby,-133459.350942912,-336387.695401652,-186353.000540316,-112356.738,-340991.542,-187312.570,0.117739322935,0.418445014372,0.153329387114
439994.583,LunarFlyby,-133430.778507730,-336287.274843744,-186316.182796003,-112133.869,-341052.366,-187336.615,0.120355340889,0.418392732698,0.153484605580
440234.583,LunarFlyby,-133401.584615119,-336186.866984205,-186279.328178851,-111910.953,-341113.041,-187360.579,0.122918408961,0.418339271663,0.153636708234
440474.583,LunarFlyby,-133371.781778135,-336086.472052064,-186242.437403240,-111688.037,-341173.716,-187384.542,0.125430141331,0.418285075483,0.153785970414
440714.583,LunarFlyby,-133341.382129614,-335986.090173899,-186205.511119654,-111465.026,-341234.092,-187408.341,0.127892092717,0.418230554146,0.153932649493
440954.583,LunarFlyby,-133310.397436160,-335885.721381747,-186168.549918840,-111242.016,-341294.468,-187432.140,0.130305760758,0.418176085885,0.154076986085
441194.583,LunarFlyby,-133278.839111558,-335785.365620452,-186131.554335695,-111018.958,-341354.693,-187455.857,0.132672588304,0.418122019458,0.154219205159
441434.583,LunarFlyby,-133246.718229665,-335685.022754478,-186094.524852899,-110795.853,-341414.769,-187479.491,0.134993965625,0.418068676272,0.154359517076
441674.583,LunarFlyby,-133214.045536769,-335584.692574237,-186057.461904299,-110572.748,-341474.844,-187503.125,0.137271232533,0.418016352335,0.154498118555
441914.583,LunarFlyby,-133180.831463455,-335484.374801962,-186020.365878077,-110349.549,-341534.621,-187526.595,0.139505680418,0.417965320081,0.154635193568
442154.583,LunarFlyby,-133147.086135986,-335384.069097164,-185983.237119709,-110126.350,-341594.398,-187550.065,0.141698554205,0.417915830046,0.154770914175
442394.583,LunarFlyby,-133112.819387231,-335283.775061694,-185946.075934723,-109903.104,-341654.023,-187573.452,0.143851054234,0.417868112433,0.154905441304
442634.583,LunarFlyby,-133078.040767148,-335183.492244449,-185908.882591293,-109679.812,-341713.500,-187596.757,0.145964338057,0.417822378557,0.155038925472
442874.583,LunarFlyby,-133042.759552843,-335083.220145741,-185871.657322646,-109456.520,-341772.976,-187620.061,0.148039522168,0.417778822186,0.155171507460
443114.583,LunarFlyby,-133006.984758224,-334982.958221359,-185834.400329329,-109233.135,-341832.153,-187643.201,0.150077683656,0.417737620788,0.155303318938
443354.583,LunarFlyby,-132970.725143267,-334882.705886340,-185797.111781322,-109009.750,-341891.330,-187666.342,0.152079861791,0.417698936683,0.155434483056
443594.583,LunarFlyby,-132933.989222910,-334782.462518471,-185759.791820017,-108786.319,-341950.356,-187689.399,0.154047059541,0.417662918119,0.155565114984
443834.583,LunarFlyby,-132896.785275587,-334682.227461551,-185722.440560070,-108562.842,-342009.232,-187712.374,0.155980245031,0.417629700263,0.155695322421
444074.583,LunarFlyby,-132859.121351425,-334582.000028414,-185685.058091139,-108339.364,-342068.108,-187735.349,0.157880352931,0.417599406132,0.155825206076
444314.583,LunarFlyby,-132821.005280109,-334481.779503742,-185647.644479507,-108115.795,-342126.685,-187758.160,0.159748285792,0.417572147445,0.155954860101
444554.583,LunarFlyby,-132782.444678440,-334381.565146679,-185610.199769603,-107892.226,-342185.261,-187780.971,0.161584915324,0.417548025425,0.156084372512
444794.583,LunarFlyby,-132743.446957586,-334281.356193261,-185572.723985434,-107668.611,-342243.686,-187803.698,0.163391083611,0.417527131541,0.156213825570
445034.583,LunarFlyby,-132704.019330051,-334181.151858672,-185535.217131914,-107444.951,-342301.963,-187826.344,0.165167604290,0.417509548195,0.156343296147
445274.583,LunarFlyby,-132664.168816369,-334080.951339343,-185497.679196123,-107221.290,-342360.238,-187848.989,0.166915263664,0.417495349366,0.156472856056
445514.583,LunarFlyby,-132623.902251534,-333980.753814902,-185460.110148482,-106997.539,-342418.213,-187871.469,0.168634821773,0.417484601204,0.156602572372
445754.583,LunarFlyby,-132583.226291177,-333880.558449981,-185422.509943850,-106773.787,-342476.189,-187893.950,0.170327013426,0.417477362590,0.156732507720
445994.583,LunarFlyby,-132542.147417508,-333780.364395906,-185384.878522566,-106549.990,-342534.014,-187916.348,0.171992549172,0.417473685643,0.156862720557
446234.583,LunarFlyby,-132500.671945017,-333680.170792254,-185347.215811410,-106326.149,-342591.689,-187938.663,0.173632116250,0.417473616212,0.156993265425
446474.583,LunarFlyby,-132458.806025966,-333579.976768306,-185309.521724520,-106102.307,-342649.363,-187960.978,0.175246379480,0.417477194313,0.157124193192
446714.583,LunarFlyby,-132416.555655666,-333479.781444397,-185271.796164242,-105878.375,-342706.737,-187983.129,0.176835982128,0.417484454553,0.157255551280
446954.583,LunarFlyby,-132373.926677543,-333379.583933168,-185234.039021936,-105654.443,-342764.111,-188005.279,0.178401546731,0.417495426515,0.157387383872
447194.583,LunarFlyby,-132330.924788028,-333279.383340725,-185196.250178723,-105430.467,-342821.334,-188027.347,0.179943675881,0.417510135120,0.157519732116
447434.583,LunarFlyby,-132287.555541243,-333179.178767719,-185158.429506197,-105206.446,-342878.408,-188049.332,0.181462952984,0.417528600961,0.157652634304
447674.583,LunarFlyby,-132243.824353525,-333078.969310346,-185120.576867085,-104982.424,-342935.480,-188071.317,0.182959942983,0.417550840624,0.157786126047
447914.583,LunarFlyby,-132199.736507768,-332978.754061273,-185082.692115875,-104758.314,-342992.253,-188093.137,0.184435193052,0.417576866971,0.157920240443
448154.583,LunarFlyby,-132155.297157613,-332878.532110501,-185044.775099395,-104534.204,-343049.025,-188114.957,0.185889233256,0.417606689420,0.158055008221
448394.583,LunarFlyby,-132110.511331473,-332778.302546155,-185006.825657371,-104310.050,-343105.646,-188136.694,0.187322577190,0.417640314197,0.158190457891
448634.583,LunarFlyby,-132065.383936413,-332678.064455229,-184968.843622937,-104085.851,-343162.117,-188158.349,0.188735722586,0.417677744571,0.158326615875
448874.583,LunarFlyby,-132019.919761887,-332577.816924262,-184930.828823123,-103861.653,-343218.588,-188180.004,0.190129151898,0.417718981077,0.158463506634
449114.583,LunarFlyby,-131974.123483340,-332477.559039973,-184892.781079316,-103637.366,-343274.758,-188201.494,0.191503332861,0.417764021721,0.158601152784
449354.583,LunarFlyby,-131927.999665669,-332377.289889843,-184854.700207680,-103413.080,-343330.928,-188222.983,0.192858719027,0.417812862174,0.158739575211
449594.583,LunarFlyby,-131881.552766573,-332277.008562656,-184816.586019567,-103188.749,-343386.946,-188244.390,0.194195750278,0.417865495950,0.158878793173
449834.583,LunarFlyby,-131834.787139767,-332176.714148993,-184778.438321891,-102964.375,-343442.815,-188265.714,0.195514853321,0.417921914571,0.159018824397
450074.583,LunarFlyby,-131787.707038091,-332076.405741692,-184740.256917488,-102740.001,-343498.683,-188287.038,0.196816442159,0.417982107729,0.159159685172
450314.583,LunarFlyby,-131740.316616504,-331976.082436273,-184702.041605445,-102515.540,-343554.250,-188308.197,0.198100918542,0.418046063426,0.159301390436
450554.583,LunarFlyby,-131692.619934970,-331875.743331323,-184663.792181422,-102291.079,-343609.818,-188329.356,0.199368672408,0.418113768112,0.159443953855
450794.583,LunarFlyby,-131644.620961245,-331775.387528853,-184625.508437941,-102066.575,-343665.233,-188350.432,0.200620082295,0.418185206812,0.159587387904
451034.583,LunarFlyby,-131596.323573563,-331675.014134629,-184587.190164666,-101842.028,-343720.499,-188371.425,0.201855515741,0.418260363243,0.159731703932
451274.583,LunarFlyby,-131547.731563231,-331574.622258471,-184548.837148668,-101617.480,-343775.763,-188392.418,0.203075329673,0.418339219927,0.159876912236
451514.583,LunarFlyby,-131498.848637129,-331474.211014525,-184510.449174663,-101392.846,-343830.727,-188413.247,0.204279870771,0.418421758292,0.160023022122
451754.583,LunarFlyby,-131449.678420127,-331373.779521517,-184472.026025249,-101168.213,-343885.691,-188434.075,0.205469475824,0.418507958768,0.160170041964
451994.583,LunarFlyby,-131400.224457421,-331273.326902982,-184433.567481121,-100943.537,-343940.503,-188454.820,0.206644472070,0.418597800876,0.160317979259
452234.583,LunarFlyby,-131350.490216781,-331172.852287467,-184395.073321272,-100718.818,-343995.165,-188475.482,0.207805177525,0.418691263314,0.160466840685
452474.583,LunarFlyby,-131300.479090730,-331072.354808724,-184356.543323187,-100494.098,-344049.826,-188496.144,0.208951901290,0.418788324034,0.160616632147
452714.583,LunarFlyby,-131250.194398644,-330971.833605882,-184317.977263022,-100269.294,-344104.187,-188516.641,0.210084943861,0.418888960315,0.160767358823
452954.583,LunarFlyby,-131199.639388785,-330871.287823591,-184279.374915772,-100044.490,-344158.547,-188537.138,0.211204597413,0.418993148828,0.160919025212
453194.583,LunarFlyby,-131148.817240264,-330770.716612172,-184240.736055432,-99819.644,-344212.755,-188557.552,0.212311146081,0.419100865704,0.161071635173
453434.583,LunarFlyby,-131097.731064936,-330670.119127730,-184202.060455141,-99594.755,-344266.813,-188577.884,0.213404866225,0.419212086590,0.161225191964
453674.583,LunarFlyby,-131046.383909239,-330569.494532268,-184163.347887325,-99369.866,-344320.870,-188598.214,0.214486026691,0.419326786705,0.161379698281
453914.583,LunarFlyby,-130994.778755962,-330468.841993783,-184124.598123828,-99144.894,-344374.626,-188618.380,0.215554889056,0.419444940890,0.161535156290
454154.583,LunarFlyby,-130942.918525966,-330368.160686351,-184085.810936034,-98919.921,-344428.381,-188638.546,0.216611707868,0.419566523659,0.161691567664
454394.583,LunarFlyby,-130890.806079841,-330267.449790199,-184046.986094982,-98694.906,-344481.985,-188658.629,0.217656730874,0.419691509240,0.161848933610
454634.583,LunarFlyby,-130838.444219509,-330166.708491769,-184008.123371472,-98469.850,-344535.438,-188678.629,0.218690199240,0.419819871617,0.162007254899
454874.583,LunarFlyby,-130785.835689785,-330065.935983774,-183969.222536172,-98244.794,-344588.891,-188698.628,0.219712347763,0.419951584572,0.162166531895
455114.583,LunarFlyby,-130732.983179872,-329965.131465238,-183930.283359706,-98019.654,-344642.042,-188718.463,0.220723405077,0.420086621714,0.162326764579
455354.583,LunarFlyby,-130679.889324824,-329864.294141536,-183891.305612747,-97794.515,-344695.193,-188738.297,0.221723593850,0.420224956522,0.162487952577
455594.583,LunarFlyby,-130626.556706950,-329763.423224422,-183852.289066099,-97569.334,-344748.192,-188758.048,0.222713130968,0.420366562366,0.162650095177
455834.583,LunarFlyby,-130572.987857182,-329662.517932051,-183813.233490774,-97344.112,-344801.040,-188777.717,0.223692227725,0.420511412543,0.162813191358
456074.583,LunarFlyby,-130519.185256396,-329561.577488993,-183774.138658065,-97118.890,-344853.888,-188797.385,0.224661089993,0.420659480302,0.162977239804
456314.583,LunarFlyby,-130465.151336690,-329460.601126240,-183735.004339612,-96893.586,-344906.433,-188816.887,0.225619918395,0.420810738866,0.163142238928
456554.583,LunarFlyby,-130410.888482628,-329359.588081213,-183695.830307471,-96668.282,-344958.979,-188836.390,0.226568908463,0.420965161459,0.163308186887
456794.583,LunarFlyby,-130356.399032441,-329258.537597756,-183656.616334165,-96442.937,-345011.372,-188855.809,0.227508250803,0.421122721325,0.163475081602
457034.583,LunarFlyby,-130301.685279191,-329157.448926131,-183617.362192744,-96217.551,-345063.615,-188875.146,0.228438131239,0.421283391750,0.163642920773
457274.583,LunarFlyby,-130246.749471900,-329056.321323003,-183578.067656837,-95992.165,-345115.857,-188894.483,0.229358730963,0.421447146076,0.163811701893
457514.583,LunarFlyby,-130191.593816646,-328955.154051427,-183538.732500695,-95766.698,-345167.797,-188913.654,0.230270226675,0.421613957723,0.163981422264
457754.583,LunarFlyby,-130136.220477626,-328853.946380827,-183499.356499239,-95541.231,-345219.737,-188932.825,0.231172790718,0.421783800203,0.164152079013
457994.583,LunarFlyby,-130080.631578183,-328752.697586972,-183459.939428100,-95315.724,-345271.525,-188951.912,0.232066591213,0.421956647132,0.164323669099
458234.583,LunarFlyby,-130024.829201804,-328651.406951947,-183420.481063659,-95090.176,-345323.162,-188970.917,0.232951792181,0.422132472247,0.164496189330
458474.583,LunarFlyby,-129968.815393093,-328550.073764127,-183380.981183076,-94864.629,-345374.798,-188989.922,0.233828553664,0.422311249414,0.164669636373
458714.583,LunarFlyby,-129912.592158707,-328448.697318142,-183341.439564330,-94639.001,-345426.132,-189008.761,0.234697031851,0.422492952646,0.164844006765
458954.583,LunarFlyby,-129856.161468272,-328347.276914838,-183301.855986246,-94413.373,-345477.465,-189027.600,0.235557379181,0.422677556104,0.165019296922
459194.583,LunarFlyby,-129799.525255264,-328245.811861246,-183262.230228521,-94187.706,-345528.646,-189046.355,0.236409744461,0.422865034116,0.165195503151
459434.583,LunarFlyby,-129742.685417871,-328144.301470537,-183222.562071751,-93961.998,-345579.677,-189065.028,0.237254272970,0.423055361178,0.165372621656
459674.583,LunarFlyby,-129685.643819831,-328042.745061981,-183182.851297454,-93736.291,-345630.707,-189083.701,0.238091106557,0.423248511967,0.165550648550
459914.583,LunarFlyby,-129628.402291236,-327941.141960904,-183143.097688092,-93510.504,-345681.434,-189102.208,0.238920383746,0.423444461346,0.165729579860
460154.583,LunarFlyby,-129570.962629322,-327839.491498642,-183103.301027091,-93284.718,-345732.161,-189120.715,0.239742239830,0.423643184370,0.165909411538
460394.583,LunarFlyby,-129513.326599234,-327737.793012493,-183063.461098853,-93058.891,-345782.735,-189139.138,0.240556806960,0.423844656293,0.166090139463
460634.583,LunarFlyby,-129455.495934770,-327636.045845671,-183023.577688782,-92833.026,-345833.159,-189157.479,0.241364214238,0.424048852573,0.166271759455
460874.583,LunarFlyby,-129397.472339098,-327534.249347255,-182983.650583288,-92607.161,-345883.581,-189175.819,0.242164587802,0.424255748876,0.166454267274
461047.601,LunarFlyby,-129350.181415000,-327464.850837000,-182952.953962000,-92444.276,-345919.713,-189188.921,0.242864240000,0.424349618000,0.166640139000
461287.601,LunarFlyby,-129291.799214907,-327362.981611026,-182912.938272711,-92218.333,-345969.834,-189207.096,0.243652966495,0.424561039619,0.166824084881
461527.601,LunarFlyby,-129233.228527656,-327261.061327164,-182872.878331125,-91992.372,-346019.885,-189225.233,0.244434985842,0.424775096461,0.167008907402
461767.601,LunarFlyby,-129174.470949007,-327159.089355787,-182832.773927378,-91766.351,-346069.702,-189243.242,0.245210413903,0.424991765004,0.167194602157
462007.601,LunarFlyby,-129115.528047226,-327057.065072888,-182792.624852665,-91540.330,-346119.518,-189261.250,0.245979363945,0.425211021954,0.167381164711
462247.601,LunarFlyby,-129056.401363697,-326954.987860021,-182752.430899249,-91314.253,-346169.114,-189279.138,0.246741946714,0.425432844241,0.167568590600
462487.601,LunarFlyby,-128997.092413524,-326852.857104251,-182712.191860468,-91088.154,-346218.627,-189296.980,0.247498270500,0.425657209024,0.167756875340
462727.601,LunarFlyby,-128937.602686106,-326750.672198097,-182671.907530737,-90862.039,-346268.071,-189314.785,0.248248441205,0.425884093695,0.167946014428
462967.601,LunarFlyby,-128877.933645708,-326648.432539476,-182631.577705555,-90635.864,-346317.280,-189332.461,0.248992562412,0.426113475873,0.168136003347
463207.601,LunarFlyby,-128818.086732005,-326546.137531648,-182591.202181506,-90409.689,-346366.488,-189350.137,0.249730735442,0.426345333413,0.168326837570
463447.601,LunarFlyby,-128758.063360623,-326443.786583161,-182550.780756260,-90183.458,-346415.476,-189367.692,0.250463059417,0.426579644402,0.168518512560
463687.601,LunarFlyby,-128697.864923654,-326341.379107792,-182510.313228578,-89957.207,-346464.381,-189385.202,0.251189631317,0.426816387163,0.168711023779
463927.601,LunarFlyby,-128637.492790168,-326238.914524495,-182469.799398310,-89730.939,-346513.217,-189402.674,0.251910546042,0.427055540248,0.168904366685
464167.601,LunarFlyby,-128576.948306702,-326136.392257342,-182429.239066396,-89504.611,-346561.817,-189420.017,0.252625896460,0.427297082450,0.169098536741
464407.601,LunarFlyby,-128516.232797744,-326033.811735467,-182388.632034865,-89278.284,-346610.418,-189437.361,0.253335773467,0.427540992790,0.169293529411
464647.601,LunarFlyby,-128455.347566197,-325931.172393010,-182347.978106832,-89051.903,-346658.797,-189454.583,0.254040266032,0.427787250527,0.169489340167
464887.601,LunarFlyby,-128394.293893839,-325828.473669062,-182307.277086499,-88825.500,-346707.093,-189471.760,0.254739461254,0.428035835152,0.169685964490
465127.601,LunarFlyby,-128333.073041765,-325725.715007607,-182266.528779151,-88599.081,-346755.321,-189488.900,0.255433444406,0.428286726387,0.169883397871
465367.601,LunarFlyby,-128271.686250815,-325622.895857470,-182225.732991155,-88372.604,-346803.313,-189505.910,0.256122298982,0.428539904188,0.170081635815
465607.601,LunarFlyby,-128210.134742002,-325520.015672255,-182184.889529953,-88146.127,-346851.304,-189522.920,0.256806106747,0.428795348742,0.170280673843
465847.601,LunarFlyby,-128148.419716919,-325417.073910298,-182143.998204060,-87919.596,-346899.075,-189539.810,0.257484947777,0.429053040466,0.170480507491
466087.601,LunarFlyby,-128086.542358138,-325314.070034605,-182103.058823062,-87693.044,-346946.762,-189556.654,0.258158900502,0.429312960004,0.170681132314
466327.601,LunarFlyby,-128024.503829601,-325211.003512800,-182062.071197609,-87466.476,-346994.381,-189573.460,0.258828041751,0.429575088231,0.170882543887
466567.601,LunarFlyby,-127962.305277000,-325107.873817070,-182021.035139408,-87239.851,-347041.763,-189590.138,0.259492446789,0.429839406245,0.171084737806
466807.601,LunarFlyby,-127899.947828145,-325004.680424112,-181979.950461224,-87013.226,-347089.146,-189606.815,0.260152189359,0.430105895371,0.171287709692
467047.601,LunarFlyby,-127837.432593329,-324901.422815078,-181938.816976867,-86786.548,-347136.308,-189623.372,0.260807341718,0.430374537156,0.171491455186
467287.601,LunarFlyby,-127774.760665677,-324798.100475522,-181897.634501192,-86559.849,-347183.385,-189639.882,0.261457974675,0.430645313371,0.171695969958
467527.601,LunarFlyby,-127711.933121491,-324694.712895345,-181856.402850089,-86333.134,-347230.395,-189656.356,0.262104157625,0.430918206006,0.171901249702
467767.601,LunarFlyby,-127648.951020582,-324591.259568748,-181815.121840479,-86106.363,-347277.168,-189672.700,0.262745958587,0.431193197268,0.172107290139
468007.601,LunarFlyby,-127585.815406599,-324487.739994171,-181773.791290306,-85879.591,-347323.941,-189689.044,0.263383444235,0.431470269583,0.172314087020
468247.601,LunarFlyby,-127522.527307350,-324384.153674251,-181732.411018531,-85652.768,-347370.493,-189705.267,0.264016679933,0.431749405591,0.172521636123
468487.601,LunarFlyby,-127459.087735106,-324280.500115763,-181690.980845124,-85425.924,-347416.961,-189721.445,0.264645729766,0.432030588145,0.172729933257
468727.601,LunarFlyby,-127395.497686910,-324176.778829572,-181649.500591057,-85199.064,-347463.360,-189737.585,0.265270656568,0.432313800311,0.172938974261
468967.601,LunarFlyby,-127331.758144872,-324072.989330582,-181607.970078299,-84972.149,-347509.523,-189753.596,0.265891521957,0.432599025361,0.173148755006
469207.601,LunarFlyby,-127267.870076456,-323969.131137688,-181566.389129802,-84745.233,-347555.686,-189769.607,0.266508386362,0.432886246776,0.173359271393
469447.601,LunarFlyby,-127203.834434761,-323865.203773724,-181524.757569503,-84518.266,-347601.628,-189785.497,0.267121309052,0.433175448244,0.173570519357
469687.601,LunarFlyby,-127139.652158803,-323761.206765414,-181483.075222307,-84291.279,-347647.486,-189801.341,0.267730348160,0.433466613655,0.173782494865
469927.601,LunarFlyby,-127075.324173775,-323657.139643326,-181441.341914084,-84064.276,-347693.275,-189817.147,0.268335560715,0.433759727098,0.173995193916
470167.601,LunarFlyby,-127010.851391314,-323553.001941820,-181399.557471660,-83837.218,-347738.827,-189832.825,0.268937002667,0.434054772866,0.174208612547
470407.601,LunarFlyby,-126946.234709758,-323448.793199004,-181357.721722810,-83610.161,-347784.380,-189848.502,0.269534728908,0.434351735444,0.174422746823
470647.601,LunarFlyby,-126881.475014392,-323344.512956686,-181315.834496245,-83383.052,-347829.711,-189864.059,0.270128793302,0.434650599518,0.174637592848
470887.601,LunarFlyby,-126816.573177698,-323240.160760325,-181273.895621611,-83155.924,-347874.958,-189879.569,0.270719248706,0.434951349962,0.174853146759
471127.601,LunarFlyby,-126751.530059589,-323135.736158988,-181231.904929475,-82928.780,-347920.137,-189895.042,0.271306146994,0.435253971843,0.175069404728
471367.601,LunarFlyby,-126686.346507644,-323031.238705303,-181189.862251320,-82701.582,-347965.079,-189910.386,0.271889539080,0.435558450417,0.175286362962
471607.601,LunarFlyby,-126621.023357335,-322926.667955415,-181147.767419532,-82474.384,-348010.020,-189925.730,0.272469474939,0.435864771127,0.175504017704
471847.601,LunarFlyby,-126555.561432253,-322822.023468940,-181105.620267399,-82247.136,-348054.741,-189940.953,0.273046003629,0.436172919601,0.175722365230
472087.601,LunarFlyby,-126489.961544320,-322717.304808920,-181063.420629094,-82019.869,-348099.377,-189956.130,0.273619173315,0.436482881648,0.175941401855
472327.601,LunarFlyby,-126424.224494006,-322612.511541783,-181021.168339672,-81792.586,-348143.944,-189971.269,0.274189031281,0.436794643259,0.176161123927
472567.601,LunarFlyby,-126358.351070535,-322507.643237296,-180978.863235061,-81565.250,-348188.275,-189986.279,0.274755623959,0.437108190603,0.176381527833
472807.601,LunarFlyby,-126292.342052088,-322402.699468526,-180936.505152052,-81337.913,-348232.605,-190001.289,0.275318996944,0.437423510026,0.176602609991
473047.601,LunarFlyby,-126226.198206002,-322297.679811794,-180894.093928288,-81110.528,-348276.714,-190016.178,0.275879195011,0.437740588047,0.176824366859
473287.601,LunarFlyby,-126159.920288965,-322192.583846639,-180851.629402263,-80883.123,-348320.739,-190031.021,0.276436262136,0.438059411358,0.177046794929
473527.601,LunarFlyby,-126093.509047204,-322087.411155769,-180809.111413304,-80655.703,-348364.695,-190045.826,0.276990241514,0.438379966822,0.177269890729
473767.601,LunarFlyby,-126026.965216671,-321982.161325028,-180766.539801569,-80428.231,-348408.413,-190060.502,0.277541175573,0.438702241469,0.177493650824
474007.601,LunarFlyby,-125960.289523227,-321876.833943353,-180723.914408036,-80200.758,-348452.132,-190075.179,0.278089105996,0.439026222495,0.177718071813
474247.601,LunarFlyby,-125893.482682815,-321771.428602730,-180681.235074496,-79973.237,-348495.629,-190089.734,0.278634073732,0.439351897261,0.177943150331
474487.601,LunarFlyby,-125826.545401638,-321665.944898165,-180638.501643541,-79745.697,-348539.042,-190104.243,0.279176119015,0.439679253291,0.178168883050
474727.601,LunarFlyby,-125759.478376328,-321560.382427634,-180595.713958559,-79518.142,-348582.386,-190118.714,0.279715281379,0.440008278266,0.178395266675
474967.601,LunarFlyby,-125692.282294109,-321454.740792053,-180552.871863724,-79290.535,-348625.493,-190133.056,0.280251599673,0.440338960028,0.178622297951
475207.601,LunarFlyby,-125624.957832964,-321349.019595236,-180509.975203988,-79062.928,-348668.600,-190147.398,0.280785112076,0.440671286575,0.178849973652
475447.601,LunarFlyby,-125557.505661790,-321243.218443861,-180467.023825071,-78835.273,-348711.485,-190161.619,0.281315856110,0.441005246056,0.179078290593
475687.601,LunarFlyby,-125489.926440557,-321137.336947429,-180424.017573456,-78607.600,-348754.285,-190175.794,0.281843868656,0.441340826778,0.179307245620
475927.601,LunarFlyby,-125422.220820461,-321031.374718231,-180380.956296376,-78379.912,-348797.017,-190189.931,0.282369185968,0.441678017193,0.179536835616
476167.601,LunarFlyby,-125354.389444068,-320925.331371311,-180337.839841809,-78152.173,-348839.511,-190203.939,0.282891843683,0.442016805905,0.179767057498
476407.601,LunarFlyby,-125286.432945465,-320819.206524431,-180294.668058469,-77924.434,-348882.005,-190217.947,0.283411876838,0.442357181662,0.179997908218
476647.601,LunarFlyby,-125218.351950402,-320712.999798037,-180251.440795798,-77696.647,-348924.278,-190231.834,0.283929319879,0.442699133360,0.180229384762
476887.601,LunarFlyby,-125150.147076430,-320606.710815219,-180208.157903955,-77468.842,-348966.465,-190245.674,0.284444206677,0.443042650035,0.180461484150
477127.601,LunarFlyby,-125081.818933040,-320500.339201686,-180164.819233813,-77241.023,-349008.584,-190259.478,0.284956570535,0.443387720865,0.180694203435
477367.601,LunarFlyby,-125013.368121796,-320393.884585725,-180121.424636947,-77013.154,-349050.466,-190273.151,0.285466444207,0.443734335170,0.180927539707
477607.601,LunarFlyby,-124944.795236467,-320287.346598169,-180077.973965625,-76785.284,-349092.347,-190286.824,0.285973859902,0.444082482402,0.181161490087
477847.601,LunarFlyby,-124876.100863155,-320180.724872369,-180034.467072804,-76557.368,-349134.006,-190300.377,0.286478849300,0.444432152155,0.181396051728
478087.601,LunarFlyby,-124807.285580421,-320074.019044154,-179990.903812119,-76329.434,-349175.581,-190313.883,0.286981443562,0.444783334152,0.181631221821
478327.601,LunarFlyby,-124738.349959412,-319967.228751806,-179947.284037876,-76101.485,-349217.087,-190327.352,0.287481673337,0.445136018252,0.181866997585
478567.601,LunarFlyby,-124669.294563974,-319860.353636024,-179903.607605044,-75873.487,-349258.355,-190340.691,0.287979568779,0.445490194442,0.182103376274
478807.601,LunarFlyby,-124600.119950779,-319753.393339896,-179859.874369247,-75645.489,-349299.623,-190354.030,0.288475159552,0.445845852840,0.182340355174
479047.601,LunarFlyby,-124530.826669436,-319646.347508864,-179816.084186757,-75417.445,-349340.669,-190367.248,0.288968474840,0.446202983690,0.182577931605
479287.601,LunarFlyby,-124461.415262605,-319539.215790697,-179772.236914486,-75189.384,-349381.631,-190380.419,0.289459543359,0.446561577362,0.182816102915
479527.601,LunarFlyby,-124391.886266112,-319431.997835463,-179728.332409977,-74961.308,-349422.523,-190393.554,0.289948393367,0.446921624350,0.183054866488
479767.601,LunarFlyby,-124322.240209054,-319324.693295494,-179684.370531397,-74733.184,-349463.178,-190406.558,0.290435052670,0.447283115270,0.183294219737
480007.601,LunarFlyby,-124252.477613906,-319217.301825359,-179640.351137533,-74505.060,-349503.832,-190419.562,0.290919548631,0.447646040860,0.183534160106
480247.601,LunarFlyby,-124182.598996632,-319109.823081837,-179596.274087778,-74276.890,-349544.264,-190432.446,0.291401908182,0.448010391977,0.183774685073
480487.601,LunarFlyby,-124112.604866779,-319002.256723888,-179552.139242129,-74048.703,-349584.612,-190445.283,0.291882157833,0.448376159595,0.184015792143
480727.601,LunarFlyby,-124042.495727585,-318894.602412623,-179507.946461177,-73820.502,-349624.890,-190458.082,0.292360323673,0.448743334805,0.184257478854
480967.601,LunarFlyby,-123972.272076074,-318786.859811277,-179463.695606102,-73592.253,-349664.930,-190470.752,0.292836431388,0.449111908812,0.184499742774
481207.601,LunarFlyby,-123901.934403154,-318679.028585183,-179419.386538661,-73364.004,-349704.971,-190483.422,0.293310506262,0.449481872934,0.184742581500
481447.601,LunarFlyby,-123831.483193713,-318571.108401744,-179375.019121187,-73135.711,-349744.789,-190495.970,0.293782573187,0.449853218601,0.184985992660
481687.601,LunarFlyby,-123760.918926708,-318463.098930406,-179330.593216576,-72907.401,-349784.522,-190508.472,0.294252656671,0.450225937355,0.185229973910
481927.601,LunarFlyby,-123690.242075263,-318354.999842633,-179286.108688287,-72679.077,-349824.186,-190520.937,0.294720780847,0.450600020845,0.185474522937
482167.601,LunarFlyby,-123619.453106754,-318246.810811880,-179241.565400327,-72450.705,-349863.612,-190533.272,0.295186969474,0.450975460827,0.185719637455
482407.601,LunarFlyby,-123548.552482896,-318138.531513566,-179196.963217249,-72222.334,-349903.038,-190545.607,0.295651245953,0.451352249166,0.185965315210
482647.601,LunarFlyby,-123477.540659833,-318030.161625053,-179152.302004145,-71993.919,-349942.242,-190557.820,0.296113633326,0.451730377827,0.186211553972
482887.601,LunarFlyby,-123406.418088221,-317921.700825616,-179107.581626638,-71765.487,-349981.360,-190569.988,0.296574154288,0.452109838884,0.186458351544
483127.601,LunarFlyby,-123335.185213308,-317813.148796422,-179062.801950873,-71537.041,-350020.410,-190582.117,0.297032831191,0.452490624508,0.186705705754
483367.601,LunarFlyby,-123263.842475021,-317704.505220503,-179017.962843516,-71308.549,-350059.221,-190594.117,0.297489686051,0.452872726974,0.186953614458
483607.601,LunarFlyby,-123192.390308041,-317595.769782736,-178973.064171742,-71080.058,-350098.032,-190606.117,0.297944740555,0.453256138654,0.187202075540
483847.601,LunarFlyby,-123120.829141883,-317486.942169813,-178928.105803233,-70851.523,-350136.621,-190617.996,0.298398016066,0.453640852021,0.187451086913
484087.601,LunarFlyby,-123049.159400974,-317378.022070224,-178883.087606166,-70622.971,-350175.124,-190629.828,0.298849533630,0.454026859642,0.187700646512
484327.601,LunarFlyby,-122977.381504726,-317269.009174230,-178838.009449211,-70394.406,-350213.559,-190641.623,0.299299313983,0.454414154181,0.187950752305
484567.601,LunarFlyby,-122905.495867613,-317159.903173842,-178792.871201524,-70165.796,-350251.755,-190653.288,0.299747377553,0.454802728396,0.188201402282
484807.601,LunarFlyby,-122833.502899241,-317050.703762796,-178747.672732739,-69937.186,-350289.951,-190664.952,0.300193744470,0.455192575140,0.188452594462
485047.601,LunarFlyby,-122761.403004421,-316941.410636536,-178702.413912962,-69708.533,-350327.924,-190676.496,0.300638434568,0.455583687354,0.188704326887
485287.601,LunarFlyby,-122689.196583239,-316832.023492185,-178657.094612767,-69479.864,-350365.812,-190687.993,0.301081467393,0.455976058073,0.188956597628
485527.601,LunarFlyby,-122616.884031122,-316722.542028529,-178611.714703187,-69251.182,-350403.631,-190699.452,0.301522862207,0.456369680421,0.189209404780
485767.601,LunarFlyby,-122544.465738910,-316612.965945994,-178566.274055710,-69022.455,-350441.212,-190710.782,0.301962637994,0.456764547610,0.189462746462
486007.601,LunarFlyby,-122471.942092919,-316503.294946624,-178520.772542271,-68793.728,-350478.792,-190722.112,0.302400813463,0.457160652940,0.189716620821
486247.601,LunarFlyby,-122399.313475007,-316393.528734060,-178475.210035248,-68564.959,-350516.150,-190733.320,0.302837407056,0.457557989796,0.189971026026
486487.601,LunarFlyby,-122326.580262637,-316283.667013521,-178429.586407455,-68336.175,-350553.422,-190744.482,0.303272436951,0.457956551650,0.190225960273
486727.601,LunarFlyby,-122253.742828942,-316173.709491782,-178383.901532136,-68107.377,-350590.626,-190755.606,0.303705921066,0.458356332057,0.190481421780
486967.601,LunarFlyby,-122180.801542783,-316063.655877157,-178338.155282960,-67878.536,-350627.590,-190766.600,0.304137877065,0.458757324653,0.190737408790
487207.601,LunarFlyby,-122107.756768815,-315953.505879475,-178292.347534014,-67649.694,-350664.555,-190777.594,0.304568322364,0.459159523161,0.190993919572
487447.601,LunarFlyby,-122034.608867540,-315843.259210062,-178246.478159800,-67420.812,-350701.296,-190788.467,0.304997274131,0.459562921380,0.191250952414
487687.601,LunarFlyby,-121961.358195370,-315732.915581724,-178200.547035225,-67191.914,-350737.953,-190799.294,0.305424749294,0.459967513191,0.191508505632
487927.601,LunarFlyby,-121888.005104674,-315622.474708718,-178154.554035623,-66963.003,-350774.540,-190810.083,0.305850764561,0.460373292615,0.191766577370
488167.601,LunarFlyby,-121814.549943856,-315511.936306741,-178108.499036722,-66734.049,-350810.888,-190820.741,0.306275336374,0.460780253628,0.192025166180
488407.601,LunarFlyby,-121740.993057392,-315401.300092920,-178062.381914620,-66505.095,-350847.237,-190831.400,0.306698480965,0.461188390345,0.192284270447
488647.601,LunarFlyby,-121667.334785889,-315290.565785784,-178016.202545798,-66276.100,-350883.362,-190841.937,0.307120214339,0.461597696956,0.192543888575
488887.601,LunarFlyby,-121593.575466143,-315179.733105249,-177969.960807121,-66047.090,-350919.402,-190852.429,0.307540552281,0.462008167727,0.192804018991
489127.601,LunarFlyby,-121519.715431183,-315068.801772596,-177923.656575824,-65818.068,-350955.373,-190862.882,0.307959510359,0.462419796996,0.193064660147
489367.601,LunarFlyby,-121445.755010331,-314957.771510458,-177877.289729514,-65589.004,-350991.104,-190873.205,0.308377103930,0.462832579177,0.193325810513
489607.601,LunarFlyby,-121371.694529245,-314846.642042799,-177830.860146161,-65359.939,-351026.836,-190883.528,0.308793348139,0.463246508754,0.193587468582
489847.601,LunarFlyby,-121297.534309977,-314735.413094900,-177784.367704097,-65130.834,-351062.344,-190893.730,0.309208257927,0.463661580283,0.193849632870
490087.601,LunarFlyby,-121223.274671015,-314624.084393338,-177737.812282003,-64901.715,-351097.767,-190903.885,0.309621848031,0.464077788390,0.194112301913
490327.601,LunarFlyby,-121148.915927333,-314512.655665971,-177691.193758914,-64672.584,-351133.121,-190914.003,0.310034132992,0.464495127772,0.194375474267
490567.601,LunarFlyby,-121074.458390442,-314401.126641924,-177644.512014204,-64443.410,-351168.236,-190923.991,0.310445127154,0.464913593194,0.194639148510
490807.601,LunarFlyby,-120999.902368431,-314289.497051568,-177597.766927590,-64214.237,-351203.351,-190933.978,0.310854844668,0.465333179487,0.194903323240
491047.601,LunarFlyby,-120925.248166015,-314177.766626508,-177550.958379120,-63985.025,-351238.242,-190943.844,0.311263299498,0.465753881552,0.195167997078
491287.601,LunarFlyby,-120850.496084584,-314065.935099564,-177504.086249173,-63755.798,-351273.048,-190953.664,0.311670505421,0.466175694355,0.195433168660
491527.601,LunarFlyby,-120775.646422238,-313954.002204757,-177457.150418451,-63526.559,-351307.785,-190963.446,0.312076476032,0.466598612926,0.195698836647
491767.601,LunarFlyby,-120700.699473840,-313841.967677291,-177410.150767976,-63297.279,-351342.282,-190973.098,0.312481224747,0.467022632361,0.195964999717
492007.601,EarthReturn,-120625.655531051,-313729.831253542,-177363.087179085,-63067.998,-351376.780,-190982.750,0.312884764806,0.467447747821,0.196231656569
492247.601,EarthReturn,-120550.514882380,-313617.592671037,-177315.959533423,-62838.680,-351411.053,-190992.280,0.313287109274,0.467873954527,0.196498805920
492487.601,EarthReturn,-120475.277813215,-313505.251668446,-177268.767712944,-62609.348,-351445.242,-191001.764,0.313688271045,0.468301247765,0.196766446508
492727.601,EarthReturn,-120399.944605875,-313392.807985560,-177221.511599900,-62380.003,-351479.361,-191011.210,0.314088262848,0.468729622880,0.197034577089
492967.601,EarthReturn,-120324.515539641,-313280.261363281,-177174.191076840,-62150.619,-351513.241,-191020.526,0.314487097244,0.469159075281,0.197303196437
493207.601,EarthReturn,-120248.990890798,-313167.611543605,-177126.806026605,-61921.234,-351547.121,-191029.842,0.314884786633,0.469589600434,0.197572303347
493494.671,EarthReturn,-120158.405328337,-313033.190906379,-177070.072040615,-61646.813,-351587.361,-191040.830,0.315396119473,0.470083700363,0.197854598138
493734.671,EarthReturn,-120082.662811117,-312920.318895790,-177022.554526095,-61417.377,-351620.931,-191049.978,0.315791338634,0.470516564669,0.198124770266
493974.671,EarthReturn,-120006.825574306,-312807.342870650,-176974.972112180,-61187.919,-351654.372,-191059.055,0.316185451378,0.470950487572,0.198395426237
494214.671,EarthReturn,-119930.893882029,-312694.262577411,-176927.324682884,-60958.432,-351687.634,-191068.035,0.316578469453,0.471385464784,0.198666564920
494454.671,EarthReturn,-119854.867995614,-312581.077763548,-176879.612122490,-60728.944,-351720.896,-191077.015,0.316970404455,0.471821492074,0.198938185204
494694.671,EarthReturn,-119778.748173620,-312467.788177544,-176831.834315546,-60499.410,-351753.873,-191085.841,0.317361267835,0.472258565265,0.199210285994
494934.671,EarthReturn,-119702.534671878,-312354.393568878,-176783.991146859,-60269.872,-351786.825,-191094.652,0.317751070898,0.472696680238,0.199482866211
495174.671,EarthReturn,-119626.227743521,-312240.893688013,-176736.082501495,-60040.313,-351819.648,-191103.394,0.318139824810,0.473135832926,0.199755924798
495414.671,EarthReturn,-119549.827639019,-312127.288286378,-176688.108264770,-59810.725,-351852.291,-191112.038,0.318527540593,0.473576019316,0.200029460709
495654.671,EarthReturn,-119473.334606215,-312013.577116362,-176640.068322251,-59581.137,-351884.935,-191120.681,0.318914229136,0.474017235449,0.200303472920
495894.671,EarthReturn,-119396.748890353,-311899.759931296,-176591.962559745,-59351.503,-351917.293,-191129.171,0.319299901188,0.474459477417,0.200577960422
496134.671,EarthReturn,-119320.070734114,-311785.836485443,-176543.790863304,-59121.865,-351949.628,-191137.646,0.319684567370,0.474902741366,0.200852922221
496372.634,EarthReturn,-119243.952353334,-311672.774812028,-176495.962815294,-58894.156,-351981.560,-191145.981,0.320064985922,0.475343248373,0.201126017597
496612.634,EarthReturn,-119167.090813823,-311558.639018116,-176447.659472092,-58664.470,-352013.584,-191154.289,0.320447680008,0.475788536328,0.201401921074
496852.634,EarthReturn,-119090.137544920,-311444.396233731,-176399.289855465,-58434.783,-352045.609,-191162.596,0.320829399214,0.476234835035,0.201678295977
497092.634,EarthReturn,-119013.092779382,-311330.046216731,-176350.853852383,-58205.052,-352077.352,-191170.751,0.321210153647,0.476682140840,0.201955141379
497332.634,EarthReturn,-118935.956747553,-311215.588725848,-176302.351350036,-57975.316,-352109.067,-191178.890,0.321589953291,0.477130450139,0.202232456366
497572.634,EarthReturn,-118858.729677396,-311101.023520669,-176253.782235832,-57745.561,-352140.655,-191186.960,0.321968808009,0.477579759376,0.202510240044
497812.634,EarthReturn,-118781.411794522,-310986.350361633,-176205.146397390,-57515.777,-352172.060,-191194.932,0.322346727546,0.478030065041,0.202788491531
498052.634,EarthReturn,-118704.003322218,-310871.569010012,-176156.443722541,-57285.994,-352203.466,-191202.903,0.322723721528,0.478481363674,0.203067209963
498292.634,EarthReturn,-118626.504481472,-310756.679227905,-176107.674099321,-57056.167,-352234.589,-191210.721,0.323099799465,0.478933651861,0.203346394488
498532.634,EarthReturn,-118548.915491006,-310641.680778225,-176058.837415966,-56826.335,-352265.686,-191218.524,0.323474970755,0.479386926232,0.203626044272
498772.634,EarthReturn,-118471.236567299,-310526.573424685,-176009.933560915,-56596.485,-352296.654,-191226.258,0.323849244682,0.479841183466,0.203906158496
499012.634,EarthReturn,-118393.467924614,-310411.356931794,-175960.962422798,-56366.606,-352327.441,-191233.893,0.324222630421,0.480296420286,0.204186736354
499252.634,EarthReturn,-118315.609775026,-310296.031064840,-175911.923890438,-56136.728,-352358.227,-191241.528,0.324595137037,0.480752633459,0.204467777056
499492.634,EarthReturn,-118237.662328448,-310180.595589881,-175862.817852845,-55906.807,-352388.731,-191249.010,0.324966773490,0.481209819797,0.204749279826
499732.634,EarthReturn,-118159.625792655,-310065.050273736,-175813.644199217,-55676.882,-352419.208,-191256.477,0.325337548633,0.481667976155,0.205031243902
499972.634,EarthReturn,-118081.500373309,-309949.394883973,-175764.402818928,-55446.938,-352449.557,-191263.874,0.325707471214,0.482127099431,0.205313668538
500212.634,EarthReturn,-118003.286273985,-309833.629188900,-175715.093601532,-55216.967,-352479.723,-191271.173,0.326076549882,0.482587186569,0.205596553001
500452.634,EarthReturn,-117924.983696195,-309717.752957553,-175665.716436758,-54986.996,-352509.890,-191278.471,0.326444793182,0.483048234550,0.205879896573
500692.634,EarthReturn,-117846.592839412,-309601.765959687,-175616.271214505,-54756.984,-352539.774,-191285.617,0.326812209561,0.483510240401,0.206163698547
500932.634,EarthReturn,-117768.113901092,-309485.667965766,-175566.757824839,-54526.967,-352569.631,-191292.747,0.327178807369,0.483973201188,0.206447958234
501172.634,EarthReturn,-117689.547076700,-309369.458746953,-175517.176157990,-54296.932,-352599.360,-191299.808,0.327544594858,0.484437114020,0.206732674955
501412.634,EarthReturn,-117610.892559732,-309253.138075101,-175467.526104351,-54066.870,-352628.907,-191306.770,0.327909580188,0.484901976044,0.207017848047
501652.634,EarthReturn,-117532.150541737,-309136.705722742,-175417.807554470,-53836.808,-352658.454,-191313.732,0.328273771422,0.485367784449,0.207303476860
501892.634,EarthReturn,-117453.321212339,-309020.161463077,-175368.020399051,-53606.705,-352687.718,-191320.540,0.328637176532,0.485834536462,0.207589560757
502132.634,EarthReturn,-117374.404759261,-308903.505069970,-175318.164528950,-53376.599,-352716.955,-191327.334,0.328999803402,0.486302229351,0.207876099113
502357.682,EarthReturn,-117300.393440000,-308794.017687000,-175271.383155000,-53160.813,-352744.262,-191333.646,0.329340830000,0.486741285000,0.208134587000
502597.682,EarthReturn,-117221.308288701,-308677.143456279,-175221.396373100,-52930.662,-352773.188,-191340.271,0.329701970923,0.487210793405,0.208422004336
502837.682,EarthReturn,-117142.136554404,-308560.156431521,-175171.340556702,-52700.511,-352802.115,-191346.896,0.330062356249,0.487681234870,0.208709874379
503077.682,EarthReturn,-117062.878417546,-308443.056389103,-175121.215597227,-52470.324,-352830.778,-191353.379,0.330421993516,0.488152606811,0.208998196557
503317.682,EarthReturn,-116983.534056765,-308325.843106017,-175071.021386229,-52240.129,-352859.394,-191359.836,0.330780890175,0.488624906683,0.209286970309
503557.682,EarthReturn,-116904.103648921,-308208.516359862,-175020.757815397,-52009.920,-352887.902,-191366.234,0.331139053597,0.489098131978,0.209576195087
503797.682,EarthReturn,-116824.587369115,-308091.075928832,-174970.424776548,-51779.683,-352916.208,-191372.523,0.331496491068,0.489572280222,0.209865870357
504037.682,EarthReturn,-116744.985390707,-307973.521591714,-174920.022161628,-51549.445,-352944.514,-191378.811,0.331853209797,0.490047348979,0.210155995594
504277.682,EarthReturn,-116665.297885341,-307855.853127873,-174869.549862706,-51319.172,-352972.557,-191384.957,0.332209216908,0.490523335849,0.210446570288
504517.682,EarthReturn,-116585.525022957,-307738.070317247,-174819.007771973,-51088.892,-353000.552,-191391.077,0.332564519452,0.491000238464,0.210737593941
504757.682,EarthReturn,-116505.666971812,-307620.172940337,-174768.395781737,-50858.597,-353028.439,-191397.139,0.332919124400,0.491478054496,0.211029066065
504997.682,EarthReturn,-116425.723898501,-307502.160778200,-174717.713784422,-50628.275,-353056.125,-191403.090,0.333273038645,0.491956781646,0.211320986187
505237.682,EarthReturn,-116345.695967972,-307384.033612439,-174666.961672565,-50397.953,-353083.810,-191409.042,0.333626269009,0.492436417653,0.211613353842
505477.682,EarthReturn,-116265.583343547,-307265.791225196,-174616.139338811,-50167.595,-353111.231,-191414.851,0.333978822236,0.492916960289,0.211906168579
505717.682,EarthReturn,-116185.386186936,-307147.433399145,-174565.246675915,-49937.231,-353138.606,-191420.634,0.334330705000,0.493398407358,0.212199429960
505957.682,EarthReturn,-116105.104658256,-307028.959917483,-174514.283576734,-49706.853,-353165.872,-191426.359,0.334681923900,0.493880756700,0.212493137555
506197.682,EarthReturn,-116024.738916050,-306910.370563918,-174463.249934225,-49476.448,-353192.936,-191431.974,0.335032485466,0.494364006184,0.212787290949
506437.682,EarthReturn,-115944.289117302,-306791.665122671,-174412.145641447,-49246.043,-353220.000,-191437.589,0.335382396158,0.494848153713,0.213081889736
506677.682,EarthReturn,-115863.755417453,-306672.843378457,-174360.970591552,-49015.603,-353246.800,-191443.061,0.335731662365,0.495333197225,0.213376933521
506917.682,EarthReturn,-115783.137970419,-306553.905116487,-174309.724677787,-48785.158,-353273.554,-191448.507,0.336080290410,0.495819134685,0.213672421923
507157.682,EarthReturn,-115702.436928608,-306434.850122453,-174258.407793489,-48554.698,-353300.198,-191453.895,0.336428286548,0.496305964093,0.213968354569
507397.682,EarthReturn,-115621.652442933,-306315.678182524,-174207.019832083,-48324.212,-353326.641,-191459.173,0.336775656968,0.496793683479,0.214264731098
507637.682,EarthReturn,-115540.784662831,-306196.389083340,-174155.560687080,-48093.727,-353353.084,-191464.451,0.337122407794,0.497282290903,0.214561551160
507877.682,EarthReturn,-115459.833736275,-306076.982612000,-174104.030252071,-47863.207,-353379.262,-191469.586,0.337468545083,0.497771784458,0.214858814417
508117.682,EarthReturn,-115378.799809794,-305957.458556060,-174052.428420730,-47632.682,-353405.394,-191474.695,0.337814074833,0.498262162263,0.215156520539
508357.682,EarthReturn,-115297.683028484,-305837.816703522,-174000.755086808,-47402.143,-353431.417,-191479.746,0.338159002975,0.498753422472,0.215454669210
508597.682,EarthReturn,-115216.483536025,-305718.056842827,-173949.010144130,-47171.578,-353457.238,-191484.687,0.338503335382,0.499245563265,0.215753260122
508837.682,EarthReturn,-115135.201474695,-305598.178762851,-173897.193486594,-46941.013,-353483.059,-191489.628,0.338847077862,0.499738582854,0.216052292977
509077.682,EarthReturn,-115053.836985385,-305478.182252894,-173845.305008169,-46710.416,-353508.616,-191494.426,0.339190236167,0.500232479477,0.216351767491
509317.682,EarthReturn,-114972.390207613,-305358.067102677,-173793.344602888,-46479.813,-353534.126,-191499.198,0.339532815987,0.500727251404,0.216651683387
509557.682,EarthReturn,-114890.861279539,-305237.833102332,-173741.312164854,-46249.196,-353559.527,-191503.912,0.339874822954,0.501222896932,0.216952040398
509797.682,EarthReturn,-114809.250337977,-305117.480042396,-173689.207588228,-46018.555,-353584.726,-191508.516,0.340216262643,0.501719414385,0.217252838271
510037.682,EarthReturn,-114727.557518411,-304997.007713805,-173637.030767235,-45787.913,-353609.925,-191513.119,0.340557140571,0.502216802118,0.217554076759
510277.682,EarthReturn,-114645.782955007,-304876.415907887,-173584.781596154,-45557.240,-353634.859,-191517.580,0.340897462200,0.502715058512,0.217855755626
510517.682,EarthReturn,-114563.926780627,-304755.704416354,-173532.459969322,-45326.561,-353659.747,-191522.015,0.341237232936,0.503214181975,0.218157874648
510757.682,EarthReturn,-114481.989126841,-304634.873031298,-173480.065781128,-45095.869,-353684.526,-191526.392,0.341576458130,0.503714170944,0.218460433608
510997.682,EarthReturn,-114399.970123944,-304513.921545184,-173427.598926012,-44865.153,-353709.103,-191530.659,0.341915143080,0.504215023880,0.218763432301
511237.682,EarthReturn,-114317.869900963,-304392.849750839,-173375.059298461,-44634.436,-353733.679,-191534.925,0.342253293029,0.504716739274,0.219066870530
511477.682,EarthReturn,-114235.688585674,-304271.657441454,-173322.446793009,-44403.689,-353757.992,-191539.049,0.342590913170,0.505219315642,0.219370748110
511540.000,EarthReturn,-114214.336276062,-304240.169113870,-173308.773586063,-44343.772,-353764.292,-191540.113,0.342678493043,0.505349954408,0.219449724285
511798.225,EarthReturn,-114125.894038872,-304109.546857714,-173252.120911743,-44095.497,-353790.400,-191544.522,0.342669163343,0.506126590265,0.219548690473
512038.225,EarthReturn,-114043.613061055,-303988.015943389,-173199.392646394,-43864.719,-353814.452,-191548.505,0.343005565893,0.506631171930,0.219853593957
512278.225,EarthReturn,-113961.251408277,-303866.363826689,-173146.591151517,-43633.930,-353838.406,-191552.434,0.343341455519,0.507136609835,0.220158936515
512518.225,EarthReturn,-113878.809203042,-303744.590302280,-173093.716321752,-43403.134,-353862.303,-191556.332,0.343676837197,0.507642902603,0.220464718001
512758.225,EarthReturn,-113796.286566664,-303622.695165158,-173040.768051773,-43172.310,-353885.946,-191560.093,0.344011715852,0.508150048887,0.220770938277
512998.225,EarthReturn,-113713.683619284,-303500.678210639,-172987.746236287,-42941.485,-353909.588,-191563.854,0.344346096364,0.508658047362,0.221077597212
513238.225,EarthReturn,-113631.000479875,-303378.539234353,-172934.650770029,-42710.636,-353933.018,-191567.499,0.344679983563,0.509166896728,0.221384694687
513478.225,EarthReturn,-113548.237266256,-303256.278032240,-172881.481547763,-42479.776,-353956.349,-191571.092,0.345013382233,0.509676595711,0.221692230591
513718.225,EarthReturn,-113465.394095106,-303133.894400542,-172828.238464279,-42248.910,-353979.622,-191574.652,0.345346297112,0.510187143061,0.222000204823
513958.225,EarthReturn,-113382.471081970,-303011.388135799,-172774.921414389,-42018.015,-354002.642,-191578.076,0.345678732890,0.510698537550,0.222308617289
514198.225,EarthReturn,-113299.468341275,-302888.759034843,-172721.530292928,-41787.121,-354025.662,-191581.499,0.346010694214,0.511210777978,0.222617467907
514438.225,EarthReturn,-113216.385986335,-302766.006894789,-172668.064994748,-41556.203,-354048.468,-191584.807,0.346342185685,0.511723863164,0.222926756602
514678.225,EarthReturn,-113133.224129369,-302643.131513036,-172614.525414718,-41325.274,-354071.176,-191588.062,0.346673211861,0.512237791954,0.223236483307
514918.225,EarthReturn,-113049.982881505,-302520.132687254,-172560.911447724,-41094.339,-354093.827,-191591.286,0.347003777255,0.512752563217,0.223546647965
515158.225,EarthReturn,-112966.662352792,-302397.010215383,-172507.222988662,-40863.377,-354116.223,-191594.372,0.347333886337,0.513268175843,0.223857250529
515398.225,EarthReturn,-112883.262652213,-302273.763895627,-172453.459932441,-40632.415,-354138.620,-191597.458,0.347663543537,0.513784628747,0.224168290958
515638.225,EarthReturn,-112799.783887694,-302150.393526447,-172399.622173976,-40401.430,-354160.803,-191600.428,0.347992753240,0.514301920866,0.224479769221
515878.225,EarthReturn,-112716.226166110,-302026.898906557,-172345.709608190,-40170.434,-354182.888,-191603.346,0.348321519792,0.514820051160,0.224791685296
516118.225,EarthReturn,-112632.589593301,-301903.279834918,-172291.722130010,-39939.433,-354204.915,-191606.232,0.348649847496,0.515339018610,0.225104039169
516358.225,EarthReturn,-112548.874274078,-301779.536110731,-172237.659634365,-39708.405,-354226.688,-191608.981,0.348977740617,0.515858822221,0.225416830834
516598.225,EarthReturn,-112465.080312234,-301655.667533437,-172183.522016186,-39477.376,-354248.461,-191611.729,0.349305203379,0.516379461019,0.225730060295
516838.225,EarthReturn,-112381.207810550,-301531.673902704,-172129.309170400,-39246.326,-354270.020,-191614.362,0.349632239965,0.516900934051,0.226043727562
517078.225,EarthReturn,-112297.256870813,-301407.555018428,-172075.020991930,-39015.266,-354291.482,-191616.942,0.349958854523,0.517423240388,0.226357832655
517318.225,EarthReturn,-112213.227593813,-301283.310680726,-172020.657375697,-38784.200,-354312.885,-191619.491,0.350285051159,0.517946379119,0.226672375602
517558.225,EarthReturn,-112129.120079364,-301158.940689930,-171966.218216610,-38553.108,-354334.034,-191621.902,0.350610833944,0.518470349358,0.226987356439
517798.225,EarthReturn,-112044.934426305,-301034.444846583,-171911.703409572,-38322.016,-354355.184,-191624.313,0.350936206909,0.518995150238,0.227302775210
518038.225,EarthReturn,-111960.670732513,-300909.822951432,-171857.112849471,-38090.902,-354376.119,-191626.609,0.351261174051,0.519520780913,0.227618631968
518278.225,EarthReturn,-111876.329094910,-300785.074805427,-171802.446431183,-37859.779,-354396.957,-191628.851,0.351585739327,0.520047240559,0.227934926773
518518.225,EarthReturn,-111791.909609472,-300660.200209711,-171747.704049571,-37628.650,-354417.736,-191631.062,0.351909906661,0.520574528370,0.228251659693
518758.225,EarthReturn,-111707.412371237,-300535.198965619,-171692.885599475,-37397.497,-354438.262,-191633.136,0.352233679940,0.521102643563,0.228568830805
518998.225,EarthReturn,-111622.837474317,-300410.070874671,-171637.990975722,-37166.343,-354458.787,-191635.209,0.352557063017,0.521631585375,0.228886440193
519238.225,EarthReturn,-111538.185011900,-300284.815738569,-171583.020073113,-36935.168,-354479.098,-191637.167,0.352880059710,0.522161353062,0.229204487950
519478.225,EarthReturn,-111453.455076264,-300159.433359189,-171527.972786428,-36703.984,-354499.312,-191639.072,0.353202673800,0.522691945901,0.229522974176
519718.225,EarthReturn,-111368.647758784,-300033.923538580,-171472.849010423,-36472.795,-354519.467,-191640.945,0.353524909039,0.523223363188,0.229841898978
519958.225,EarthReturn,-111283.763149936,-299908.286078958,-171417.648639824,-36241.581,-354539.368,-191642.681,0.353846769141,0.523755604239,0.230161262472
520198.225,EarthReturn,-111198.801339312,-299782.520782698,-171362.371569331,-36010.368,-354559.270,-191644.417,0.354168257791,0.524288668389,0.230481064781
520438.225,EarthReturn,-111113.762415621,-299656.627452335,-171307.017693613,-35779.134,-354578.957,-191646.037,0.354489378638,0.524822554994,0.230801306038
520678.225,EarthReturn,-111028.646466700,-299530.605890554,-171251.586907306,-35547.891,-354598.546,-191647.605,0.354810135301,0.525357263428,0.231121986379
520918.225,EarthReturn,-110943.453579524,-299404.455900191,-171196.079105012,-35316.643,-354618.077,-191649.140,0.355130531367,0.525892793085,0.231443105953
521158.225,EarthReturn,-110858.183840207,-299278.177284223,-171140.494181298,-35085.372,-354637.354,-191650.539,0.355450570390,0.526429143375,0.231764664912
521398.225,EarthReturn,-110772.837334018,-299151.769845766,-171084.832030691,-34854.100,-354656.630,-191651.937,0.355770255893,0.526966313731,0.232086663418
521638.225,EarthReturn,-110687.414145381,-299025.233388071,-171029.092547680,-34622.810,-354675.693,-191653.220,0.356089591372,0.527504303602,0.232409101639
521878.225,EarthReturn,-110601.914357885,-298898.567714518,-170973.275626713,-34391.510,-354694.657,-191654.449,0.356408580288,0.528043112457,0.232731979753
522118.225,EarthReturn,-110516.338054293,-298771.772628614,-170917.381162192,-34160.205,-354713.564,-191655.647,0.356727226074,0.528582739782,0.233055297943
522358.225,EarthReturn,-110430.685316547,-298644.847933985,-170861.409048479,-33928.878,-354732.216,-191656.708,0.357045532134,0.529123185082,0.233379056400
522598.225,EarthReturn,-110344.956225777,-298517.793434375,-170805.359179883,-33697.551,-354750.868,-191657.768,0.357363501842,0.529664447879,0.233703255323
522838.225,EarthReturn,-110259.150862303,-298390.608933640,-170749.231450670,-33466.205,-354769.306,-191658.713,0.357681138544,0.530206527717,0.234027894917
523078.225,EarthReturn,-110173.269305650,-298263.294235743,-170693.025755052,-33234.851,-354787.645,-191659.605,0.357998445556,0.530749424152,0.234352975395
523318.225,EarthReturn,-110087.311634548,-298135.849144753,-170636.741987192,-33003.491,-354805.927,-191660.465,0.358315426167,0.531293136763,0.234678496979
523558.225,EarthReturn,-110001.277926941,-298008.273464835,-170580.380041196,-32772.110,-354823.954,-191661.188,0.358632083638,0.531837665144,0.235004459894
523798.225,EarthReturn,-109915.168259994,-297880.567000253,-170523.939811117,-32540.729,-354841.981,-191661.911,0.358948421202,0.532383008906,0.235330864376
524038.225,EarthReturn,-109828.982710100,-297752.729555360,-170467.421190950,-32309.330,-354859.794,-191662.518,0.359264442064,0.532929167679,0.235657710667
524278.225,EarthReturn,-109742.721352885,-297624.760934595,-170410.824074632,-32077.923,-354877.508,-191663.072,0.359580149405,0.533476141109,0.235984999016
524518.225,EarthReturn,-109656.384263215,-297496.660942482,-170354.148356038,-31846.511,-354895.165,-191663.595,0.359895546376,0.534023928862,0.236312729679
524758.225,EarthReturn,-109569.971515204,-297368.429383621,-170297.393928980,-31615.078,-354912.567,-191663.980,0.360210636105,0.534572530616,0.236640902918
524998.225,EarthReturn,-109483.483182217,-297240.066062690,-170240.560687209,-31383.645,-354929.969,-191664.365,0.360525421691,0.535121946072,0.236969519004
525238.225,EarthReturn,-109396.919336878,-297111.570784434,-170183.648524408,-31152.195,-354947.157,-191664.634,0.360839906209,0.535672174942,0.237298578214
525478.225,EarthReturn,-109310.280051078,-296982.943353666,-170126.657334194,-30920.737,-354964.246,-191664.850,0.361154092708,0.536223216960,0.237628080832
525718.225,EarthReturn,-109223.565395977,-296854.183575262,-170069.587010113,-30689.275,-354981.277,-191665.035,0.361467984214,0.536775071872,0.237958027149
525958.225,EarthReturn,-109136.775442015,-296725.291254155,-170012.437445643,-30457.792,-354998.054,-191665.082,0.361781583725,0.537327739443,0.238288417462
526198.225,EarthReturn,-109049.910258911,-296596.266195334,-169955.208534187,-30226.310,-355014.830,-191665.129,0.362094894218,0.537881219456,0.238619252077
526438.225,EarthReturn,-108962.969915675,-296467.108203837,-169897.900169077,-29994.810,-355031.392,-191665.060,0.362407918642,0.538435511706,0.238950531306
526678.225,EarthReturn,-108875.954480614,-296337.817084751,-169840.512243566,-29763.304,-355047.856,-191664.939,0.362720659925,0.538990616007,0.239282255465
526918.225,EarthReturn,-108788.864021330,-296208.392643203,-169783.044650833,-29531.792,-355064.262,-191664.786,0.363033120971,0.539546532190,0.239614424882
527158.225,EarthReturn,-108701.698604736,-296078.834684361,-169725.497283976,-29300.262,-355080.413,-191664.495,0.363345304659,0.540103260100,0.239947039888
527398.225,EarthReturn,-108614.458297054,-295949.143013428,-169667.870036013,-29068.732,-355096.564,-191664.204,0.363657213847,0.540660799599,0.240280100821
527638.225,EarthReturn,-108527.143163823,-295819.317435636,-169610.162799880,-28837.185,-355112.500,-191663.798,0.363968851370,0.541219150564,0.240613608027
527878.225,EarthReturn,-108439.753269905,-295689.357756248,-169552.375468430,-28605.632,-355128.338,-191663.338,0.364280220038,0.541778312889,0.240947561858
528066.731,EarthReturn,-108368.472068000,-295586.318688000,-169509.728897000,-28423.760,-355140.778,-191662.977,0.364584294000,0.542259022000,0.241135297000
528306.731,EarthReturn,-108280.934525010,-295456.109266370,-169451.816263451,-28192.184,-355156.313,-191662.353,0.364895187162,0.542819626780,0.241470057160
528546.731,EarthReturn,-108193.322399057,-295325.765202254,-169393.823233747,-27960.608,-355171.838,-191661.725,0.365205819144,0.543381042702,0.241805265021
528786.731,EarthReturn,-108105.635752496,-295195.286300985,-169335.749700395,-27729.021,-355187.216,-191661.017,0.365516192676,0.543943269718,0.242140920961
529026.731,EarthReturn,-108017.874647032,-295064.672367905,-169277.595555809,-27497.423,-355202.428,-191660.219,0.365826310464,0.544506307797,0.242477025364
529266.731,EarthReturn,-107930.039143718,-294933.923208359,-169219.360692312,-27265.825,-355217.640,-191659.421,0.366136175195,0.545070156920,0.242813578620
529506.731,EarthReturn,-107842.129302970,-294803.038627700,-169161.045002131,-27034.205,-355232.548,-191658.460,0.366445789534,0.545634817085,0.243150581126
529746.731,EarthReturn,-107754.145184562,-294672.018431274,-169102.648377399,-26802.585,-355247.447,-191657.493,0.366755156126,0.546200288305,0.243488033287
529986.731,EarthReturn,-107666.086847639,-294540.862424427,-169044.170710148,-26570.955,-355262.199,-191656.447,0.367064277595,0.546766570607,0.243825935512
530226.731,EarthReturn,-107577.954350718,-294409.570412493,-168985.611892315,-26339.314,-355276.785,-191655.312,0.367373156545,0.547333664035,0.244164288217
530466.731,EarthReturn,-107489.747751692,-294278.142200796,-168926.971815732,-26107.673,-355291.371,-191654.176,0.367681795562,0.547901568645,0.244503091827
530706.731,EarthReturn,-107401.467107838,-294146.577594643,-168868.250372131,-25876.012,-355305.653,-191652.876,0.367990197208,0.548470284510,0.244842346770
530946.731,EarthReturn,-107313.112475818,-294014.876399323,-168809.447453141,-25644.350,-355319.926,-191651.572,0.368298364030,0.549039811717,0.245182053482
531186.731,EarthReturn,-107224.683911687,-293883.038420103,-168750.562950283,-25412.679,-355334.052,-191650.188,0.368606298553,0.549610150367,0.245522212407
531426.731,EarthReturn,-107136.181470896,-293751.063462223,-168691.596754973,-25180.997,-355348.011,-191648.714,0.368914003284,0.550181300575,0.245862823992
531666.731,EarthReturn,-107047.605208295,-293618.951330892,-168632.548758517,-24949.315,-355361.971,-191647.241,0.369221480711,0.550753262473,0.246203888694
531906.731,EarthReturn,-106958.955178142,-293486.701831289,-168573.418852114,-24717.614,-355375.627,-191645.603,0.369528733303,0.551326036204,0.246545406973
532186.950,EarthReturn,-106855.355975271,-293332.115983194,-168504.276210064,-24447.084,-355391.560,-191643.685,0.369887193790,0.551995822395,0.246944731187
532426.950,EarthReturn,-106766.546231558,-293199.568057984,-168444.968383309,-24215.371,-355405.006,-191641.935,0.370193967421,0.552570356404,0.247287234246
532666.950,EarthReturn,-106677.662888279,-293066.882147129,-168385.578301220,-23983.650,-355418.340,-191640.123,0.370500523919,0.553145702799,0.247630192386
532906.950,EarthReturn,-106588.705997256,-292934.058055633,-168326.105854518,-23751.927,-355431.629,-191638.288,0.370806865677,0.553721861784,0.247973606095
533146.950,EarthReturn,-106499.675609743,-292801.095588449,-168266.550933809,-23520.188,-355444.649,-191636.308,0.371112995072,0.554298833576,0.248317475868
533386.950,EarthReturn,-106410.571776422,-292667.994550474,-168206.913429576,-23288.448,-355457.669,-191634.327,0.371418914463,0.554876618407,0.248661802205
533626.950,EarthReturn,-106321.394547414,-292534.754746551,-168147.193232185,-23056.697,-355470.489,-191632.239,0.371724626191,0.555455216522,0.249006585613
533866.950,EarthReturn,-106232.143972277,-292401.375981460,-168087.390231875,-22824.940,-355483.195,-191630.089,0.372030132582,0.556034628182,0.249351826605
534106.950,EarthReturn,-106142.820100017,-292267.858059918,-168027.504318766,-22593.180,-355495.859,-191627.916,0.372335435942,0.556614853659,0.249697525700
534346.950,EarthReturn,-106053.422979084,-292134.200786575,-167967.535382849,-22361.405,-355508.252,-191625.598,0.372640538565,0.557195893239,0.250043683423
534586.950,EarthReturn,-105963.952657383,-292000.403966011,-167907.483313990,-22129.630,-355520.645,-191623.279,0.372945442724,0.557777747224,0.250390300306
534826.950,EarthReturn,-105874.409182273,-291866.467402730,-167847.348001926,-21897.844,-355532.838,-191620.852,0.373250150678,0.558360415926,0.250737376887
535066.950,EarthReturn,-105784.792600574,-291732.390901163,-167787.129336265,-21666.052,-355544.917,-191618.365,0.373554664670,0.558943899674,0.251084913710
535306.950,EarthReturn,-105695.102958570,-291598.174265656,-167726.827206482,-21434.258,-355556.953,-191615.854,0.373858986927,0.559528198809,0.251432911325
535546.950,EarthReturn,-105605.340302011,-291463.817300475,-167666.441501921,-21202.449,-355568.719,-191613.197,0.374163119659,0.560113313683,0.251781370289
535786.950,EarthReturn,-105515.504676120,-291329.319809799,-167605.972111791,-20970.640,-355580.485,-191610.540,0.374467065061,0.560699244667,0.252130291163
536026.950,EarthReturn,-105425.596125594,-291194.681597716,-167545.418925165,-20738.821,-355592.051,-191607.776,0.374770825315,0.561285992139,0.252479674517
536266.950,EarthReturn,-105335.614694608,-291059.902468222,-167484.781830978,-20506.996,-355603.504,-191604.950,0.375074402583,0.561873556495,0.252829520924
536506.950,EarthReturn,-105245.560426820,-290924.982225216,-167424.060718030,-20275.169,-355614.913,-191602.101,0.375377799017,0.562461938141,0.253179830967
536746.950,EarthReturn,-105155.433365376,-290789.920672497,-167363.255474977,-20043.329,-355626.052,-191599.106,0.375681016751,0.563051137497,0.253530605232
536986.950,EarthReturn,-105065.233552906,-290654.717613765,-167302.365990334,-19811.489,-355637.190,-191596.111,0.375984057905,0.563641154999,0.253881844312
537226.950,EarthReturn,-104974.961031539,-290519.372852611,-167241.392152474,-19579.639,-355648.129,-191593.009,0.376286924584,0.564231991091,0.254233548806
537466.950,EarthReturn,-104884.615842896,-290383.886192518,-167180.333849625,-19347.783,-355658.954,-191589.845,0.376589618880,0.564823646233,0.254585719319
537706.950,EarthReturn,-104794.198028101,-290248.257436857,-167119.190969870,-19115.925,-355669.736,-191586.657,0.376892142869,0.565416120898,0.254938356463
537946.950,EarthReturn,-104703.707627779,-290112.486388886,-167057.963401143,-18884.055,-355680.248,-191583.325,0.377194498615,0.566009415570,0.255291460855
538186.950,EarthReturn,-104613.144682061,-289976.572851743,-166996.651031230,-18652.185,-355690.759,-191579.992,0.377496688165,0.566603530749,0.255645033118
538426.950,EarthReturn,-104522.509230592,-289840.516628445,-166935.253747766,-18420.306,-355701.070,-191576.551,0.377798713555,0.567198466945,0.255999073882
538666.950,EarthReturn,-104431.801312526,-289704.317521887,-166873.771438236,-18188.422,-355711.268,-191573.049,0.378100576805,0.567794224681,0.256353583783
538906.950,EarthReturn,-104341.020966536,-289567.975334833,-166812.203989968,-17956.536,-355721.422,-191569.524,0.378402279925,0.568390804493,0.256708563462
539146.950,EarthReturn,-104250.168230813,-289431.489869920,-166750.551290140,-17724.638,-355731.306,-191565.853,0.378703824908,0.568988206932,0.257064013566
539386.950,EarthReturn,-104159.243143073,-289294.860929650,-166688.813225771,-17492.740,-355741.190,-191562.182,0.379005213735,0.569586432557,0.257419934749
539626.950,EarthReturn,-104068.245740556,-289158.088316391,-166626.989683722,-17260.834,-355750.874,-191558.403,0.379306448374,0.570185481944,0.257776327670
539866.950,EarthReturn,-103977.176060032,-289021.171832369,-166565.080550696,-17028.923,-355760.444,-191554.562,0.379607530782,0.570785355679,0.258133192996
540106.950,EarthReturn,-103886.034137804,-288884.111279670,-166503.085713237,-16797.010,-355769.971,-191550.699,0.379908462899,0.571386054361,0.258490531398
540346.950,EarthReturn,-103794.820009709,-288746.906460232,-166441.005057725,-16565.087,-355779.227,-191546.690,0.380209246656,0.571987578602,0.258848343554
540586.950,EarthReturn,-103703.533711124,-288609.557175846,-166378.838470377,-16333.163,-355788.483,-191542.681,0.380509883970,0.572589929025,0.259206630146
540826.950,EarthReturn,-103612.175276966,-288472.063228154,-166316.585837245,-16101.232,-355797.539,-191538.564,0.380810376746,0.573193106268,0.259565391866
541066.950,EarthReturn,-103520.744741697,-288334.424418640,-166254.247044215,-15869.296,-355806.481,-191534.385,0.381110726876,0.573797110978,0.259924629407
541306.950,EarthReturn,-103429.242139327,-288196.640548634,-166191.821977007,-15637.359,-355815.380,-191530.184,0.381410936241,0.574401943818,0.260284343473
541546.950,EarthReturn,-103337.667503414,-288058.711419304,-166129.310521170,-15405.412,-355824.009,-191525.836,0.381711006708,0.575007605459,0.260644534771
541786.950,EarthReturn,-103246.020867070,-287920.636831655,-166066.712562082,-15173.465,-355832.637,-191521.489,0.382010940135,0.575614096588,0.261005204013
542026.950,EarthReturn,-103154.302262965,-287782.416586527,-166004.027984950,-14941.511,-355841.065,-191517.034,0.382310738366,0.576221417902,0.261366351921
542266.950,EarthReturn,-103062.511723323,-287644.050484590,-165941.256674809,-14709.552,-355849.379,-191512.518,0.382610403235,0.576829570112,0.261727979218
542506.950,EarthReturn,-102970.649279935,-287505.538326343,-165878.398516516,-14477.593,-355857.650,-191507.978,0.382909936562,0.577438553939,0.262090086637
542746.950,EarthReturn,-102878.714964152,-287366.879912111,-165815.453394754,-14245.624,-355865.651,-191503.292,0.383209340159,0.578048370117,0.262452674916
542986.950,EarthReturn,-102786.708806893,-287228.075042040,-165752.421194028,-14013.655,-355873.651,-191498.607,0.383508615823,0.578659019393,0.262815744797
543226.950,EarthReturn,-102694.630838648,-287089.123516094,-165689.301798664,-13781.680,-355881.451,-191493.814,0.383807765344,0.579270502525,0.263179297030
543466.950,EarthReturn,-102602.481089478,-286950.025134058,-165626.095092805,-13549.701,-355889.137,-191488.959,0.384106790497,0.579882820282,0.263543332370
543706.950,EarthReturn,-102510.259589018,-286810.779695526,-165562.800960416,-13317.721,-355896.780,-191484.081,0.384405693049,0.580495973449,0.263907851580
543946.950,EarthReturn,-102417.966366482,-286671.386999906,-165499.419285276,-13085.732,-355904.152,-191479.058,0.384704474755,0.581109962817,0.264272855425
544186.950,EarthReturn,-102325.601450664,-286531.846846413,-165435.949950980,-12853.744,-355911.524,-191474.034,0.385003137358,0.581724789195,0.264638344680
544426.950,EarthReturn,-102233.164869939,-286392.159034067,-165372.392840935,-12621.750,-355918.696,-191468.902,0.385301682594,0.582340453399,0.265004320123
544666.950,EarthReturn,-102140.656652270,-286252.323361689,-165308.747838362,-12389.752,-355925.754,-191463.710,0.385600112185,0.582956956259,0.265370782541
544906.950,EarthReturn,-102048.076825205,-286112.339627902,-165245.014826294,-12157.753,-355932.768,-191458.494,0.385898427844,0.583574298618,0.265737732723
545146.950,EarthReturn,-101955.425415884,-285972.207631124,-165181.193687571,-11925.747,-355939.512,-191453.132,0.386196631274,0.584192481330,0.266105171467
545386.950,EarthReturn,-101862.702451037,-285831.927169567,-165117.284304841,-11693.741,-355946.256,-191447.770,0.386494724167,0.584811505258,0.266473099577
545626.950,EarthReturn,-101769.907956992,-285691.498041233,-165053.286560559,-11461.730,-355952.799,-191442.301,0.386792708208,0.585431371281,0.266841517862
545866.950,EarthReturn,-101677.041959672,-285550.920043913,-164989.200336988,-11229.716,-355959.229,-191436.770,0.387090585067,0.586052080288,0.267210427136
546106.950,EarthReturn,-101584.104484601,-285410.192975184,-164925.025516190,-10997.701,-355965.615,-191431.215,0.387388356407,0.586673633180,0.267579828220
546346.950,EarthReturn,-101491.095556905,-285269.316632403,-164860.761980031,-10765.679,-355971.730,-191425.516,0.387686023883,0.587296030868,0.267949721943
546586.950,EarthReturn,-101398.015201315,-285128.290812709,-164796.409610179,-10533.658,-355977.845,-191419.816,0.387983589138,0.587919274277,0.268320109136
546826.950,EarthReturn,-101304.863442166,-284987.115313018,-164731.968288101,-10301.631,-355983.760,-191414.008,0.388281053805,0.588543364342,0.268690990638
547066.950,EarthReturn,-101211.640303405,-284845.789930017,-164667.437895061,-10069.603,-355989.561,-191408.139,0.388578419509,0.589168302012,0.269062367296
547306.950,EarthReturn,-101118.345808590,-284704.314460167,-164602.818312119,-9837.573,-355995.318,-191402.246,0.388875687865,0.589794088245,0.269434239959
547546.950,EarthReturn,-101024.979980889,-284562.688699696,-164538.109420132,-9605.538,-356000.805,-191396.208,0.389172860480,0.590420724013,0.269806609485
547786.950,EarthReturn,-100931.542843091,-284420.912444600,-164473.311099748,-9373.503,-356006.292,-191390.170,0.389469938950,0.591048210296,0.270179476736
548026.950,EarthReturn,-100838.034417598,-284278.985490633,-164408.423231411,-9141.464,-356011.578,-191384.024,0.389766924864,0.591676548090,0.270552842583
548266.950,EarthReturn,-100744.454726434,-284136.907633315,-164343.445695351,-8909.422,-356016.750,-191377.817,0.390063819800,0.592305738400,0.270926707899
548506.950,EarthReturn,-100650.803791246,-283994.678667919,-164278.378371591,-8677.380,-356021.879,-191371.587,0.390360625328,0.592935782244,0.271301073565
548746.950,EarthReturn,-100557.081633305,-283852.298389473,-164213.221139941,-8445.334,-356026.737,-191365.211,0.390657343010,0.593566680648,0.271675940470
548986.950,EarthReturn,-100463.288273505,-283709.766592759,-164147.973879995,-8213.287,-356031.595,-191358.834,0.390953974398,0.594198434655,0.272051309505
549226.950,EarthReturn,-100369.423732374,-283567.083072307,-164082.636471136,-7981.237,-356036.252,-191352.350,0.391250521036,0.594831045315,0.272427181571
549466.950,EarthReturn,-100275.488030065,-283424.247622391,-164017.208792526,-7749.185,-356040.795,-191345.805,0.391546984461,0.595464513692,0.272803557572
549706.950,EarthReturn,-100181.481186367,-283281.260037031,-163951.690723114,-7517.133,-356045.295,-191339.236,0.391843366200,0.596098840860,0.273180438418
549946.950,EarthReturn,-100087.403220702,-283138.120109988,-163886.082141624,-7285.076,-356049.524,-191332.522,0.392139667770,0.596734027906,0.273557825029
550186.950,EarthReturn,-99993.254152130,-282994.827634758,-163820.382926565,-7053.020,-356053.753,-191325.808,0.392435890684,0.597370075927,0.273935718326
550426.950,EarthReturn,-99899.033999347,-282851.382404576,-163754.592956219,-6820.961,-356057.781,-191318.985,0.392732036443,0.598006986033,0.274314119240
550666.950,EarthReturn,-99804.742780690,-282707.784212406,-163688.712108646,-6588.901,-356061.696,-191312.102,0.393028106543,0.598644759344,0.274693028705
550906.950,EarthReturn,-99710.380514140,-282564.032850944,-163622.740261681,-6356.840,-356065.567,-191305.195,0.393324102469,0.599283396992,0.275072447663
551146.950,EarthReturn,-99615.947217321,-282420.128112611,-163556.677292932,-6124.776,-356069.167,-191298.143,0.393620025700,0.599922900120,0.275452377061
551386.950,EarthReturn,-99521.442907502,-282276.069789555,-163490.523079780,-5892.712,-356072.767,-191291.090,0.393915877708,0.600563269884,0.275832817854
551626.950,EarthReturn,-99426.867601602,-282131.857673643,-163424.277499374,-5660.646,-356076.166,-191283.930,0.394211659955,0.601204507449,0.276213771002
551866.950,EarthReturn,-99332.221316188,-281987.491556461,-163357.940428634,-5428.580,-356079.451,-191276.708,0.394507373896,0.601846613994,0.276595237469
552106.950,EarthReturn,-99237.504067480,-281842.971229312,-163291.511744246,-5196.512,-356082.693,-191269.464,0.394803020981,0.602489590708,0.276977218228
552346.950,EarthReturn,-99142.715871351,-281698.296483212,-163224.991322663,-4964.443,-356085.664,-191262.073,0.395098602648,0.603133438790,0.277359714257
552586.950,EarthReturn,-99047.856743327,-281553.467108887,-163158.379040102,-4732.374,-356088.635,-191254.682,0.395394120332,0.603778159454,0.277742726541
552826.950,EarthReturn,-98952.926698596,-281408.482896770,-163091.674772544,-4500.303,-356091.404,-191247.184,0.395689575458,0.604423753922,0.278126256069
553066.950,EarthReturn,-98857.925751999,-281263.343637001,-163024.878395729,-4268.232,-356094.061,-191239.624,0.395984969444,0.605070223429,0.278510303839
553306.950,EarthReturn,-98762.853918041,-281118.049119421,-162957.989785161,-4036.160,-356096.673,-191232.041,0.396280303701,0.605717569221,0.278894870852
553546.950,EarthReturn,-98667.711210888,-280972.599133572,-162891.008816100,-3804.087,-356099.015,-191224.313,0.396575579634,0.606365792556,0.279279958119
553786.950,EarthReturn,-98572.497644370,-280826.993468690,-162823.935363563,-3572.014,-356101.356,-191216.584,0.396870798640,0.607014894702,0.279665566654
554026.950,EarthReturn,-98477.213231984,-280681.231913707,-162756.769302323,-3339.941,-356103.497,-191208.747,0.397165962109,0.607664876940,0.280051697477
554266.950,EarthReturn,-98381.857986890,-280535.314257248,-162689.510506908,-3107.867,-356105.524,-191200.850,0.397461071424,0.608315740561,0.280438351618
554506.950,EarthReturn,-98286.431921922,-280389.240287623,-162622.158851599,-2875.793,-356107.507,-191192.929,0.397756127961,0.608967486869,0.280825530109
554746.950,EarthReturn,-98190.935049582,-280243.009792831,-162554.714210425,-2643.719,-356109.219,-191184.862,0.398051133091,0.609620117177,0.281213233991
554986.950,EarthReturn,-98095.367382043,-280096.622560552,-162487.176457168,-2411.645,-356110.931,-191176.795,0.398346088175,0.610273632812,0.281601464309
555226.950,EarthReturn,-97999.728931153,-279950.078378148,-162419.545465357,-2179.570,-356112.442,-191168.620,0.398640994571,0.610928035110,0.281990222117
555466.950,EarthReturn,-97904.019708435,-279803.377032658,-162351.821108268,-1947.496,-356113.839,-191160.385,0.398935853629,0.611583325421,0.282379508472
555706.950,EarthReturn,-97808.239725090,-279656.518310796,-162284.003258922,-1715.422,-356115.193,-191152.125,0.399230666691,0.612239505103,0.282769324439
555946.950,EarthReturn,-97712.388991996,-279509.501998949,-162216.091790083,-1483.348,-356116.276,-191143.721,0.399525435095,0.612896575528,0.283159671091
556186.950,EarthReturn,-97616.467519711,-279362.327883173,-162148.086574257,-1251.275,-356117.358,-191135.316,0.399820160171,0.613554538078,0.283550549504
556426.950,EarthReturn,-97520.475318474,-279214.995749190,-162079.987483693,-1019.201,-356118.240,-191126.803,0.400114843244,0.614213394149,0.283941960762
556666.950,EarthReturn,-97424.412398209,-279067.505382387,-162011.794390377,-787.129,-356119.008,-191118.229,0.400409485631,0.614873145144,0.284333905956
556906.950,EarthReturn,-97328.278768521,-278919.856567813,-161943.507166032,-555.056,-356119.732,-191109.632,0.400704088646,0.615533792482,0.284726386182
557146.950,EarthReturn,-97232.074438704,-278772.049090174,-161875.125682118,-322.985,-356120.185,-191100.889,0.400998653592,0.616195337589,0.285119402543
557386.950,EarthReturn,-97135.799417738,-278624.082733834,-161806.649809831,-90.914,-356120.638,-191092.146,0.401293181771,0.616857781907,0.285512956149
557626.950,EarthReturn,-97039.453714292,-278475.957282806,-161738.079420098,141.156,-356120.890,-191083.296,0.401587674477,0.617521126884,0.285907048114
557866.950,EarthReturn,-96943.037336724,-278327.672520759,-161669.414383578,373.225,-356121.028,-191074.384,0.401882132997,0.618185373985,0.286301679561
558106.950,EarthReturn,-96846.550293086,-278179.228231006,-161600.654570660,605.294,-356121.122,-191065.449,0.402176558613,0.618850524683,0.286696851619
558346.950,EarthReturn,-96749.992591120,-278030.624196505,-161531.799851461,837.360,-356120.945,-191056.368,0.402470952602,0.619516580463,0.287092565422
558586.950,EarthReturn,-96653.364238265,-277881.860199857,-161462.850095826,1069.427,-356120.769,-191047.287,0.402765316235,0.620183542822,0.287488822112
558826.950,EarthReturn,-96556.665241654,-277732.936023303,-161393.805173325,1301.491,-356120.391,-191038.098,0.403059650777,0.620851413269,0.287885622836
559066.950,EarthReturn,-96459.895608119,-277583.851448719,-161324.664953250,1533.555,-356119.899,-191028.848,0.403353957486,0.621520193322,0.288282968749
559306.950,EarthReturn,-96363.055344187,-277434.606257618,-161255.429304618,1765.618,-356119.364,-191019.575,0.403648237618,0.622189884512,0.288680861011
559546.950,EarthReturn,-96266.144456088,-277285.200231139,-161186.098096163,1997.678,-356118.557,-191010.156,0.403942492420,0.622860488383,0.289079300791
559786.950,EarthReturn,-96169.162949753,-277135.633150055,-161116.671196343,2229.738,-356117.751,-191000.737,0.404236723135,0.623532006489,0.289478289261
560026.950,EarthReturn,-96072.110830812,-276985.904794761,-161047.148473329,2461.795,-356116.743,-190991.211,0.404530931001,0.624204440394,0.289877827602
560266.950,EarthReturn,-95974.988104601,-276836.014945275,-160977.529795009,2693.851,-356115.621,-190981.623,0.404825117251,0.624877791677,0.290277917000
560506.950,EarthReturn,-95877.794776162,-276685.963381238,-160907.815028988,2925.906,-356114.456,-190972.011,0.405119283111,0.625552061925,0.290678558651
560746.950,EarthReturn,-95780.530850242,-276535.749881906,-160838.004042581,3157.957,-356113.020,-190962.255,0.405413429803,0.626227252739,0.291079753752
560986.950,EarthReturn,-95683.196331293,-276385.374226149,-160768.096702815,3390.009,-356111.583,-190952.498,0.405707558544,0.626903365730,0.291481503512
561226.950,EarthReturn,-95585.791223480,-276234.836192452,-160698.092876426,3622.057,-356109.945,-190942.633,0.406001670545,0.627580402522,0.291883809143
561466.950,EarthReturn,-95488.315530674,-276084.135558904,-160627.992429859,3854.103,-356108.194,-190932.707,0.406295767014,0.628258364749,0.292286671865
561706.950,EarthReturn,-95390.769256460,-275933.272103205,-160557.795229265,4086.148,-356106.399,-190922.758,0.406589849152,0.628937254058,0.292690092906
561946.950,EarthReturn,-95293.152404132,-275782.245602657,-160487.501140500,4318.189,-356104.332,-190912.664,0.406883918154,0.629617072107,0.293094073497
562186.950,EarthReturn,-95195.464976701,-275631.055834162,-160417.110029123,4550.229,-356102.265,-190902.569,0.407177975215,0.630297820565,0.293498614880
562426.950,EarthReturn,-95097.706976890,-275479.702574219,-160346.621760395,4782.266,-356099.998,-190892.366,0.407472021519,0.630979501113,0.293903718301
562666.950,EarthReturn,-94999.878407138,-275328.185598925,-160276.036199275,5014.301,-356097.616,-190882.103,0.407766058249,0.631662115445,0.294309385014
562906.950,EarthReturn,-94901.979269602,-275176.504683966,-160205.353210424,5246.334,-356095.191,-190871.815,0.408060086583,0.632345665265,0.294715616278
563146.950,EarthReturn,-94804.009566156,-275024.659604621,-160134.572658196,5478.362,-356092.494,-190861.383,0.408354107694,0.633030152289,0.295122413361
563386.950,EarthReturn,-94705.969298393,-274872.650135753,-160063.694406643,5710.390,-356089.798,-190850.950,0.408648122750,0.633715578245,0.295529777537
563578.826,EarthReturn,-94624.628236000,-274751.330237000,-160008.272866000,5895.889,-356087.504,-190842.536,0.408974819000,0.634249637000,0.295812713000
563818.826,EarthReturn,-94526.438999261,-274599.027888819,-159937.228819387,6127.910,-356084.492,-190831.934,0.409268819915,0.634936754999,0.296221103787
564058.826,EarthReturn,-94428.179202671,-274446.560519095,-159866.086690525,6359.931,-356081.480,-190821.332,0.409562817950,0.635624816818,0.296630065293
564298.826,EarthReturn,-94329.848846784,-274293.927901099,-159794.846342285,6591.944,-356078.173,-190810.573,0.409856814254,0.636313824231,0.297039598817
564538.826,EarthReturn,-94231.447931876,-274141.129807674,-159723.507637227,6823.958,-356074.846,-190799.802,0.410150809976,0.637003779022,0.297449705667
564778.826,EarthReturn,-94132.976457951,-273988.166011234,-159652.070437594,7055.967,-356071.381,-190788.958,0.410444806255,0.637694682987,0.297860387155
565018.826,EarthReturn,-94034.434424738,-273835.036283762,-159580.534605315,7287.972,-356067.739,-190778.018,0.410738804230,0.638386537933,0.298271644604
565258.826,EarthReturn,-93935.821831694,-273681.740396802,-159508.900002001,7519.977,-356064.097,-190767.079,0.411032805035,0.639079345682,0.298683479340
565498.826,EarthReturn,-93837.138678004,-273528.278121464,-159437.166488942,7751.974,-356060.160,-190755.981,0.411326809798,0.639773108064,0.299095892699
565738.826,EarthReturn,-93738.384962584,-273374.649228413,-159365.333927109,7983.971,-356056.202,-190744.873,0.411620819644,0.640467826924,0.299508886021
565978.826,EarthReturn,-93639.560684079,-273220.853487874,-159293.402177147,8215.963,-356052.107,-190733.691,0.411914835694,0.641163504116,0.299922460656
566218.826,EarthReturn,-93540.665840865,-273066.890669622,-159221.371099380,8447.950,-356047.835,-190722.413,0.412208859065,0.641860141508,0.300336617959
566458.826,EarthReturn,-93441.700431053,-272912.760542983,-159149.240553804,8679.938,-356043.563,-190711.136,0.412502890870,0.642557740981,0.300751359294
566698.826,EarthReturn,-93342.664452485,-272758.462876833,-159077.010400087,8911.916,-356038.995,-190699.701,0.412796932217,0.643256304424,0.301166686029
566938.826,EarthReturn,-93243.557902737,-272603.997439590,-159004.680497568,9143.893,-356034.407,-190688.255,0.413090984211,0.643955833743,0.301582599543
567178.826,EarthReturn,-93144.380779124,-272449.363999214,-158932.250705254,9375.867,-356029.682,-190676.735,0.413385047953,0.644656330851,0.301999101220
567418.826,EarthReturn,-93045.133078692,-272294.562323204,-158859.720881818,9607.834,-356024.779,-190665.120,0.413679124539,0.645357797678,0.302416192451
567658.826,EarthReturn,-92945.814798230,-272139.592178596,-158787.090885601,9839.802,-356019.877,-190653.505,0.413973215064,0.646060236162,0.302833874634
567898.826,EarthReturn,-92846.425934259,-271984.453331957,-158714.360574605,10071.759,-356014.678,-190641.731,0.414267320617,0.646763648255,0.303252149176
568138.826,EarthReturn,-92746.966483044,-271829.145549387,-158641.529806494,10303.716,-356009.461,-190629.948,0.414561442283,0.647468035922,0.303671017490
568378.826,EarthReturn,-92647.436440588,-271673.668596511,-158568.598438594,10535.668,-356004.105,-190618.090,0.414855581143,0.648173401139,0.304090480996
568618.826,EarthReturn,-92547.835802634,-271518.022238478,-158495.566327887,10767.614,-355998.572,-190606.137,0.415149738278,0.648879745893,0.304510541122
568858.826,EarthReturn,-92448.164564667,-271362.206239959,-158422.433331011,10999.559,-355993.038,-190594.185,0.415443914760,0.649587072186,0.304931199303
569098.826,EarthReturn,-92348.422721915,-271206.220365144,-158349.199304261,11231.494,-355987.210,-190582.074,0.415738111662,0.650295382030,0.305352456982
569338.826,EarthReturn,-92248.610269350,-271050.064377739,-158275.864103584,11463.428,-355981.361,-190569.952,0.416032330051,0.651004677451,0.305774315608
569578.826,EarthReturn,-92148.727201687,-270893.738040959,-158202.427584577,11695.357,-355975.375,-190557.757,0.416326570991,0.651714960485,0.306196776638
569818.826,EarthReturn,-92048.773513386,-270737.241117533,-158128.889602488,11927.278,-355969.211,-190545.466,0.416620835542,0.652426233183,0.306619841538
570058.826,EarthReturn,-91948.749198653,-270580.573369693,-158055.250012212,12159.200,-355963.048,-190533.176,0.416915124762,0.653138497607,0.307043511779
570298.826,EarthReturn,-91848.654251442,-270423.734559177,-157981.508668288,12391.110,-355956.588,-190520.728,0.417209439705,0.653851755832,0.307467788841
570538.826,EarthReturn,-91748.488665453,-270266.724447223,-157907.665424903,12623.019,-355950.110,-190508.268,0.417503781421,0.654566009945,0.307892674212
570778.826,EarthReturn,-91648.252434134,-270109.542794565,-157833.720135882,12854.923,-355943.493,-190495.735,0.417798150957,0.655281262044,0.308318169385
571018.826,EarthReturn,-91547.945550684,-269952.189361434,-157759.672654694,13086.819,-355936.699,-190483.107,0.418092549357,0.655997514243,0.308744275864
571258.826,EarthReturn,-91447.568008051,-269794.663907550,-157685.522834442,13318.715,-355929.904,-190470.480,0.418386977663,0.656714768666,0.309170995159
571498.826,EarthReturn,-91347.119798931,-269636.966192125,-157611.270527871,13550.598,-355922.815,-190457.693,0.418681436910,0.657433027449,0.309598328786
571738.826,EarthReturn,-91246.600915775,-269479.095973854,-157536.915587356,13782.480,-355915.705,-190444.897,0.418975928135,0.658152292744,0.310026278272
571978.826,EarthReturn,-91146.011350786,-269321.053010914,-157462.457864909,14014.356,-355908.458,-190432.026,0.419270452367,0.658872566712,0.310454845149
572218.826,EarthReturn,-91045.351095916,-269162.837060964,-157387.897212170,14246.224,-355901.033,-190419.061,0.419565010636,0.659593851528,0.310884030958
572458.826,EarthReturn,-90944.620142876,-269004.447881138,-157313.233480411,14478.092,-355893.608,-190406.095,0.419859603965,0.660316149381,0.311313837247
572698.826,EarthReturn,-90843.818483126,-268845.885228042,-157238.466520529,14709.946,-355885.888,-190392.971,0.420154233378,0.661039462471,0.311744265573
572938.826,EarthReturn,-90742.946107886,-268687.148857756,-157163.596183048,14941.800,-355878.148,-190379.837,0.420448899893,0.661763793011,0.312175317500
573178.826,EarthReturn,-90642.003008128,-268528.238525823,-157088.622318115,15173.646,-355870.269,-190366.629,0.420743604526,0.662489143228,0.312606994599
573418.826,EarthReturn,-90540.989174583,-268369.153987253,-157013.544775500,15405.484,-355862.214,-190353.326,0.421038348290,0.663215515360,0.313039298452
573658.826,EarthReturn,-90439.904597738,-268209.894996517,-156938.363404591,15637.323,-355854.159,-190340.023,0.421333132197,0.663942911661,0.313472230644
573898.826,EarthReturn,-90338.749267837,-268050.461307541,-156863.078054396,15869.146,-355845.807,-190326.562,0.421627957253,0.664671334394,0.313905792773
574138.826,EarthReturn,-90237.523174884,-267890.852673711,-156787.688573537,16100.968,-355837.437,-190313.090,0.421922824463,0.665400785838,0.314339986441
574378.826,EarthReturn,-90136.226308642,-267731.068847859,-156712.194810252,16332.784,-355828.928,-190299.545,0.422217734828,0.666131268284,0.314774813261
574618.826,EarthReturn,-90034.858658634,-267571.109582270,-156636.596612390,16564.590,-355820.242,-190285.904,0.422512689349,0.666862784036,0.315210274853
574858.826,EarthReturn,-89933.420214143,-267410.974628672,-156560.893827411,16796.396,-355811.556,-190272.264,0.422807689021,0.667595335411,0.315646372844
575098.826,EarthReturn,-89831.910964212,-267250.663738236,-156485.086302382,17028.186,-355802.574,-190258.465,0.423102734838,0.668328924739,0.316083108870
575338.826,EarthReturn,-89730.330897649,-267090.176661573,-156409.173883979,17259.976,-355793.572,-190244.656,0.423397827791,0.669063554364,0.316520484575
575578.826,EarthReturn,-89628.680003023,-266929.513148729,-156333.156418480,17491.758,-355784.433,-190230.773,0.423692968870,0.669799226644,0.316958501612
575818.826,EarthReturn,-89526.958268663,-266768.672949182,-156257.033751766,17723.530,-355775.116,-190216.795,0.423988159058,0.670535943946,0.317397161641
576058.826,EarthReturn,-89425.165682667,-266607.655811842,-156180.805729319,17955.302,-355765.799,-190202.818,0.424283399341,0.671273708656,0.317836466331
576298.826,EarthReturn,-89323.302232894,-266446.461485043,-156104.472196220,18187.058,-355756.186,-190188.682,0.424578690698,0.672012523170,0.318276417360
576538.826,EarthReturn,-89221.367906968,-266285.089716543,-156028.032997144,18418.812,-355746.554,-190174.535,0.424874034109,0.672752389898,0.318717016412
576778.826,EarthReturn,-89119.362692279,-266123.540253521,-155951.487976364,18650.558,-355736.784,-190160.315,0.425169430548,0.673493311264,0.319158265182
577018.826,EarthReturn,-89017.286575984,-265961.812842571,-155874.836977744,18882.295,-355726.836,-190146.000,0.425464880990,0.674235289704,0.319600165371
577258.826,EarthReturn,-88915.139545006,-265799.907229701,-155798.079844736,19114.031,-355716.888,-190131.685,0.425760386405,0.674978327670,0.320042718690
577498.826,EarthReturn,-88812.921586035,-265637.823160330,-155721.216420384,19345.749,-355706.645,-190117.211,0.426055947762,0.675722427626,0.320485926859
577738.826,EarthReturn,-88710.632685528,-265475.560379283,-155644.246547317,19577.467,-355696.382,-190102.728,0.426351566027,0.676467592049,0.320929791605
577978.826,EarthReturn,-88608.272829712,-265313.118630790,-155567.170067749,19809.176,-355685.981,-190088.170,0.426647242164,0.677213823431,0.321374314665
578218.826,EarthReturn,-88505.842004582,-265150.497658479,-155489.986823474,20040.874,-355675.402,-190073.518,0.426942977136,0.677961124278,0.321819497782
578458.826,EarthReturn,-88403.340195903,-264987.697205378,-155412.696655869,20272.572,-355664.824,-190058.865,0.427238771901,0.678709497109,0.322265342710
578698.826,EarthReturn,-88300.767389210,-264824.717013905,-155335.299405887,20504.251,-355653.950,-190044.055,0.427534627416,0.679458944456,0.322711851212
578938.826,EarthReturn,-88198.123569807,-264661.556825873,-155257.794914059,20735.930,-355643.056,-190029.234,0.427830544637,0.680209468867,0.323159025059
579178.826,EarthReturn,-88095.408722771,-264498.216382479,-155180.183020489,20967.599,-355632.024,-190014.339,0.428126524517,0.680961072902,0.323606866029
579418.826,EarthReturn,-87992.622832950,-264334.695424305,-155102.463564852,21199.257,-355620.815,-189999.350,0.428422568006,0.681713759136,0.324055375911
579658.826,EarthReturn,-87889.765884964,-264170.993691311,-155024.636386395,21430.915,-355609.605,-189984.360,0.428718676052,0.682467530158,0.324504556502
579898.826,EarthReturn,-87786.837863205,-264007.110922838,-154946.701323930,21662.554,-355598.100,-189969.212,0.429014849603,0.683222388570,0.324954409609
580138.826,EarthReturn,-87683.838751839,-263843.046857597,-154868.658215836,21894.191,-355586.576,-189954.054,0.429311089603,0.683978336991,0.325404937045
580378.826,EarthReturn,-87580.768534804,-263678.801233671,-154790.506900056,22125.819,-355574.913,-189938.822,0.429607396993,0.684735378050,0.325856140636
580618.826,EarthReturn,-87477.627195815,-263514.373788510,-154712.247214092,22357.435,-355563.073,-189923.496,0.429903772716,0.685493514394,0.326308022213
580858.826,EarthReturn,-87374.414718359,-263349.764258926,-154633.878995008,22589.050,-355551.232,-189908.169,0.430200217708,0.686252748682,0.326760583618
581098.826,EarthReturn,-87271.131085699,-263184.972381093,-154555.402079421,22820.646,-355539.097,-189892.684,0.430496732907,0.687013083589,0.327213826703
581338.826,EarthReturn,-87167.776280873,-263019.997890539,-154476.816303507,23052.240,-355526.941,-189877.189,0.430793319247,0.687774521803,0.327667753327
581578.826,EarthReturn,-87064.350286695,-262854.840522147,-154398.121502992,23283.824,-355514.647,-189861.620,0.431089977660,0.688537066027,0.328122365361
581818.826,EarthReturn,-86960.853085755,-262689.500010148,-154319.317513151,23515.396,-355502.176,-189845.956,0.431386709078,0.689300718979,0.328577664681
582058.826,EarthReturn,-86857.284660422,-262523.976088120,-154240.404168811,23746.968,-355489.705,-189830.292,0.431683514429,0.690065483391,0.329033653175
582298.826,EarthReturn,-86753.644992841,-262358.268488984,-154161.381304341,23978.518,-355476.938,-189814.471,0.431980394641,0.690831362009,0.329490332742
582538.826,EarthReturn,-86649.934064932,-262192.376944999,-154082.248753657,24210.067,-355464.152,-189798.638,0.432277350638,0.691598357596,0.329947705286
582778.826,EarthReturn,-86546.151858397,-262026.301187759,-154003.006350213,24441.606,-355451.227,-189782.732,0.432574383345,0.692366472927,0.330405772724
583018.826,EarthReturn,-86442.298354716,-261860.040948191,-153923.653927004,24673.131,-355438.126,-189766.732,0.432871493683,0.693135710794,0.330864536980
583258.826,EarthReturn,-86338.373535146,-261693.595956550,-153844.191316562,24904.657,-355425.024,-189750.731,0.433168682572,0.693906074002,0.331323999988
583498.826,EarthReturn,-86234.377380724,-261526.965942417,-153764.618350954,25136.160,-355411.626,-189734.572,0.433465950930,0.694677565373,0.331784163694
583738.826,EarthReturn,-86130.309872268,-261360.150634692,-153684.934861777,25367.662,-355398.209,-189718.403,0.433763299675,0.695450187742,0.332245030051
583978.826,EarthReturn,-86026.170990376,-261193.149761593,-153605.140680160,25599.153,-355384.653,-189702.160,0.434060729721,0.696223943961,0.332706601021
584218.826,EarthReturn,-85921.960715425,-261025.963050653,-153525.235636760,25830.630,-355370.920,-189685.823,0.434358241982,0.696998836896,0.333168878577
584458.826,EarthReturn,-85817.679027574,-260858.590228715,-153445.219561758,26062.108,-355357.188,-189669.485,0.434655837370,0.697774869427,0.333631864703
584698.826,EarthReturn,-85713.325906764,-260691.031021929,-153365.092284858,26293.562,-355343.159,-189652.989,0.434953516794,0.698552044452,0.334095561390
584938.826,EarthReturn,-85608.901332717,-260523.285155746,-153284.853635285,26525.014,-355329.111,-189636.483,0.435251281163,0.699330364882,0.334559970640
585178.826,EarthReturn,-85504.405284938,-260355.352354919,-153204.503441784,26756.456,-355314.925,-189619.904,0.435549131385,0.700109833645,0.335025094465
585418.826,EarthReturn,-85399.837742712,-260187.232343494,-153124.041532614,26987.883,-355300.561,-189603.229,0.435847068366,0.700890453682,0.335490934888
585658.826,EarthReturn,-85295.198685109,-260018.924844812,-153043.467735548,27219.310,-355286.197,-189586.555,0.436145093009,0.701672227954,0.335957493939
585898.826,EarthReturn,-85190.488090982,-259850.429581500,-152962.781877870,27450.713,-355271.538,-189569.722,0.436443206217,0.702455159433,0.336424773660
586138.826,EarthReturn,-85085.705938967,-259681.746275469,-152881.983786373,27682.114,-355256.859,-189552.880,0.436741408892,0.703239251108,0.336892776104
586378.826,EarthReturn,-84980.852207485,-259512.874647912,-152801.073287357,27913.504,-355242.041,-189535.963,0.437039701933,0.704024505986,0.337361503332
586618.826,EarthReturn,-84875.926874739,-259343.814419298,-152720.050206626,28144.879,-355227.047,-189518.952,0.437338086239,0.704810927086,0.337830957415
586858.826,EarthReturn,-84770.929918717,-259174.565309370,-152638.914369483,28376.254,-355212.052,-189501.941,0.437636562706,0.705598517446,0.338301140437
587098.826,EarthReturn,-84665.861317195,-259005.127037139,-152557.665600733,28607.603,-355196.762,-189484.772,0.437935132232,0.706387280119,0.338772054490
587338.826,EarthReturn,-84560.721047730,-258835.499320882,-152476.303724677,28838.951,-355181.452,-189467.592,0.438233795709,0.707177218172,0.339243701675
587578.826,EarthReturn,-84455.509087667,-258665.681878139,-152394.828565109,29070.287,-355166.004,-189450.339,0.438532554031,0.707968334692,0.339716084107
587818.826,EarthReturn,-84350.225414136,-258495.674425705,-152313.239945316,29301.608,-355150.378,-189432.991,0.438831408091,0.708760632779,0.340189203909
588058.826,EarthReturn,-84244.870004053,-258325.476679630,-152231.537688073,29532.928,-355134.753,-189415.643,0.439130358778,0.709554115549,0.340663063215
588298.826,EarthReturn,-84139.442834121,-258155.088355216,-152149.721615641,29764.223,-355118.831,-189398.138,0.439429406982,0.710348786137,0.341137664169
588538.826,EarthReturn,-84033.943880829,-257984.509167007,-152067.791549767,29995.515,-355102.891,-189380.622,0.439728553591,0.711144647692,0.341613008925
588778.826,EarthReturn,-83928.373120454,-257813.738828793,-151985.747311679,30226.796,-355086.812,-189363.032,0.440027799492,0.711941703381,0.342089099651
589018.826,EarthReturn,-83822.730529059,-257642.777053599,-151903.588722083,30458.060,-355070.555,-189345.348,0.440327145571,0.712739956386,0.342565938522
589258.826,EarthReturn,-83717.016082495,-257471.623553686,-151821.315601163,30689.324,-355054.299,-189327.663,0.440626592712,0.713539409906,0.343043527724
589498.826,EarthReturn,-83611.229756401,-257300.278040546,-151738.927768574,30920.561,-355037.747,-189309.821,0.440926141799,0.714340067158,0.343521869456
589738.826,EarthReturn,-83505.371526205,-257128.740224894,-151656.425043444,31151.796,-355021.175,-189291.968,0.441225793714,0.715141931374,0.344000965927
589978.826,EarthReturn,-83399.441367122,-256957.009816669,-151573.807244372,31383.019,-355004.465,-189274.042,0.441525549339,0.715945005803,0.344480819356
590218.826,EarthReturn,-83293.439254155,-256785.086525030,-151491.074189419,31614.225,-354987.578,-189256.021,0.441825409552,0.716749293712,0.344961431972
590458.826,EarthReturn,-83187.365162099,-256612.970058346,-151408.225696111,31845.430,-354970.691,-189238.000,0.442125375235,0.717554798385,0.345442806019
590698.826,EarthReturn,-83081.219065535,-256440.660124200,-151325.261581435,32076.608,-354953.508,-189219.822,0.442425447264,0.718361523122,0.345924943749
590938.826,EarthReturn,-82975.000938834,-256268.156429377,-151242.181661836,32307.784,-354936.305,-189201.633,0.442725626517,0.719169471240,0.346407847424
591178.826,EarthReturn,-82868.710756159,-256095.458679867,-151158.985753214,32538.947,-354918.964,-189183.370,0.443025913870,0.719978646074,0.346891519320
591418.826,EarthReturn,-82762.348491459,-255922.566580856,-151075.673670921,32770.092,-354901.446,-189165.013,0.443326310197,0.720789050976,0.347375961724
591658.826,EarthReturn,-82655.914118476,-255749.479836724,-150992.245229762,33001.237,-354883.928,-189146.655,0.443626816374,0.721600689316,0.347861176932
591898.826,EarthReturn,-82549.407610742,-255576.198151039,-150908.700243985,33232.354,-354866.114,-189128.140,0.443927433273,0.722413564481,0.348347167254
592138.826,EarthReturn,-82442.828941577,-255402.721226555,-150825.038527285,33463.468,-354848.281,-189109.615,0.444228161767,0.723227679874,0.348833935009
592378.826,EarthReturn,-82336.178084096,-255229.048765207,-150741.259892800,33694.569,-354830.309,-189091.016,0.444529002727,0.724043038919,0.349321482529
592618.826,EarthReturn,-82229.455011202,-255055.180468107,-150657.364153103,33925.652,-354812.160,-189072.322,0.444829957023,0.724859645054,0.349809812158
592858.826,EarthReturn,-82122.659695589,-254881.116035537,-150573.351120206,34156.735,-354794.012,-189053.629,0.445131025525,0.725677501738,0.350298926251
593098.826,EarthReturn,-82015.792109743,-254706.855166951,-150489.220605556,34387.788,-354775.567,-189034.778,0.445432209103,0.726496612446,0.350788827174
593338.826,EarthReturn,-81908.852225944,-254532.397560962,-150404.972420026,34618.839,-354757.103,-189015.916,0.445733508623,0.727316980671,0.351279517305
593578.826,EarthReturn,-81801.840016260,-254357.742915347,-150320.606373922,34849.876,-354738.500,-188996.981,0.446034924953,0.728138609925,0.351770999035
593818.826,EarthReturn,-81694.755452552,-254182.890927034,-150236.122276970,35080.894,-354719.721,-188977.951,0.446336458960,0.728961503738,0.352263274765
594058.826,EarthReturn,-81587.598506475,-254007.841292104,-150151.519938321,35311.913,-354700.941,-188958.921,0.446638111509,0.729785665658,0.352756346910
594298.826,EarthReturn,-81480.369149475,-253832.593705784,-150066.799166546,35542.900,-354681.865,-188939.734,0.446939883466,0.730611099250,0.353250217896
594538.826,EarthReturn,-81373.067352790,-253657.147862443,-149981.959769629,35773.886,-354662.770,-188920.536,0.447241775693,0.731437808100,0.353744890160
594778.826,EarthReturn,-81265.693087452,-253481.503455587,-149897.001554971,36004.857,-354643.537,-188901.265,0.447543789055,0.732265795811,0.354240366153
595018.826,EarthReturn,-81158.246324284,-253305.660177855,-149811.924329380,36235.809,-354624.127,-188881.899,0.447845924415,0.733095066005,0.354736648336
595258.826,EarthReturn,-81050.727033904,-253129.617721015,-149726.727899076,36466.761,-354604.716,-188862.533,0.448148182634,0.733925622322,0.355233739186
595498.826,EarthReturn,-80943.135186722,-252953.375775958,-149641.412069679,36697.681,-354585.010,-188843.010,0.448450564573,0.734757468421,0.355731641188
595738.826,EarthReturn,-80835.470752942,-252776.934032696,-149555.976646213,36928.599,-354565.284,-188823.476,0.448753071095,0.735590607982,0.356230356843
595978.826,EarthReturn,-80727.733702561,-252600.292180355,-149470.421433101,37159.501,-354545.421,-188803.868,0.449055703058,0.736425044700,0.356729888661
596218.826,EarthReturn,-80619.924005370,-252423.449907170,-149384.746234161,37390.385,-354525.379,-188784.166,0.449358461322,0.737260782294,0.357230239168
596458.826,EarthReturn,-80512.041630954,-252246.406900485,-149298.950852603,37621.268,-354505.338,-188764.465,0.449661346747,0.738097824497,0.357731410900
596698.826,EarthReturn,-80404.086548690,-252069.162846742,-149213.035091027,37852.119,-354485.001,-188744.605,0.449964360190,0.738936175065,0.358233406408
596938.826,EarthReturn,-80296.058727752,-251891.717431482,-149126.998751420,38082.967,-354464.645,-188724.735,0.450267502510,0.739775837773,0.358736228253
597178.826,EarthReturn,-80187.958137107,-251714.070339337,-149040.841635152,38313.800,-354444.150,-188704.792,0.450570774563,0.740616816414,0.359239879012
597418.826,EarthReturn,-80079.784745515,-251536.221254024,-148954.563542974,38544.613,-354423.478,-188684.754,0.450874177206,0.741459114801,0.359744361272
597658.826,EarthReturn,-79971.538521532,-251358.169858346,-148868.164275014,38775.426,-354402.807,-188664.717,0.451177711296,0.742302736767,0.360249677634
597898.826,EarthReturn,-79863.219433508,-251179.915834181,-148781.643630773,39006.205,-354381.839,-188644.521,0.451481377689,0.743147686165,0.360755830713
598138.826,EarthReturn,-79754.827449589,-251001.458862482,-148695.001409124,39236.982,-354360.852,-188624.316,0.451785177238,0.743993966869,0.361262823137
598378.826,EarthReturn,-79646.362537713,-250822.798623269,-148608.237408308,39467.742,-354339.727,-188604.037,0.452089110800,0.744841582770,0.361770657546
598618.826,EarthReturn,-79537.824665615,-250643.934795624,-148521.351425931,39698.483,-354318.424,-188583.663,0.452393179229,0.745690537782,0.362279336594
598858.826,EarthReturn,-79429.213800825,-250464.867057690,-148434.343258959,39929.223,-354297.122,-188563.290,0.452697383378,0.746540835838,0.362788862948
599098.826,EarthReturn,-79320.529910668,-250285.595086662,-148347.212703717,40159.928,-354275.523,-188542.759,0.453001724102,0.747392480890,0.363299239289
599338.826,EarthReturn,-79211.772962262,-250106.118558785,-148259.959555886,40390.631,-354253.906,-188522.217,0.453306202252,0.748245476914,0.363810468311
599578.826,EarthReturn,-79102.942922524,-249926.437149346,-148172.583610497,40621.318,-354232.150,-188501.602,0.453610818683,0.749099827903,0.364322552722
599818.826,EarthReturn,-78994.039758164,-249746.550532673,-148085.084661930,40851.984,-354210.217,-188480.893,0.453915574246,0.749955537873,0.364835495244
600058.826,EarthReturn,-78885.063435687,-249566.458382126,-147997.462503912,41082.649,-354188.284,-188460.184,0.454220469793,0.750812610860,0.365349298612
600298.826,EarthReturn,-78776.013921396,-249386.160370094,-147909.716929509,41313.279,-354166.055,-188439.317,0.454525506176,0.751671050919,0.365863965574
600538.826,EarthReturn,-78666.891181388,-249205.656167992,-147821.847731127,41543.906,-354143.807,-188418.440,0.454830684247,0.752530862130,0.366379498895
600778.826,EarthReturn,-78557.695181555,-249024.945446252,-147733.854700509,41774.517,-354121.420,-188397.490,0.455136004855,0.753392048591,0.366895901351
601018.826,EarthReturn,-78448.425887586,-248844.027874319,-147645.737628725,42005.106,-354098.857,-188376.445,0.455441468853,0.754254614421,0.367413175733
601258.826,EarthReturn,-78339.083264966,-248662.903120649,-147557.496306178,42235.695,-354076.293,-188355.400,0.455747077091,0.755118563763,0.367931324846
601351.548,EarthReturn,-78296.820009046,-248592.871527205,-147523.371687335,42324.768,-354067.473,-188347.215,0.455865185096,0.755452714784,0.368131742292
601591.548,EarthReturn,-78187.375670388,-248411.458998575,-147434.957762812,42555.318,-354044.595,-188326.003,0.456170994702,0.756318589035,0.368651108749
601831.548,EarthReturn,-78077.857919888,-248229.838492990,-147346.419084617,42785.868,-354021.716,-188304.790,0.456476950577,0.757185856768,0.369171356688
602071.548,EarthReturn,-77968.266722341,-248048.009675511,-147257.755440854,43016.385,-353998.577,-188283.440,0.456783053570,0.758054522197,0.369692488966
602311.548,EarthReturn,-77858.602042337,-247865.972210181,-147168.966618937,43246.895,-353975.383,-188262.059,0.457089304530,0.758924589558,0.370214508449
602551.548,EarthReturn,-77748.863844261,-247683.725760028,-147080.052405592,43477.392,-353952.087,-188240.625,0.457395704307,0.759796063110,0.370737418021
602791.548,EarthReturn,-77639.052092297,-247501.269987051,-146991.012586849,43707.862,-353928.577,-188219.077,0.457702253749,0.760668947134,0.371261220579
603031.548,EarthReturn,-77529.166750421,-247318.604552221,-146901.846948042,43938.332,-353905.068,-188197.529,0.458008953706,0.761543245932,0.371785919036
603271.548,EarthReturn,-77419.207782408,-247135.729115475,-146812.555273805,44168.768,-353881.299,-188175.843,0.458315805027,0.762418963830,0.372311516320
603511.548,EarthReturn,-77309.175151831,-246952.643335707,-146723.137348067,44399.198,-353857.475,-188154.127,0.458622808560,0.763296105176,0.372838015373
603751.548,EarthReturn,-77199.068822055,-246769.346870765,-146633.592954048,44629.614,-353833.548,-188132.357,0.458929965153,0.764174674339,0.373365419152
603991.548,EarthReturn,-77088.888756244,-246585.839377447,-146543.921874258,44860.002,-353809.408,-188110.474,0.459237275656,0.765054675713,0.373893730630
604231.548,EarthReturn,-76978.634917360,-246402.120511493,-146454.123890491,45090.390,-353785.269,-188088.591,0.459544740916,0.765936113713,0.374422952794
604471.548,EarthReturn,-76868.307268157,-246218.189927580,-146364.198783822,45320.744,-353760.869,-188066.570,0.459852361781,0.766818992780,0.374953088649
604711.548,EarthReturn,-76757.905771188,-246034.047279317,-146274.146334603,45551.090,-353736.414,-188044.519,0.460160139100,0.767703317373,0.375484141213
604951.548,EarthReturn,-76647.430388804,-245849.692219240,-146183.966322460,45781.423,-353711.857,-188022.414,0.460468073721,0.768589091980,0.376016113519
605191.548,EarthReturn,-76536.881083150,-245665.124398804,-146093.658526290,46011.728,-353687.087,-188000.195,0.460776166492,0.769476321109,0.376549008618
605431.548,EarthReturn,-76426.257816168,-245480.343468383,-146003.222724255,46242.032,-353662.317,-187977.977,0.461084418261,0.770365009292,0.377082829575
605671.548,EarthReturn,-76315.560549597,-245295.349077255,-145912.658693779,46472.301,-353637.288,-187955.620,0.461392829876,0.771255161085,0.377617579472
605911.548,EarthReturn,-76204.789244972,-245110.140873607,-145821.966211545,46702.563,-353612.203,-187933.235,0.461701402185,0.772146781068,0.378153261406
606151.548,EarthReturn,-76093.943863625,-244924.718504519,-145731.145053492,46932.810,-353587.015,-187910.794,0.462010136035,0.773039873844,0.378689878490
606391.548,EarthReturn,-75983.024366684,-244739.081615968,-145640.194994808,47163.029,-353561.615,-187888.241,0.462319032276,0.773934444042,0.379227433853
606631.548,EarthReturn,-75872.030715074,-244553.229852814,-145549.115809929,47393.247,-353536.215,-187865.688,0.462628091755,0.774830496313,0.379765930642
606871.548,EarthReturn,-75760.962869515,-244367.162858798,-145457.907272533,47623.430,-353510.555,-187842.996,0.462937315321,0.775728035334,0.380305372018
607111.548,EarthReturn,-75649.820790525,-244180.880276537,-145366.569155539,47853.605,-353484.840,-187820.275,0.463246703821,0.776627065805,0.380845761160
607351.548,EarthReturn,-75538.604438418,-243994.381747517,-145275.101231099,48083.765,-353459.022,-187797.500,0.463556258103,0.777527592453,0.381387101261
607591.548,EarthReturn,-75427.313773305,-243807.666912086,-145183.503270600,48313.896,-353432.992,-187774.612,0.463865979017,0.778429620028,0.381929395535
607831.548,EarthReturn,-75315.948755092,-243620.735409448,-145091.775044651,48544.026,-353406.961,-187751.723,0.464175867410,0.779333153304,0.382472647208
608071.548,EarthReturn,-75204.509343482,-243433.586877660,-144999.916323088,48774.120,-353380.671,-187728.697,0.464485924132,0.780238197083,0.383016859527
608311.548,EarthReturn,-75092.995497974,-243246.220953622,-144907.926874965,49004.206,-353354.326,-187705.641,0.464796150031,0.781144756190,0.383562035753
608551.548,EarthReturn,-74981.407177865,-243058.637273075,-144815.806468552,49234.277,-353327.879,-187682.531,0.465106545955,0.782052835475,0.384108179165
608791.548,EarthReturn,-74869.744342246,-242870.835470590,-144723.554871327,49464.318,-353301.218,-187659.308,0.465417112754,0.782962439817,0.384655293059
609031.548,EarthReturn,-74758.006950005,-242682.815179566,-144631.171849980,49694.358,-353274.558,-187636.085,0.465727851277,0.783873574117,0.385203380749
609271.548,EarthReturn,-74646.194959827,-242494.576032223,-144538.657170398,49924.361,-353247.638,-187612.724,0.466038762373,0.784786243302,0.385752445565
609511.548,EarthReturn,-74534.308330192,-242306.117659594,-144446.010597670,50154.356,-353220.662,-187589.334,0.466349846892,0.785700452328,0.386302490857
609751.548,EarthReturn,-74422.347019377,-242117.439691520,-144353.231896079,50384.336,-353193.585,-187565.889,0.466661105683,0.786616206175,0.386853519988
609991.548,EarthReturn,-74310.310985455,-241928.541756643,-144260.320829098,50614.285,-353166.294,-187542.331,0.466972539597,0.787533509849,0.387405536344
610231.548,EarthReturn,-74198.200186293,-241739.423482403,-144167.277159384,50844.233,-353139.004,-187518.773,0.467284149483,0.788452368384,0.387958543326
610471.548,EarthReturn,-74086.014579557,-241550.084495026,-144074.100648778,51074.143,-353111.454,-187495.078,0.467595936192,0.789372786838,0.388512544353
610711.548,EarthReturn,-73973.754122707,-241360.524419520,-143980.791058296,51304.045,-353083.848,-187471.353,0.467907900574,0.790294770300,0.389067542861
610951.548,EarthReturn,-73861.418772999,-241170.742879672,-143887.348148129,51533.932,-353056.141,-187447.573,0.468220043481,0.791218323882,0.389623542308
611191.548,EarthReturn,-73749.008487486,-240980.739498036,-143793.771677636,51763.786,-353028.221,-187423.681,0.468532365763,0.792143452725,0.390180546166
611431.548,EarthReturn,-73636.523223015,-240790.513895930,-143700.061405338,51993.641,-353000.300,-187399.789,0.468844868272,0.793070161997,0.390738557928
611671.548,EarthReturn,-73523.962936229,-240600.065693428,-143606.217088917,52223.456,-352972.121,-187375.759,0.469157551860,0.793998456893,0.391297581104
611911.548,EarthReturn,-73411.327583568,-240409.394509354,-143512.238485212,52453.263,-352943.885,-187351.699,0.469470417378,0.794928342637,0.391857619223
612151.548,EarthReturn,-73298.617121265,-240218.499961274,-143418.125350211,52683.054,-352915.548,-187327.585,0.469783465679,0.795859824480,0.392418675835
612391.548,EarthReturn,-73185.831505351,-240027.381665493,-143323.877439047,52912.813,-352886.998,-187303.359,0.470096697616,0.796792907699,0.392980754505
612631.548,EarthReturn,-73072.970691650,-239836.039237044,-143229.494505997,53142.571,-352858.448,-187279.132,0.470410114041,0.797727597604,0.393543858820
612871.548,EarthReturn,-72960.034635784,-239644.472289682,-143134.976304473,53372.289,-352829.638,-187254.767,0.470723715807,0.798663899528,0.394107992385
613111.548,EarthReturn,-72847.023293167,-239452.680435880,-143040.322587022,53601.999,-352800.773,-187230.374,0.471037503769,0.799601818836,0.394673158824
613351.548,EarthReturn,-72733.936619011,-239260.663286819,-142945.533105316,53831.693,-352771.806,-187205.926,0.471351478781,0.800541360920,0.395239361781
613591.548,EarthReturn,-72620.774568320,-239068.420452383,-142850.607610153,54061.353,-352742.627,-187181.365,0.471665641696,0.801482531201,0.395806604918
613831.548,EarthReturn,-72507.537095896,-238875.951541151,-142755.545851446,54291.014,-352713.447,-187156.804,0.471979993370,0.802425335131,0.396374891920
614071.548,EarthReturn,-72394.224156334,-238683.256160390,-142660.347578226,54520.633,-352684.008,-187132.105,0.472294534657,0.803369778188,0.396944226487
614311.548,EarthReturn,-72280.835704023,-238490.333916049,-142565.012538629,54750.244,-352654.513,-187107.377,0.472609266414,0.804315865882,0.397514612344
614551.548,EarthReturn,-72167.371693149,-238297.184412752,-142469.540479899,54979.838,-352624.916,-187082.595,0.472924189496,0.805263603752,0.398086053231
614791.548,EarthReturn,-72053.832077691,-238103.807253789,-142373.931148375,55209.398,-352595.107,-187057.700,0.473239304759,0.806212997366,0.398658552913
615031.548,EarthReturn,-71940.216811421,-237910.202041109,-142278.184289494,55438.959,-352565.298,-187032.805,0.473554613061,0.807164052322,0.399232115171
615271.548,EarthReturn,-71826.525847910,-237716.368375317,-142182.299647783,55668.477,-352535.229,-187007.772,0.473870115259,0.808116774249,0.399806743809
615511.548,EarthReturn,-71712.759140517,-237522.305855659,-142086.276966850,55897.986,-352505.105,-186982.710,0.474185812210,0.809071168807,0.400382442652
615751.548,EarthReturn,-71598.916642400,-237328.014080024,-141990.115989386,56127.479,-352474.879,-186957.593,0.474501704773,0.810027241683,0.400959215543
615991.548,EarthReturn,-71484.998306508,-237133.492644928,-141893.816457156,56356.937,-352444.440,-186932.364,0.474817793806,0.810984998600,0.401537066348
616231.548,EarthReturn,-71371.004085587,-236938.741145513,-141797.378110995,56586.395,-352414.001,-186907.135,0.475134080168,0.811944445307,0.402115998953
616471.548,EarthReturn,-71256.933932173,-236743.759175535,-141700.800690802,56815.811,-352383.303,-186881.769,0.475450564720,0.812905587588,0.402696017267
616711.548,EarthReturn,-71142.787798597,-236548.546327360,-141604.083935536,57045.217,-352352.550,-186856.373,0.475767248321,0.813868431255,0.403277125217
616951.548,EarthReturn,-71028.565636986,-236353.102191954,-141507.227583211,57274.606,-352321.694,-186830.923,0.476084131831,0.814832982155,0.403859326753
617191.548,EarthReturn,-70914.267399257,-236157.426358877,-141410.231370890,57503.960,-352290.626,-186805.360,0.476401216113,0.815799246163,0.404442625849
617431.548,EarthReturn,-70799.893037121,-235961.518416275,-141313.095034680,57733.314,-352259.558,-186779.797,0.476718502027,0.816767229190,0.405027026496
617671.548,EarthReturn,-70685.442502084,-235765.377950869,-141215.818309726,57962.624,-352228.230,-186754.096,0.477035990436,0.817736937176,0.405612532710
617911.548,EarthReturn,-70570.915745443,-235569.004547956,-141118.400930210,58191.925,-352196.847,-186728.367,0.477353682202,0.818708376094,0.406199148529
618151.548,EarthReturn,-70456.312718289,-235372.397791390,-141020.842629340,58421.209,-352165.363,-186702.583,0.477671578190,0.819681551950,0.406786878011
618391.548,EarthReturn,-70341.633371505,-235175.557263582,-140923.143139346,58650.456,-352133.665,-186676.686,0.477989679262,0.820656470784,0.407375725238
618631.548,EarthReturn,-70226.877655768,-234978.482545489,-140825.302191477,58879.704,-352101.968,-186650.790,0.478307986284,0.821633138667,0.407965694315
618871.548,EarthReturn,-70112.045521544,-234781.173216609,-140727.319515996,59108.907,-352070.011,-186624.755,0.478626500120,0.822611561704,0.408556789368
619111.548,EarthReturn,-69997.136919096,-234583.628854968,-140629.194842171,59338.101,-352037.999,-186598.692,0.478945221635,0.823591746033,0.409149014546
619351.548,EarthReturn,-69882.151798476,-234385.849037116,-140530.927898271,59567.277,-352005.885,-186572.575,0.479264151697,0.824573697827,0.409742374021
619591.548,EarthReturn,-69767.090109528,-234187.833338118,-140432.518411562,59796.416,-351973.559,-186546.344,0.479583291171,0.825557423292,0.410336871989
619831.548,EarthReturn,-69651.951801891,-233989.581331543,-140333.966108299,60025.555,-351941.232,-186520.114,0.479902640925,0.826542928668,0.410932512669
620071.548,EarthReturn,-69536.736824992,-233791.092589462,-140235.270713724,60254.649,-351908.647,-186493.747,0.480222201828,0.827530220229,0.411529300303
620311.548,EarthReturn,-69421.445128052,-233592.366682434,-140136.431952056,60483.734,-351876.006,-186467.350,0.480541974747,0.828519304285,0.412127239155
620551.548,EarthReturn,-69306.076660083,-233393.403179498,-140037.449546489,60712.800,-351843.263,-186440.899,0.480861960553,0.829510187179,0.412726333516
620791.548,EarthReturn,-69190.631369886,-233194.201648170,-139938.323219183,60941.829,-351810.307,-186414.336,0.481182160114,0.830502875290,0.413326587697
621031.548,EarthReturn,-69075.109206058,-232994.761654429,-139839.052691262,61170.858,-351777.352,-186387.772,0.481502574302,0.831497375032,0.413928006037
621271.548,EarthReturn,-68959.510116981,-232795.082762709,-139739.637682804,61399.841,-351744.137,-186361.071,0.481823203988,0.832493692855,0.414530592896
621511.548,EarthReturn,-68843.834050834,-232595.164535893,-139640.077912839,61628.814,-351710.867,-186334.341,0.482144050043,0.833491835244,0.415134352660
621751.548,EarthReturn,-68728.080955581,-232395.006535304,-139540.373099342,61857.769,-351677.495,-186307.557,0.482465113340,0.834491808721,0.415739289740
621991.548,EarthReturn,-68612.250778981,-232194.608320695,-139440.522959224,62086.685,-351643.911,-186280.660,0.482786394753,0.835493619843,0.416345408570
622231.548,EarthReturn,-68496.343468581,-231993.969450241,-139340.527208331,62315.602,-351610.327,-186253.763,0.483107895155,0.836497275204,0.416952713610
622471.548,EarthReturn,-68380.358971718,-231793.089480528,-139240.385561436,62544.471,-351576.483,-186226.729,0.483429615420,0.837502781435,0.417561209345
622711.548,EarthReturn,-68264.297235520,-231591.967966549,-139140.097732229,62773.331,-351542.585,-186199.666,0.483751556424,0.838510145204,0.418170900285
622951.548,EarthReturn,-68148.158206905,-231390.604461691,-139039.663433320,63002.172,-351508.584,-186172.549,0.484073719044,0.839519373215,0.418781790965
623191.548,EarthReturn,-68031.941832580,-231188.998517727,-138939.082376222,63230.974,-351474.371,-186145.319,0.484396104154,0.840530472211,0.419393885947
623431.548,EarthReturn,-67915.648059041,-230987.149684808,-138838.354271354,63459.776,-351440.158,-186118.089,0.484718712634,0.841543448972,0.420007189818
623671.548,EarthReturn,-67799.276832576,-230785.057511454,-138737.478828030,63688.530,-351405.686,-186090.722,0.485041545361,0.842558310316,0.420621707189
623911.548,EarthReturn,-67682.828099258,-230582.721544542,-138636.455754452,63917.274,-351371.159,-186063.326,0.485364603214,0.843575063100,0.421237442701
624151.548,EarthReturn,-67566.301804953,-230380.141329300,-138535.284757709,64145.999,-351336.530,-186035.875,0.485687887072,0.844593714218,0.421854401019
624391.548,EarthReturn,-67449.697895313,-230177.316409296,-138433.965543763,64374.685,-351301.688,-186008.313,0.486011397815,0.845614270604,0.422472586834
624631.548,EarthReturn,-67333.016315780,-229974.246326431,-138332.497817451,64603.371,-351266.847,-185980.750,0.486335136325,0.846636739230,0.423092004865
624871.548,EarthReturn,-67216.257011585,-229770.930620925,-138230.881282471,64832.008,-351231.746,-185953.050,0.486659103484,0.847661127109,0.423712659857
625111.548,EarthReturn,-67099.419927745,-229567.368831314,-138129.115641381,65060.634,-351196.590,-185925.321,0.486983300174,0.848687441292,0.424334556584
625351.548,EarthReturn,-66982.505009068,-229363.560494434,-138027.200595589,65289.242,-351161.333,-185897.538,0.487307727278,0.849715688871,0.424957699844
625591.548,EarthReturn,-66865.512200148,-229159.505145414,-137925.135845347,65517.809,-351125.863,-185869.642,0.487632385680,0.850745876977,0.425582094465
625831.548,EarthReturn,-66748.441445367,-228955.202317669,-137822.921089748,65746.376,-351090.393,-185841.747,0.487957276265,0.851778012782,0.426207745303
626071.548,EarthReturn,-66631.292688896,-228750.651542886,-137720.556026714,65974.893,-351054.664,-185813.714,0.488282399918,0.852812103498,0.426834657240
626311.548,EarthReturn,-66514.065874690,-228545.852351016,-137618.040352992,66203.401,-351018.880,-185785.652,0.488607757527,0.853848156380,0.427462835186
626551.548,EarthReturn,-66396.760946495,-228340.804270267,-137515.373764149,66431.888,-350982.994,-185757.537,0.488933349977,0.854886178723,0.428092284082
626791.548,EarthReturn,-66279.377847843,-228135.506827086,-137412.555954560,66660.334,-350946.896,-185729.308,0.489259178158,0.855926177861,0.428723008896
627031.548,EarthReturn,-66161.916522050,-227929.959546159,-137309.586617406,66888.781,-350910.797,-185701.080,0.489585242957,0.856968161175,0.429355014622
627271.548,EarthReturn,-66044.376912223,-227724.161950394,-137206.465444666,67117.177,-350874.440,-185672.715,0.489911545264,0.858012136085,0.429988306288
627511.548,EarthReturn,-65926.758961252,-227518.113560914,-137103.192127108,67345.563,-350838.028,-185644.321,0.490238085969,0.859058110053,0.430622888947
627751.548,EarthReturn,-65809.062611814,-227311.813897044,-136999.766354285,67573.928,-350801.514,-185615.873,0.490564865964,0.860106090585,0.431258767684
627991.548,EarthReturn,-65691.287806374,-227105.262476304,-136896.187814525,67802.252,-350764.788,-185587.312,0.490891886140,0.861156085230,0.431895947612
628231.548,EarthReturn,-65573.434487181,-226898.458814397,-136792.456194925,68030.576,-350728.061,-185558.752,0.491219147390,0.862208101580,0.432534433873
628471.548,EarthReturn,-65455.502596270,-226691.402425198,-136688.571181345,68258.849,-350691.076,-185530.054,0.491546650607,0.863262147271,0.433174231642
628711.548,EarthReturn,-65337.492075461,-226484.092820746,-136584.532458400,68487.111,-350654.036,-185501.327,0.491874396686,0.864318229982,0.433815346121
628951.548,EarthReturn,-65219.402866360,-226276.529511228,-136480.339709451,68715.352,-350616.894,-185472.547,0.492202386522,0.865376357438,0.434457782545
629191.548,EarthReturn,-65101.234910358,-226068.712004975,-136375.992616602,68943.552,-350579.540,-185443.654,0.492530621010,0.866436537406,0.435101546178
629431.548,EarthReturn,-64982.988148631,-225860.639808447,-136271.490860686,69171.751,-350542.185,-185414.761,0.492859101048,0.867498777702,0.435746642315
629671.548,EarthReturn,-64864.662522139,-225652.312426223,-136166.834121264,69399.898,-350504.572,-185385.732,0.493187827533,0.868563086183,0.436393076284
629911.548,EarthReturn,-64746.257971628,-225443.729360992,-136062.022076614,69628.034,-350466.904,-185356.673,0.493516801363,0.869629470753,0.437040853441
630151.548,EarthReturn,-64627.774437625,-225234.890113538,-135957.054403726,69856.150,-350429.134,-185327.560,0.493846023438,0.870697939365,0.437689979176
630391.548,EarthReturn,-64509.211860446,-225025.794182734,-135851.930778290,70084.223,-350391.152,-185298.335,0.494175494658,0.871768500013,0.438340458912
630631.548,EarthReturn,-64390.570180186,-224816.441065526,-135746.650874692,70312.295,-350353.170,-185269.110,0.494505215923,0.872841160741,0.438992298100
630871.548,EarthReturn,-64271.849336727,-224606.830256925,-135641.214366007,70540.315,-350314.930,-185239.749,0.494835188135,0.873915929639,0.439645502227
631111.548,EarthReturn,-64153.049269733,-224396.961249995,-135535.620923987,70768.324,-350276.634,-185210.358,0.495165412197,0.874992814845,0.440300076811
631351.548,EarthReturn,-64034.169918652,-224186.833535840,-135429.870219057,70996.311,-350238.236,-185180.913,0.495495889012,0.876071824543,0.440956027403
631582.916,EarthReturn,-63911.503528000,-223983.692909000,-135336.712143000,71216.057,-350201.015,-185152.419,0.495954755000,0.877098683000,0.441406737000
631822.916,EarthReturn,-63792.434680292,-223773.059287141,-135230.695510320,71444.000,-350162.406,-185122.862,0.496285685005,0.878181856587,0.442065433661
632062.916,EarthReturn,-63673.286378792,-223562.165445940,-135124.520623419,71671.893,-350123.549,-185093.175,0.496616870085,0.879267178898,0.442725523124
632302.916,EarthReturn,-63554.058562172,-223351.010868702,-135018.187147342,71899.772,-350084.626,-185063.452,0.496948311147,0.880354658306,0.443387011071
632542.916,EarthReturn,-63434.751168890,-223139.595036712,-134911.694745768,72127.632,-350045.612,-185033.682,0.497280009094,0.881444303238,0.444049903222
632782.916,EarthReturn,-63315.364137184,-222927.917429228,-134805.043080999,72355.445,-350006.375,-185003.793,0.497611964833,0.882536122166,0.444714205327
633022.916,EarthReturn,-63195.897405075,-222715.977523471,-134698.231813952,72583.258,-349967.138,-184973.905,0.497944179272,0.883630123615,0.445379923175
633262.916,EarthReturn,-63076.350910365,-222503.774794605,-134591.260604150,72811.019,-349927.654,-184943.885,0.498276653318,0.884726316161,0.446047062587
633502.916,EarthReturn,-62956.724590640,-222291.308715736,-134484.129109717,73038.766,-349888.103,-184913.831,0.498609387881,0.885824708428,0.446715629420
633742.916,EarthReturn,-62837.018383268,-222078.578757888,-134376.836987364,73266.493,-349848.462,-184883.729,0.498942383870,0.886925309093,0.447385629565
633982.916,EarthReturn,-62717.232225396,-221865.584390001,-134269.383892386,73494.174,-349808.598,-184853.509,0.499275642196,0.888028126885,0.448057068951
634222.916,EarthReturn,-62597.366053954,-221652.325078911,-134161.769478651,73721.854,-349768.733,-184823.289,0.499609163770,0.889133170585,0.448729953542
634462.916,EarthReturn,-62477.419805654,-221438.800289342,-134053.993398590,73949.481,-349728.622,-184792.938,0.499942949503,0.890240449024,0.449404289337
634702.916,EarthReturn,-62357.393416987,-221225.009483890,-133946.055303190,74177.094,-349688.444,-184762.552,0.500277000309,0.891349971089,0.450080082373
634942.916,EarthReturn,-62237.286824226,-221010.952123014,-133837.954841985,74404.688,-349648.176,-184732.119,0.500611317102,0.892461745718,0.450757338723
635182.916,EarthReturn,-62117.099963426,-220796.627665021,-133729.691663049,74632.233,-349607.685,-184701.567,0.500945900796,0.893575781903,0.451436064498
635422.916,EarthReturn,-61996.832770419,-220582.035566052,-133621.265412981,74859.779,-349567.193,-184671.016,0.501280752306,0.894692088691,0.452116265844
635662.916,EarthReturn,-61876.485180820,-220367.175280073,-133512.675736903,75087.271,-349526.455,-184640.334,0.501615872549,0.895810675183,0.452797948948
635902.916,EarthReturn,-61756.057130023,-220152.046258856,-133403.922278447,75314.748,-349485.650,-184609.617,0.501951262442,0.896931550533,0.453481120032
636142.916,EarthReturn,-61635.548553202,-219936.647951972,-133295.004679748,75542.205,-349444.755,-184578.852,0.502286922902,0.898054723953,0.454165785358
636382.916,EarthReturn,-61514.959385312,-219720.979806772,-133185.922581433,75769.614,-349403.637,-184547.969,0.502622854847,0.899180204709,0.454851951225
636622.916,EarthReturn,-61394.289561083,-219505.041268379,-133076.675622610,75997.022,-349362.519,-184517.086,0.502959059198,0.900308002122,0.455539623972
636862.916,EarthReturn,-61273.539015030,-219288.831779671,-132967.263440865,76224.376,-349321.154,-184486.073,0.503295536874,0.901438125573,0.456228809978
637102.916,EarthReturn,-61152.707681444,-219072.350781267,-132857.685672247,76451.716,-349279.722,-184455.025,0.503632288796,0.902570584496,0.456919515660
637342.916,EarthReturn,-61031.795494395,-218855.597711515,-132747.941951258,76679.035,-349238.200,-184423.929,0.503969315886,0.903705388384,0.457611747474
637582.916,EarthReturn,-60910.802387732,-218638.572006481,-132638.031910849,76906.304,-349196.455,-184392.715,0.504306619065,0.904842546790,0.458305511917
637822.916,EarthReturn,-60789.728295083,-218421.273099926,-132527.955182404,77133.574,-349154.710,-184361.502,0.504644199259,0.905982069321,0.459000815528
637967.703,EarthReturn,-60716.647623594,-218290.048834504,-132461.467417701,77270.654,-349129.404,-184342.606,0.504847988711,0.906670666900,0.459421024831
638207.703,EarthReturn,-60595.443548733,-218072.310722168,-132351.122668594,77497.853,-349087.346,-184311.227,0.505186014960,0.907813999984,0.460118809901
638447.703,EarthReturn,-60474.158314060,-217854.297923358,-132240.610264438,77725.052,-349045.288,-184279.848,0.505524320629,0.908959722486,0.460818151350
638687.703,EarthReturn,-60352.791852403,-217636.009863435,-132129.929830901,77952.189,-349002.950,-184248.322,0.505862906644,0.910107844229,0.461519055862
638927.703,EarthReturn,-60231.344096369,-217417.445965398,-132019.080992041,78179.317,-348960.579,-184216.777,0.506201773932,0.911258375094,0.462221530165
639167.703,EarthReturn,-60109.814978340,-217198.605649865,-131908.063370297,78406.418,-348918.085,-184185.168,0.506540923420,0.912411325028,0.462925581030
639407.703,EarthReturn,-59988.204430477,-216979.488335060,-131796.876586477,78633.475,-348875.401,-184153.458,0.506880356036,0.913566704033,0.463631215268
639647.703,EarthReturn,-59866.512384718,-216760.093436798,-131685.520259750,78860.532,-348832.716,-184121.748,0.507220072709,0.914724522179,0.464338439736
639887.703,EarthReturn,-59744.738772778,-216540.420368472,-131573.994007634,79087.526,-348789.753,-184089.891,0.507560074369,0.915884789594,0.465047261330
640127.703,EarthReturn,-59622.883526148,-216320.468541036,-131462.297445986,79314.511,-348746.755,-184058.016,0.507900361944,0.917047516469,0.465757686995
640367.703,EarthReturn,-59500.946576097,-216100.237362990,-131350.430188992,79541.469,-348703.635,-184026.076,0.508240936368,0.918212713062,0.466469723715
640607.703,EarthReturn,-59378.927853669,-215879.726240364,-131238.391849156,79768.382,-348660.324,-183994.036,0.508581798570,0.919380389690,0.467183378522
640847.703,EarthReturn,-59256.827289686,-215658.934576705,-131126.182037289,79995.295,-348617.014,-183961.995,0.508922949484,0.920550556736,0.467898658491
641087.703,EarthReturn,-59134.644814745,-215437.861773061,-131013.800362498,80222.144,-348573.424,-183929.807,0.509264390042,0.921723224650,0.468615570741
641327.703,EarthReturn,-59012.380359220,-215216.507227963,-130901.246432177,80448.984,-348529.800,-183897.602,0.509606121177,0.922898403944,0.469334122439
641567.703,EarthReturn,-58890.033853259,-214994.870337412,-130788.519851995,80675.796,-348486.054,-183865.332,0.509948143824,0.924076105198,0.470054320796
641807.703,EarthReturn,-58767.605226788,-214772.950494860,-130675.620225882,80902.563,-348442.118,-183832.961,0.510290458918,0.925256339056,0.470776173069
642047.703,EarthReturn,-58645.094409508,-214550.747091200,-130562.547156024,81129.330,-348398.181,-183800.590,0.510633067394,0.926439116232,0.471499686563
642287.703,EarthReturn,-58522.501330893,-214328.259514741,-130449.300242846,81356.032,-348353.966,-183768.072,0.510975970189,0.927624447505,0.472224868628
642527.703,EarthReturn,-58399.825920197,-214105.487151201,-130335.879085005,81582.725,-348309.716,-183735.537,0.511319168238,0.928812343724,0.472951726664
642767.703,EarthReturn,-58277.068106444,-213882.429383685,-130222.283279374,81809.389,-348265.344,-183702.936,0.511662662478,0.930002815803,0.473680268116
643007.703,EarthReturn,-58154.227818437,-213659.085592669,-130108.512421036,82036.009,-348220.782,-183670.235,0.512006453849,0.931195874728,0.474410500478
643247.703,EarthReturn,-58031.304984751,-213435.455155984,-129994.566103269,82262.628,-348176.220,-183637.534,0.512350543288,0.932391531555,0.475142431293
643487.703,EarthReturn,-57908.299533738,-213211.537448801,-129880.443917532,82489.180,-348131.378,-183604.686,0.512694931733,0.933589797407,0.475876068153
643727.703,EarthReturn,-57785.211393523,-212987.331843611,-129766.145453460,82715.724,-348086.503,-183571.821,0.513039620125,0.934790683481,0.476611418699
643967.703,EarthReturn,-57662.040492007,-212762.837710211,-129651.670298847,82942.239,-348041.506,-183538.890,0.513384609404,0.935994201043,0.477348490620
644207.703,EarthReturn,-57538.786756863,-212538.054415684,-129537.018039633,83168.708,-347996.318,-183505.859,0.513729900509,0.937200361433,0.478087291658
644447.703,EarthReturn,-57415.450115541,-212312.981324384,-129422.188259898,83395.177,-347951.130,-183472.828,0.514075494381,0.938409176062,0.478827829605
644687.703,EarthReturn,-57292.030495264,-212087.617797917,-129307.180541843,83621.578,-347905.663,-183439.651,0.514421391963,0.939620656413,0.479570112302
644927.703,EarthReturn,-57168.527823027,-211861.963195123,-129191.994465782,83847.971,-347860.163,-183406.455,0.514767594195,0.940834814046,0.480314147643
645167.703,EarthReturn,-57044.942025603,-211636.016872062,-129076.629610127,84074.334,-347814.540,-183373.195,0.515114102021,0.942051660591,0.481059943574
645407.703,EarthReturn,-56921.273029535,-211409.778181990,-128961.085551379,84300.651,-347768.727,-183339.834,0.515460916382,0.943271207757,0.481807508093
645647.703,EarthReturn,-56797.520761141,-211183.246475346,-128845.361864112,84526.967,-347722.914,-183306.474,0.515808038222,0.944493467326,0.482556849249
645887.703,EarthReturn,-56673.685146514,-210956.421099733,-128729.458120960,84753.216,-347676.822,-183272.966,0.516155468484,0.945718451157,0.483307975148
646127.703,EarthReturn,-56549.766111520,-210729.301399895,-128613.373892609,84979.455,-347630.696,-183239.441,0.516503208113,0.946946171185,0.484060893946
646367.703,EarthReturn,-56425.763581796,-210501.886717707,-128497.108747778,85205.665,-347584.448,-183205.851,0.516851258051,0.948176639423,0.484815613855
646607.703,EarthReturn,-56301.677482754,-210274.176392149,-128380.662253209,85431.827,-347538.010,-183172.161,0.517199619245,0.949409867961,0.485572143140
646847.703,EarthReturn,-56177.507739582,-210046.169759288,-128264.033973655,85657.990,-347491.572,-183138.471,0.517548292638,0.950645868970,0.486330490124
647087.703,EarthReturn,-56053.254277236,-209817.866152266,-128147.223471864,85884.083,-347444.855,-183104.634,0.517897279176,0.951884654698,0.487090663181
647327.703,EarthReturn,-55928.917020450,-209589.264901270,-128030.230308567,86110.167,-347398.105,-183070.779,0.518246579804,0.953126237474,0.487852670746
647567.703,EarthReturn,-55804.495893728,-209360.365333522,-127913.054042466,86336.221,-347351.232,-183036.860,0.518596195468,0.954370629708,0.488616521306
647807.703,EarthReturn,-55679.990821347,-209131.166773254,-127795.694230217,86562.227,-347304.169,-183002.841,0.518946127113,0.955617843889,0.489382223408
648047.703,EarthReturn,-55555.401727359,-208901.668541693,-127678.150426419,86788.233,-347257.106,-182968.821,0.519296375686,0.956867892592,0.490149785654
648287.703,EarthReturn,-55430.728535588,-208671.869957036,-127560.422183599,87014.169,-347209.764,-182934.655,0.519646942132,0.958120788472,0.490919216707
648527.703,EarthReturn,-55305.971169630,-208441.770334434,-127442.509052198,87240.096,-347162.389,-182900.471,0.519997827398,0.959376544267,0.491690525286
648767.703,EarthReturn,-55181.129552856,-208211.368985969,-127324.410580558,87465.992,-347114.891,-182866.223,0.520349032431,0.960635172801,0.492463720168
649007.703,EarthReturn,-55056.203608407,-207980.665220638,-127206.126314906,87691.840,-347067.204,-182831.874,0.520700558176,0.961896686982,0.493238810193
649247.703,EarthReturn,-54931.193259198,-207749.658344327,-127087.655799342,87917.687,-347019.516,-182797.526,0.521052405581,0.963161099803,0.494015804259
649487.703,EarthReturn,-54806.098427919,-207518.347659795,-126968.998575822,88143.464,-346971.550,-182763.030,0.521404575593,0.964428424343,0.494794711323
649727.703,EarthReturn,-54680.919037030,-207286.732466652,-126850.154184145,88369.232,-346923.550,-182728.517,0.521757069157,0.965698673771,0.495575540405
649967.703,EarthReturn,-54555.655008764,-207054.812061334,-126731.122161940,88594.968,-346875.428,-182693.940,0.522109887221,0.966971861340,0.496358300586
650207.703,EarthReturn,-54430.306265128,-206822.585737090,-126611.902044645,88820.655,-346827.117,-182659.263,0.522463030731,0.968248000393,0.497143001010
650447.703,EarthReturn,-54304.872727902,-206590.052783953,-126492.493365499,89046.343,-346778.805,-182624.585,0.522816500634,0.969527104362,0.497929650882
650687.703,EarthReturn,-54179.354318637,-206357.212488721,-126372.895655524,89271.958,-346730.214,-182589.761,0.523170297876,0.970809186771,0.498718259471
650927.703,EarthReturn,-54053.750958658,-206124.064134939,-126253.108443509,89497.564,-346681.590,-182554.919,0.523524423403,0.972094261232,0.499508836110
651167.703,EarthReturn,-53928.062569065,-205890.607002869,-126133.131255996,89723.139,-346632.844,-182520.013,0.523878878163,0.973382341450,0.500301390197
651407.703,EarthReturn,-53802.289070726,-205656.840369478,-126012.963617262,89948.663,-346583.908,-182485.007,0.524233663100,0.974673441223,0.501095931192
651647.703,EarthReturn,-53676.430384287,-205422.763508407,-125892.605049309,90174.188,-346534.972,-182450.001,0.524588779160,0.975967574440,0.501892468623
651887.703,EarthReturn,-53550.486430164,-205188.375689953,-125772.055071841,90399.640,-346485.758,-182414.848,0.524944227289,0.977264755087,0.502691012085
652127.703,EarthReturn,-53424.457128547,-204953.676181045,-125651.313202253,90625.083,-346436.510,-182379.678,0.525300008433,0.978564997241,0.503491571237
652367.703,EarthReturn,-53298.342399399,-204718.664245223,-125530.378955614,90850.494,-346387.140,-182344.443,0.525656123535,0.979868315080,0.504294155807
652607.703,EarthReturn,-53172.142162458,-204483.339142611,-125409.251844649,91075.854,-346337.580,-182309.109,0.526012573541,0.981174722873,0.505098775589
652847.703,EarthReturn,-53045.856337232,-204247.700129898,-125287.931379725,91301.215,-346288.020,-182273.774,0.526369359394,0.982484234990,0.505905440448
653087.703,EarthReturn,-52919.484843005,-204011.746460312,-125166.417068833,91526.501,-346238.182,-182238.293,0.526726482039,0.983796865898,0.506714160317
653327.703,EarthReturn,-52793.027598835,-203775.477383599,-125044.708417572,91751.778,-346188.311,-182202.795,0.527083942418,0.985112630163,0.507524945198
653567.703,EarthReturn,-52666.484523551,-203538.892145993,-124922.804929131,91977.023,-346138.317,-182167.232,0.527441741474,0.986431542451,0.508337805164
653807.703,EarthReturn,-52539.855535758,-203301.989990199,-124800.706104275,92202.217,-346088.134,-182131.569,0.527799880149,0.987753617528,0.509152750359
654047.703,EarthReturn,-52413.140553834,-203064.770155367,-124678.411441324,92427.411,-346037.950,-182095.906,0.528158359384,0.989078870264,0.509969790999
654287.703,EarthReturn,-52286.339495933,-202827.231877063,-124555.920436137,92652.530,-345987.489,-182060.097,0.528517180121,0.990407315630,0.510788937371
654527.703,EarthReturn,-52159.452279981,-202589.374387249,-124433.232582098,92877.640,-345936.994,-182024.270,0.528876343299,0.991738968700,0.511610199836
654767.703,EarthReturn,-52032.478823679,-202351.196914256,-124310.347370094,93102.716,-345886.377,-181988.379,0.529235849859,0.993073844653,0.512433588829
655007.703,EarthReturn,-51905.419044503,-202112.698682762,-124187.264288497,93327.742,-345835.570,-181952.388,0.529595700737,0.994411958776,0.513259114859
655247.703,EarthReturn,-51778.272859705,-201873.878913760,-124063.982823152,93552.767,-345784.763,-181916.397,0.529955896874,0.995753326457,0.514086788508
655487.703,EarthReturn,-51651.040186309,-201634.736824538,-123940.502457352,93777.717,-345733.678,-181880.260,0.530316439204,0.997097963197,0.514916620436
655727.703,EarthReturn,-51523.720941116,-201395.271628652,-123816.822671822,94002.657,-345682.560,-181844.105,0.530677328665,0.998445884601,0.515748621380
655967.703,EarthReturn,-51396.315040704,-201155.482535899,-123692.942944703,94227.564,-345631.320,-181807.886,0.531038566191,0.999797106385,0.516582802151
656207.703,EarthReturn,-51268.822401425,-200915.368752291,-123568.862751532,94452.418,-345579.890,-181771.568,0.531400152717,1.001151644376,0.517419173641
656447.703,EarthReturn,-51141.242939406,-200674.929480027,-123444.581565221,94677.273,-345528.460,-181735.249,0.531762089175,1.002509514511,0.518257746819
656687.703,EarthReturn,-51013.576570552,-200434.163917471,-123320.098856040,94902.051,-345476.753,-181698.784,0.532124376497,1.003870732839,0.519098532732
656927.703,EarthReturn,-50885.823210543,-200193.071259117,-123195.414091600,95126.820,-345425.011,-181662.302,0.532487015614,1.005235315523,0.519941542509
657167.703,EarthReturn,-50757.982774839,-199951.650695569,-123070.526736830,95351.554,-345373.148,-181625.755,0.532850007456,1.006603278841,0.520786787360
657407.703,EarthReturn,-50630.055178673,-199709.901413511,-122945.436253959,95576.236,-345321.096,-181589.109,0.533213352949,1.007974639186,0.521634278574
657647.703,EarthReturn,-50502.040337057,-199467.822595677,-122820.142102496,95800.919,-345269.043,-181552.463,0.533577053022,1.009349413065,0.522484027526
657887.703,EarthReturn,-50373.938164781,-199225.413420827,-122694.643739211,96025.523,-345216.713,-181515.670,0.533941108600,1.010727617106,0.523336045670
658127.703,EarthReturn,-50245.748576414,-198982.673063714,-122568.940618116,96250.118,-345164.349,-181478.860,0.534305520607,1.012109268053,0.524190344546
658367.703,EarthReturn,-50117.471486302,-198739.600695060,-122443.032190441,96474.679,-345111.863,-181441.986,0.534670289964,1.013494382772,0.525046935779
658607.703,EarthReturn,-49989.106808570,-198496.195481524,-122316.917904617,96699.186,-345059.188,-181405.013,0.535035417593,1.014882978247,0.525905831078
658847.703,EarthReturn,-49860.654457122,-198252.456585673,-122190.597206255,96923.693,-345006.513,-181368.039,0.535400904413,1.016275071587,0.526767042239
659087.703,EarthReturn,-49732.114345643,-198008.383165955,-122064.069538123,97148.122,-344953.561,-181330.920,0.535766751342,1.017670680021,0.527630581146
659327.703,EarthReturn,-49603.486387596,-197763.974376667,-121937.334340128,97372.541,-344900.574,-181293.783,0.536132959294,1.019069820903,0.528496459769
659567.703,EarthReturn,-49474.770496227,-197519.229367927,-121810.391049292,97596.926,-344847.466,-181256.581,0.536499529185,1.020472511715,0.529364690168
659807.703,EarthReturn,-49345.966584560,-197274.147285642,-121683.239099733,97821.257,-344794.169,-181219.281,0.536866461926,1.021878770062,0.530235284493
660047.703,EarthReturn,-49217.074565402,-197028.727271476,-121555.877922642,98045.587,-344740.872,-181181.980,0.537233758426,1.023288613678,0.531108254982
660287.703,EarthReturn,-49088.094351342,-196782.968462826,-121428.306946262,98269.838,-344687.297,-181144.534,0.537601419594,1.024702060426,0.531983613967
660527.703,EarthReturn,-48959.025854751,-196536.869992782,-121300.525595865,98494.080,-344633.689,-181107.069,0.537969446336,1.026119128299,0.532861373871
660767.703,EarthReturn,-48829.868987782,-196290.430990103,-121172.533293730,98718.286,-344579.959,-181069.541,0.538337839554,1.027539835422,0.533741547210
661007.703,EarthReturn,-48700.623662374,-196043.650579180,-121044.329459121,98942.438,-344526.039,-181031.914,0.538706600151,1.028964200050,0.534624146595
661247.703,EarthReturn,-48571.289790248,-195796.527880007,-120915.913508264,99166.590,-344472.120,-180994.286,0.539075729025,1.030392240576,0.535509184731
661487.703,EarthReturn,-48441.867282908,-195549.062008150,-120787.284854326,99390.661,-344417.924,-180956.513,0.539445227073,1.031823975524,0.536396674418
661727.703,EarthReturn,-48312.356051647,-195301.252074709,-120658.442907388,99614.723,-344363.694,-180918.722,0.539815095188,1.033259423557,0.537286628555
661967.703,EarthReturn,-48182.756007542,-195053.097186292,-120529.387074424,99838.749,-344309.342,-180880.867,0.540185334261,1.034698603475,0.538179060137
662207.703,EarthReturn,-48053.067061454,-194804.596444976,-120400.116759279,100062.720,-344254.801,-180842.913,0.540555945183,1.036141534217,0.539073982259
662447.703,EarthReturn,-47923.289124035,-194555.748948276,-120270.631362642,100286.691,-344200.260,-180804.959,0.540926928838,1.037588234861,0.539971408113
662687.703,EarthReturn,-47793.422105723,-194306.553789113,-120140.930282023,100510.581,-344145.442,-180766.859,0.541298286109,1.039038724629,0.540871350995
662927.703,EarthReturn,-47663.465916743,-194057.010055776,-120011.012911731,100734.461,-344090.590,-180728.741,0.541670017876,1.040493022884,0.541773824300
663167.703,EarthReturn,-47533.420467112,-193807.116831889,-119880.878642845,100958.305,-344035.617,-180690.560,0.542042125017,1.041951149135,0.542678841528
663407.703,EarthReturn,-47403.285666635,-193556.873196379,-119750.526863196,101182.093,-343980.455,-180652.279,0.542414608406,1.043413123036,0.543586416280
663647.703,EarthReturn,-47273.061424908,-193306.278223437,-119619.956957333,101405.881,-343925.293,-180613.999,0.542787468912,1.044878964388,0.544496562264
663887.703,EarthReturn,-47142.747651319,-193055.330982481,-119489.168306506,101629.587,-343869.853,-180575.573,0.543160707403,1.046348693142,0.545409293292
664127.703,EarthReturn,-47012.344255046,-192804.030538129,-119358.160288636,101853.283,-343814.381,-180537.129,0.543534324744,1.047822329397,0.546324623284
664367.703,EarthReturn,-46881.851145065,-192552.375950151,-119226.932278290,102076.943,-343758.786,-180498.621,0.543908321794,1.049299893405,0.547242566268
664607.703,EarthReturn,-46751.268230140,-192300.366273442,-119095.483646657,102300.546,-343703.003,-180460.015,0.544282699410,1.050781405571,0.548163136379
664847.703,EarthReturn,-46620.595418834,-192048.000557980,-118963.813761518,102524.149,-343647.220,-180421.408,0.544657458446,1.052266886455,0.549086347865
665087.703,EarthReturn,-46489.832619505,-191795.277848789,-118831.921987224,102747.669,-343591.160,-180382.656,0.545032599749,1.053756356771,0.550012215082
665327.703,EarthReturn,-46358.979740306,-191542.197185906,-118699.807684663,102971.179,-343535.066,-180343.886,0.545408124166,1.055249837394,0.550940752500
665567.703,EarthReturn,-46228.036689189,-191288.757604334,-118567.470211241,103194.652,-343478.851,-180305.052,0.545784032538,1.056747349354,0.551871974703
665807.703,EarthReturn,-46097.003373904,-191034.958134013,-118434.908920848,103418.069,-343422.447,-180266.120,0.546160325701,1.058248913846,0.552805896388
666047.703,EarthReturn,-45965.879702002,-190780.797799777,-118302.123163832,103641.485,-343366.042,-180227.187,0.546537004489,1.059754552224,0.553742532369
666287.703,EarthReturn,-45834.665580833,-190526.275621314,-118169.112286973,103864.817,-343309.362,-180188.109,0.546914069728,1.061264286008,0.554681897575
666527.703,EarthReturn,-45703.360917550,-190271.390613127,-118035.875633454,104088.139,-343252.648,-180149.013,0.547291522244,1.062778136883,0.555624007057
666767.703,EarthReturn,-45571.965619108,-190016.141784495,-117902.412542831,104311.424,-343195.812,-180109.854,0.547669362855,1.064296126701,0.556568875980
667007.703,EarthReturn,-45440.479592267,-189760.528139433,-117768.722351005,104534.652,-343138.787,-180070.596,0.548047592374,1.065818277484,0.557516519634
667247.703,EarthReturn,-45308.902743591,-189504.548676651,-117634.804390195,104757.879,-343081.763,-180031.337,0.548426211613,1.067344611422,0.558466953429
667487.703,EarthReturn,-45177.234979451,-189248.202389510,-117500.657988905,104981.021,-343024.462,-179991.934,0.548805221374,1.068875150880,0.559420192898
667727.703,EarthReturn,-45045.476206026,-188991.488265984,-117366.282471898,105204.153,-342967.127,-179952.513,0.549184622457,1.070409918397,0.560376253698
667967.703,EarthReturn,-44913.626329303,-188734.405288618,-117231.677160162,105427.248,-342909.671,-179913.028,0.549564415655,1.071948936686,0.561335151613
668207.703,EarthReturn,-44781.685255079,-188476.952434482,-117096.841370882,105650.284,-342852.027,-179873.444,0.549944601757,1.073492228640,0.562296902552
668447.703,EarthReturn,-44649.652888965,-188219.128675132,-116961.774417412,105873.320,-342794.382,-179833.860,0.550325181546,1.075039817329,0.563261522553
668687.703,EarthReturn,-44517.529136380,-187960.932976565,-116826.475609239,106096.271,-342736.461,-179794.132,0.550706155798,1.076591726006,0.564229027785
668927.703,EarthReturn,-44385.313902563,-187702.364299176,-116690.944251954,106319.211,-342678.506,-179754.385,0.551087525285,1.078147978106,0.565199434545
669167.703,EarthReturn,-44253.007092564,-187443.421597712,-116555.179647221,106542.113,-342620.431,-179714.575,0.551469290771,1.079708597250,0.566172759266
669407.703,EarthReturn,-44120.608611252,-187184.103821228,-116419.181092744,106764.956,-342562.166,-179674.666,0.551851453016,1.081273607246,0.567149018512
669647.703,EarthReturn,-43988.118363315,-186924.409913046,-116282.947882237,106987.799,-342503.902,-179634.757,0.552234012771,1.082843032089,0.568128228982
669744.187,EarthReturn,-43931.439754000,-186819.329482000,-116230.826872000,107077.357,-342480.388,-179618.666,0.552518815000,1.083508091000,0.568395974000
669980.872,EarthReturn,-43800.622136804,-186562.695568536,-116096.181360428,107297.026,-342422.622,-179579.148,0.552896609214,1.085061941157,0.569365766740
670217.557,EarthReturn,-43669.715055491,-186305.693367720,-115961.305969425,107516.695,-342364.857,-179539.630,0.553274791352,1.086620141329,0.570338469344
670454.242,EarthReturn,-43538.718418162,-186048.321847176,-115826.200008323,107736.291,-342306.859,-179499.990,0.553653362112,1.088182715156,0.571314098279
670690.927,EarthReturn,-43407.632132754,-185790.579968908,-115690.862782541,107955.864,-342248.789,-179460.312,0.554032322183,1.089749686464,0.572292670146
670927.612,EarthReturn,-43276.456107041,-185532.466689261,-115555.293593553,108175.414,-342190.649,-179420.597,0.554411672249,1.091321079268,0.573274201682
671164.297,EarthReturn,-43145.190248639,-185273.980958872,-115419.491738856,108394.890,-342132.273,-179380.759,0.554791412986,1.092896917775,0.574258709761
671400.982,EarthReturn,-43013.834465001,-185015.121722626,-115283.456511937,108614.366,-342073.897,-179340.921,0.555171545062,1.094477226383,0.575246211394
671637.667,EarthReturn,-42882.388663426,-184755.887919611,-115147.187202239,108833.774,-342015.309,-179300.971,0.555552069139,1.096062029684,0.576236723732
671874.352,EarthReturn,-42750.852751054,-184496.278483070,-115010.683095130,109053.153,-341956.628,-179260.973,0.555932985871,1.097651352470,0.577230264068
672111.037,EarthReturn,-42619.226634875,-184236.292340356,-114873.943471869,109272.515,-341897.899,-179220.950,0.556314295904,1.099245219729,0.578226849835
672351.037,EarthReturn,-42485.664765617,-183972.279079001,-114735.047450482,109494.867,-341838.087,-179180.229,0.556701348802,1.100866076858,0.579240521487
672591.037,EarthReturn,-42352.009954993,-183707.876245462,-114595.907768124,109717.218,-341778.274,-179139.508,0.557088807409,1.102491659027,0.580257361033
672831.037,EarthReturn,-42218.262105552,-183443.082702530,-114456.523662265,109939.505,-341718.259,-179098.681,0.557476672372,1.104121992927,0.581277387109
673071.037,EarthReturn,-42084.421119694,-183177.897306566,-114316.894365886,110161.756,-341658.137,-179057.798,0.557864944330,1.105757105472,0.582300618511
673311.037,EarthReturn,-41950.486899664,-182912.318907442,-114177.019107438,110383.992,-341597.967,-179016.890,0.558253623913,1.107397023793,0.583327074191
673551.037,EarthReturn,-41816.459347557,-182646.346348495,-114036.897110803,110606.144,-341537.536,-178975.845,0.558642711740,1.109041775247,0.584356773263
673791.037,EarthReturn,-41682.338365320,-182379.978466467,-113896.527595258,110828.295,-341477.105,-178934.800,0.559032208424,1.110691387417,0.585389735004
674031.037,EarthReturn,-41548.123854757,-182113.214091453,-113755.909775433,111050.380,-341416.471,-178893.649,0.559422114564,1.112345888115,0.586425978856
674271.037,EarthReturn,-41413.815717526,-181846.052046847,-113615.042861270,111272.431,-341355.731,-178852.442,0.559812430751,1.114005305383,0.587465524426
674511.037,EarthReturn,-41279.413855146,-181578.491149282,-113473.926057989,111494.465,-341294.942,-178811.210,0.560203157566,1.115669667497,0.588508391489
674751.037,EarthReturn,-41144.918168998,-181310.530208580,-113332.558566041,111716.414,-341233.893,-178769.841,0.560594295578,1.117339002971,0.589554599991
674991.037,EarthReturn,-41010.328560328,-181042.168027688,-113190.939581069,111938.363,-341172.843,-178728.472,0.560985845346,1.119013340554,0.590604170050
675231.037,EarthReturn,-40875.644930248,-180773.403402626,-113049.068293869,112160.246,-341111.591,-178686.997,0.561377807418,1.120692709240,0.591657121957
675471.037,EarthReturn,-40740.867179740,-180504.235122427,-112906.943890345,112382.093,-341050.233,-178645.466,0.561770182331,1.122377138264,0.592713476179
675711.037,EarthReturn,-40605.995209660,-180234.661969075,-112764.565551467,112603.924,-340988.826,-178603.910,0.562162970609,1.124066657109,0.593773253361
675951.037,EarthReturn,-40471.028920737,-179964.682717451,-112621.932453229,112825.669,-340927.159,-178562.217,0.562556172765,1.125761295508,0.594836474327
676191.037,EarthReturn,-40335.968213582,-179694.296135269,-112479.043766607,113047.414,-340865.492,-178520.525,0.562949789301,1.127461083444,0.595903160084
676431.037,EarthReturn,-40200.812988684,-179423.500983016,-112335.898657511,113269.091,-340803.622,-178478.726,0.563343820704,1.129166051157,0.596973331822
676671.037,EarthReturn,-40065.563146416,-179152.296013892,-112192.496286745,113490.733,-340741.646,-178436.872,0.563738267451,1.130876229144,0.598047010916
676911.037,EarthReturn,-39930.218587042,-178880.679973745,-112048.835809958,113712.358,-340679.621,-178394.992,0.564133130004,1.132591648162,0.599124218932
677151.037,EarthReturn,-39794.779210714,-178608.651601011,-111904.916377604,113933.897,-340617.336,-178352.976,0.564528408813,1.134312339231,0.600204977623
677391.037,EarthReturn,-39659.244917477,-178336.209626648,-111760.737134890,114155.435,-340555.051,-178310.960,0.564924104314,1.136038333638,0.601289308936
677631.037,EarthReturn,-39523.615607274,-178063.352774074,-111616.297221734,114376.905,-340492.564,-178268.838,0.565320216928,1.137769662941,0.602377235012
677871.037,EarthReturn,-39387.891179949,-177790.079759099,-111471.595772717,114598.340,-340429.970,-178226.660,0.565716747065,1.139506358967,0.603468778190
678111.037,EarthReturn,-39252.071535250,-177516.389289864,-111326.631917032,114819.758,-340367.329,-178184.457,0.566113695116,1.141248453821,0.604563961006
678351.037,EarthReturn,-39116.156572830,-177242.280066769,-111181.404778444,115041.088,-340304.426,-178142.118,0.566511061460,1.142995979886,0.605662806199
678591.037,EarthReturn,-38980.146192256,-176967.750782410,-111035.913475232,115262.418,-340241.524,-178099.778,0.566908846462,1.144748969826,0.606765336711
678831.037,EarthReturn,-38844.040293008,-176692.800121508,-110890.157120146,115483.679,-340178.420,-178057.333,0.567307050468,1.146507456590,0.607871575691
679071.037,EarthReturn,-38707.838774484,-176417.426760842,-110744.134820355,115704.904,-340115.209,-178014.832,0.567705673812,1.148271473415,0.608981546496
679311.037,EarthReturn,-38571.541536006,-176141.629369182,-110597.845677397,115926.113,-340051.950,-177972.306,0.568104716807,1.150041053832,0.610095272693
679551.037,EarthReturn,-38435.148476821,-175865.406607211,-110451.288787129,116147.233,-339988.431,-177929.644,0.568504179755,1.151816231662,0.611212778063
679791.037,EarthReturn,-38298.659496105,-175588.757127462,-110304.463239674,116368.352,-339924.912,-177886.982,0.568904062937,1.153597041028,0.612334086604
680031.037,EarthReturn,-38162.074492971,-175311.679574242,-110157.368119369,116589.402,-339861.191,-177844.214,0.569304366618,1.155383516352,0.613459222531
680271.037,EarthReturn,-38025.393366468,-175034.172583559,-110010.002504714,116810.416,-339797.363,-177801.390,0.569705091046,1.157175692363,0.614588210281
680511.037,EarthReturn,-37888.616015590,-174756.234783050,-109862.365468316,117031.413,-339733.488,-177758.542,0.570106236450,1.158973604098,0.615721074514
680751.037,EarthReturn,-37751.742339277,-174477.864791907,-109714.456076838,117252.320,-339669.352,-177715.557,0.570507803041,1.160777286906,0.616857840117
680991.037,EarthReturn,-37614.772236420,-174199.061220798,-109566.273390942,117473.227,-339605.216,-177672.572,0.570909791010,1.162586776450,0.617998532206
681231.037,EarthReturn,-37477.705605868,-173919.822671794,-109417.816465233,117694.064,-339540.879,-177629.482,0.571312200531,1.164402108714,0.619143176128
681471.037,EarthReturn,-37340.542346429,-173640.147738293,-109269.084348208,117914.864,-339476.435,-177586.335,0.571715031756,1.166223320007,0.620291797464
681711.037,EarthReturn,-37203.282356878,-173360.035004939,-109120.076082192,118135.648,-339411.943,-177543.164,0.572118284819,1.168050446961,0.621444422036
681951.037,EarthReturn,-37065.925535960,-173079.483047543,-108970.790703288,118356.340,-339347.191,-177499.857,0.572521959831,1.169883526541,0.622601075902
682191.037,EarthReturn,-36928.471782396,-172798.490433006,-108821.227241313,118577.033,-339282.440,-177456.550,0.572926056884,1.171722596047,0.623761785364
682431.037,EarthReturn,-36790.920994887,-172517.055719236,-108671.384719742,118797.655,-339217.486,-177413.137,0.573330576047,1.173567693117,0.624926576972
682671.037,EarthReturn,-36653.273072120,-172235.177455067,-108521.262155651,119018.239,-339152.426,-177369.669,0.573735517369,1.175418855730,0.626095477524
682845.205,EarthReturn,-36553.306419000,-172030.137615000,-108412.180250000,119178.318,-339105.212,-177338.124,0.574033278000,1.176803853000,0.626937509000
683085.205,EarthReturn,-36415.489760253,-171747.481406643,-108261.574204249,119398.807,-339039.881,-177294.514,0.574438948592,1.178665575211,0.628113567199
683325.205,EarthReturn,-36277.575689899,-171464.377645225,-108110.685403071,119619.283,-338974.513,-177250.885,0.574845041387,1.180533468351,0.629293808827
683565.205,EarthReturn,-36139.564106614,-171180.824845017,-107959.512839118,119839.717,-338909.029,-177207.194,0.575251556347,1.182407571716,0.630478261638
683805.205,EarthReturn,-36001.454909085,-170896.821510813,-107808.055498349,120060.084,-338843.353,-177163.404,0.575658493408,1.184287924961,0.631666953651
684045.205,EarthReturn,-35863.247996017,-170612.366137845,-107656.312359967,120280.451,-338777.678,-177119.614,0.576065852485,1.186174568109,0.632859913150
684285.205,EarthReturn,-35724.943266140,-170327.457211697,-107504.282396355,120500.722,-338711.731,-177075.682,0.576473633464,1.188067541556,0.634057168691
684525.205,EarthReturn,-35586.540618213,-170042.093208214,-107351.964573007,120720.979,-338645.748,-177031.731,0.576881836206,1.189966886070,0.635258749105
684765.205,EarthReturn,-35448.039951033,-169756.272593407,-107199.357848467,120941.195,-338579.648,-176987.718,0.577290460548,1.191872642803,0.636464683497
685005.205,EarthReturn,-35309.441163438,-169469.993823369,-107046.461174259,121161.342,-338513.357,-176943.606,0.577699506296,1.193784853288,0.637675001256
685245.205,EarthReturn,-35170.744154316,-169183.255344176,-106893.273494822,121381.490,-338447.067,-176899.495,0.578108973231,1.195703559450,0.638889732052
685485.205,EarthReturn,-35031.948822612,-168896.055591795,-106739.793747435,121601.540,-338380.505,-176855.241,0.578518861105,1.197628803608,0.640108905846
685725.205,EarthReturn,-34893.055067333,-168608.392991988,-106586.020862157,121821.576,-338313.907,-176810.969,0.578929169641,1.199560628480,0.641332552887
685965.205,EarthReturn,-34754.062787556,-168320.265960219,-106431.953761747,122041.571,-338247.192,-176766.635,0.579339898533,1.201499077187,0.642560703721
686205.205,EarthReturn,-34614.971882435,-168031.672901550,-106277.591361600,122261.497,-338180.287,-176722.202,0.579751047445,1.203444193261,0.643793389192
686445.205,EarthReturn,-34475.782251209,-167742.612210550,-106122.932569673,122481.422,-338113.381,-176677.768,0.580162616010,1.205396020646,0.645030640449
686685.205,EarthReturn,-34336.493793210,-167453.082271187,-105967.976286407,122701.250,-338046.205,-176633.194,0.580574603830,1.207354603706,0.646272488943
686925.205,EarthReturn,-34197.106407865,-167163.081456735,-105812.721404661,122921.064,-337978.992,-176588.600,0.580987010473,1.209319987230,0.647518966438
687165.205,EarthReturn,-34057.619994714,-166872.608129664,-105657.166809631,123140.835,-337911.663,-176543.945,0.581399835477,1.211292216436,0.648770105013
687405.205,EarthReturn,-33918.034453407,-166581.660641540,-105501.311378777,123360.538,-337844.143,-176499.191,0.581813078344,1.213271336977,0.650025937064
687645.205,EarthReturn,-33778.349683722,-166290.237332922,-105345.153981746,123580.240,-337776.623,-176454.437,0.582226738544,1.215257394947,0.651286495309
687885.205,EarthReturn,-33638.565585565,-165998.336533249,-105188.693480290,123799.843,-337708.832,-176409.541,0.582640815511,1.217250436887,0.652551812795
688125.205,EarthReturn,-33498.682058983,-165705.956560740,-105031.928728196,124019.432,-337641.006,-176364.626,0.583055308644,1.219250509787,0.653821922897
688365.205,EarthReturn,-33358.699004173,-165413.095722280,-104874.858571195,124238.978,-337573.062,-176319.651,0.583470217304,1.221257661098,0.655096859327
688605.205,EarthReturn,-33218.616321489,-165119.752313309,-104717.481846889,124458.455,-337504.928,-176274.576,0.583885540815,1.223271938731,0.656376656136
688845.205,EarthReturn,-33078.433911451,-164825.924617714,-104559.797384668,124677.931,-337436.794,-176229.501,0.584301278466,1.225293391068,0.657661347718
689085.205,EarthReturn,-32938.151674755,-164531.610907713,-104401.804005624,124897.307,-337368.390,-176184.284,0.584717429502,1.227322066966,0.658950968818
689325.205,EarthReturn,-32797.769512282,-164236.809443740,-104243.500522468,125116.670,-337299.949,-176139.049,0.585133993133,1.229358015763,0.660245554532
689565.205,EarthReturn,-32657.287325109,-163941.518474330,-104084.885739444,125335.989,-337231.391,-176093.753,0.585550968527,1.231401287284,0.661545140314
689805.205,EarthReturn,-32516.705014518,-163645.736236001,-103925.958452247,125555.238,-337162.644,-176048.357,0.585968354808,1.233451931850,0.662849761981
690045.205,EarthReturn,-32376.022482004,-163349.460953134,-103766.717447929,125774.486,-337093.896,-176002.962,0.586386151061,1.235510000278,0.664159455717
690285.205,EarthReturn,-32235.239629287,-163052.690837854,-103607.161504814,125993.634,-337024.878,-175957.425,0.586804356327,1.237575543896,0.665474258079
690525.205,EarthReturn,-32094.356358326,-162755.424089904,-103447.289392408,126212.768,-336955.824,-175911.870,0.587222969602,1.239648614541,0.666794206000
690765.205,EarthReturn,-31953.372571322,-162457.658896524,-103287.099871305,126431.858,-336886.653,-175866.253,0.587641989837,1.241729264574,0.668119336795
691005.205,EarthReturn,-31812.288170735,-162159.393432328,-103126.591693101,126650.877,-336817.292,-175820.537,0.588061415937,1.243817546880,0.669449688169
691245.205,EarthReturn,-31671.103059294,-161860.625859168,-102965.763600291,126869.896,-336747.931,-175774.822,0.588481246760,1.245913514878,0.670785298216
691485.205,EarthReturn,-31529.817140007,-161561.354326015,-102804.614326185,127088.813,-336678.301,-175728.965,0.588901481117,1.248017222529,0.672126205430
691725.205,EarthReturn,-31388.430316174,-161261.576968823,-102643.142594801,127307.716,-336608.633,-175683.090,0.589322117768,1.250128724340,0.673472448708
691965.205,EarthReturn,-31246.942491398,-160961.291910396,-102481.347120776,127526.575,-336538.849,-175637.153,0.589743155424,1.252248075373,0.674824067356
692205.205,EarthReturn,-31105.353569597,-160660.497260257,-102319.226609264,127745.361,-336468.876,-175591.118,0.590164592743,1.254375331255,0.676181101095
692445.205,EarthReturn,-30963.663455019,-160359.191114512,-102156.779755834,127964.148,-336398.902,-175545.082,0.590586428334,1.256510548181,0.677543590063
692685.205,EarthReturn,-30821.872052251,-160057.371555707,-101994.005246371,128182.833,-336328.659,-175498.906,0.591008660748,1.258653782922,0.678911574828
692925.205,EarthReturn,-30679.979266234,-159755.036652697,-101830.901756974,128401.503,-336258.379,-175452.710,0.591431288486,1.260805092838,0.680285096386
693165.205,EarthReturn,-30537.985002276,-159452.184460497,-101667.467953849,128620.128,-336187.982,-175406.454,0.591854309989,1.262964535878,0.681664196174
693405.205,EarthReturn,-30395.889166067,-159148.813020142,-101503.702493203,128838.682,-336117.396,-175360.099,0.592277723644,1.265132170597,0.683048916070
693645.205,EarthReturn,-30253.691663689,-158844.920358545,-101339.604021141,129057.235,-336046.811,-175313.744,0.592701527777,1.267308056154,0.684439298404
693885.205,EarthReturn,-30111.392401634,-158540.504488340,-101175.171173553,129275.684,-335975.955,-175267.248,0.593125720657,1.269492252330,0.685835385961
694125.205,EarthReturn,-29968.991286817,-158235.563407746,-101010.402576004,129494.119,-335905.063,-175220.734,0.593550300490,1.271684819530,0.687237221988
694365.205,EarthReturn,-29826.488226591,-157930.095100403,-100845.296843624,129712.510,-335834.054,-175174.158,0.593975265420,1.273885818793,0.688644850204
694551.038,EarthReturn,-29716.077425805,-157693.206262008,-100717.222314519,129881.554,-335778.925,-175138.018,0.594304580853,1.275595893054,0.689738789454
694648.345,EarthReturn,-29658.331942150,-157569.066964065,-100649.963358795,129970.069,-335750.058,-175119.094,0.593474318306,1.276185523756,0.691553541674
694736.068,EarthReturn,-29606.263491864,-157457.080009803,-100589.275146653,130049.867,-335724.035,-175102.034,0.593629910218,1.276995821234,0.692072035300
694823.792,EarthReturn,-29554.181390264,-157345.021923101,-100528.541415878,130129.666,-335698.011,-175084.974,0.593785553417,1.277807266809,0.692591317529
694911.515,EarthReturn,-29502.085632857,-157232.892603108,-100467.762097193,130209.445,-335671.939,-175067.889,0.593941247805,1.278619863566,0.693111390573
694999.239,EarthReturn,-29449.976215157,-157120.691948702,-100406.937121130,130289.200,-335645.803,-175050.770,0.594096993282,1.279433614603,0.693632256648
695086.962,EarthReturn,-29397.853132686,-157008.419858489,-100346.066418022,130368.954,-335619.667,-175033.652,0.594252789748,1.280248523031,0.694153917984
695174.686,EarthReturn,-29345.716380976,-156896.076230802,-100285.149918009,130448.709,-335593.531,-175016.533,0.594408637098,1.281064591972,0.694676376815
695262.409,EarthReturn,-29293.565955568,-156783.660963701,-100224.187551033,130528.463,-335567.396,-174999.415,0.594564535231,1.281881824559,0.695199635389
695350.133,EarthReturn,-29241.401852010,-156671.173954967,-100163.179246840,130608.219,-335541.260,-174982.296,0.594720484041,1.282700223939,0.695723695958
695437.856,EarthReturn,-29189.111024000,-156558.486240000,-100102.209275000,130687.973,-335515.125,-174965.178,0.594896153000,1.283538398000,0.696226303000
695677.856,EarthReturn,-29046.284708756,-156250.167411870,-99934.942272270,130906.070,-335443.361,-174918.208,0.595323203454,1.285786638656,0.697666396485
695917.856,EarthReturn,-28903.355856310,-155941.307945746,-99767.328917974,131124.149,-335371.551,-174871.215,0.595750629312,1.288043725574,0.699112573908
696157.856,EarthReturn,-28760.324376840,-155631.905710606,-99599.367746287,131342.186,-335299.635,-174824.166,0.596178428253,1.290309724872,0.700564882682
696397.856,EarthReturn,-28617.190181093,-155321.958559473,-99431.057279945,131560.146,-335227.519,-174777.013,0.596606597884,1.292584703377,0.702023370748
696637.856,EarthReturn,-28473.953180397,-155011.464329246,-99262.396030108,131778.105,-335155.404,-174729.861,0.597035135737,1.294868728645,0.703488086584
696877.856,EarthReturn,-28330.613286685,-154700.420840521,-99093.382496242,131995.963,-335083.029,-174682.573,0.597464039263,1.297161868963,0.704959079212
697117.856,EarthReturn,-28187.170412507,-154388.825897419,-98924.015165979,132213.802,-335010.609,-174635.261,0.597893305837,1.299464193364,0.706436398205
697357.856,EarthReturn,-28043.624471056,-154076.677287399,-98754.292514985,132431.599,-334938.081,-174587.893,0.598322932752,1.301775771636,0.707920093698
697597.856,EarthReturn,-27899.975376182,-153763.972781081,-98584.213006829,132649.317,-334865.355,-174540.422,0.598752917219,1.304096674333,0.709410216391
697837.856,EarthReturn,-27756.223042416,-153450.710132061,-98413.775092841,132867.036,-334792.629,-174492.951,0.599183256363,1.306426972786,0.710906817564
698077.856,EarthReturn,-27612.367384990,-153136.887076716,-98242.977211972,133084.651,-334719.643,-174445.345,0.599613947225,1.308766739114,0.712409949082
698317.856,EarthReturn,-27468.408319855,-152822.501334024,-98071.817790659,133302.248,-334646.612,-174397.714,0.600044986755,1.311116046238,0.713919663402
698557.856,EarthReturn,-27324.345763705,-152507.550605362,-97900.295242672,133519.803,-334573.473,-174350.028,0.600476371815,1.313474967887,0.715436013585
698797.856,EarthReturn,-27180.179633999,-152192.032574315,-97728.407968977,133737.278,-334500.137,-174302.239,0.600908099174,1.315843578614,0.716959053303
699037.856,EarthReturn,-27035.909848983,-151875.944906472,-97556.154357582,133954.754,-334426.800,-174254.450,0.601340165506,1.318221953809,0.718488836850
699277.856,EarthReturn,-26891.536327712,-151559.285249232,-97383.532783390,134172.125,-334353.204,-174206.526,0.601772567388,1.320610169707,0.720025419150
699517.856,EarthReturn,-26747.058990074,-151242.051231592,-97210.541608047,134389.478,-334279.563,-174158.577,0.602205301302,1.323008303402,0.721568855765
699757.856,EarthReturn,-26602.477756814,-150924.240463941,-97037.179179782,134606.789,-334205.814,-174110.573,0.602638363625,1.325416432863,0.723119202910
699997.856,EarthReturn,-26457.792549559,-150605.850537850,-96863.443833259,134824.019,-334131.868,-174062.466,0.603071750633,1.327834636943,0.724676517456
700237.856,EarthReturn,-26313.003290842,-150286.879025861,-96689.333889410,135041.249,-334057.921,-174014.359,0.603505458496,1.330262995393,0.726240856945
700477.856,EarthReturn,-26168.109904127,-149967.323481262,-96514.847655274,135258.375,-333983.715,-173966.117,0.603939483277,1.332701588875,0.727812279599
700717.856,EarthReturn,-26023.112313839,-149647.181437874,-96339.983423838,135475.482,-333909.464,-173917.851,0.604373820929,1.335150498977,0.729390844328
700957.856,EarthReturn,-25878.010445384,-149326.450409823,-96164.739473864,135692.546,-333835.105,-173869.530,0.604808467292,1.337609808228,0.730976610744
701197.856,EarthReturn,-25732.804225184,-149005.127891317,-95989.114069722,135909.529,-333760.549,-173821.105,0.605243418089,1.340079600107,0.732569639171
701437.856,EarthReturn,-25587.493580698,-148683.211356409,-95813.105461219,136126.512,-333685.993,-173772.681,0.605678668928,1.342559959063,0.734169990656
701677.856,EarthReturn,-25442.078440455,-148360.698258769,-95636.711883422,136343.390,-333611.178,-173724.121,0.606114215296,1.345050970526,0.735777726978
701917.856,EarthReturn,-25296.558734084,-148037.586031444,-95459.931556483,136560.249,-333536.317,-173675.538,0.606550052555,1.347552720925,0.737392910662
702157.856,EarthReturn,-25150.934392338,-147713.872086617,-95282.762685455,136777.064,-333461.350,-173626.899,0.606986175944,1.350065297699,0.739015604990
702397.856,EarthReturn,-25005.205347132,-147389.553815363,-95105.203460114,136993.798,-333386.184,-173578.157,0.607422580569,1.352588789318,0.740645874013
702637.856,EarthReturn,-24859.371531567,-147064.628587399,-94927.252054769,137210.532,-333311.019,-173529.416,0.607859261409,1.355123285292,0.742283782563
702877.856,EarthReturn,-24713.432879970,-146739.093750832,-94748.906628074,137427.160,-333235.595,-173480.539,0.608296213305,1.357668876194,0.743929396266
703117.856,EarthReturn,-24567.389327920,-146412.946631903,-94570.165322837,137643.768,-333160.125,-173431.639,0.608733430961,1.360225653671,0.745582781553
703357.856,EarthReturn,-24421.240812283,-146086.184534728,-94391.026265824,137860.333,-333084.549,-173382.683,0.609170908939,1.362793710464,0.747244005675
703597.856,EarthReturn,-24274.987271249,-145758.804741030,-94211.487567562,138076.816,-333008.775,-173333.624,0.609608641660,1.365373140425,0.748913136712
703837.856,EarthReturn,-24128.628644365,-145430.804509875,-94031.547322137,138293.299,-332933.001,-173284.566,0.610046623392,1.367964038531,0.750590243594
704077.856,EarthReturn,-23982.164872570,-145102.181077397,-93851.203606989,138509.674,-332856.968,-173235.372,0.610484848257,1.370566500906,0.752275396106
704317.856,EarthReturn,-23835.595898233,-144772.931656519,-93670.454482705,138726.031,-332780.890,-173186.155,0.610923310221,1.373180624834,0.753968664908
704557.856,EarthReturn,-23688.921665191,-144443.053436678,-93489.297992808,138942.343,-332704.706,-173136.883,0.611362003089,1.375806508784,0.755670121547
704797.856,EarthReturn,-23542.142118786,-144112.543583531,-93307.732163542,139158.573,-332628.323,-173087.508,0.611800920509,1.378444252423,0.757379838472
705037.856,EarthReturn,-23395.257205904,-143781.399238672,-93125.755003653,139374.803,-332551.941,-173038.133,0.612240055960,1.381093956638,0.759097889046
705277.856,EarthReturn,-23248.266875017,-143449.617519332,-92943.364504167,139590.924,-332475.301,-172988.623,0.612679402754,1.383755723553,0.760824347566
705517.856,EarthReturn,-23101.171076223,-143117.195518083,-92760.558638168,139807.026,-332398.614,-172939.090,0.613118954027,1.386429656553,0.762559289275
705757.856,EarthReturn,-22953.969761288,-142784.130302530,-92577.335360566,140023.084,-332321.822,-172889.501,0.613558702740,1.389115860301,0.764302790378
705997.856,EarthReturn,-22806.662883690,-142450.418915005,-92393.692607864,140239.058,-332244.832,-172839.809,0.613998641672,1.391814440759,0.766054928059
706237.856,EarthReturn,-22659.250398660,-142116.058372250,-92209.628297920,140455.033,-332167.842,-172790.118,0.614438763414,1.394525505209,0.767815780497
706477.856,EarthReturn,-22511.732263233,-141781.045665099,-92025.140329712,140670.898,-332090.594,-172740.292,0.614879060371,1.397249162276,0.769585426882
706717.856,EarthReturn,-22364.108436288,-141445.377758153,-91840.226583086,140886.744,-332013.300,-172690.443,0.615319524749,1.399985521949,0.771363947434
706957.856,EarthReturn,-22216.378878599,-141109.051589449,-91654.884918512,141102.545,-331935.900,-172640.538,0.615760148559,1.402734695603,0.773151423415
707182.916,EarthReturn,-22077.212722000,-140793.122252000,-91481.024920000,141304.834,-331863.133,-172593.644,0.616181950000,1.405298045000,0.774859656000
707422.916,EarthReturn,-21929.276149094,-140455.518064696,-91294.842177796,141520.551,-331785.536,-172543.637,0.616622847377,1.408072364417,0.776664721996
707662.916,EarthReturn,-21781.233744489,-140117.246465134,-91108.225117428,141736.167,-331707.700,-172493.505,0.617063879373,1.410859833211,0.778478988198
707902.916,EarthReturn,-21633.085476931,-139778.304283444,-90921.171520603,141951.754,-331629.799,-172443.340,0.617505037164,1.413660568440,0.780302540160
708142.916,EarthReturn,-21484.831317310,-139438.688321486,-90733.679148358,142167.305,-331551.811,-172393.129,0.617946311701,1.416474688670,0.782135464577
708382.916,EarthReturn,-21336.471238716,-139098.395352479,-90545.745740785,142382.763,-331473.607,-172342.807,0.618387693707,1.419302313993,0.783977849298
708622.916,EarthReturn,-21188.005216494,-138757.422120634,-90357.369016752,142598.221,-331395.403,-172292.484,0.618829173670,1.422143566056,0.785829783349
708862.916,EarthReturn,-21039.433228298,-138415.765340779,-90168.546673617,142813.576,-331316.960,-172242.037,0.619270741838,1.424998568088,0.787691356954
709102.916,EarthReturn,-20890.755254154,-138073.421697972,-89979.276386937,143028.903,-331238.453,-172191.556,0.619712388211,1.427867444924,0.789562661556
709342.916,EarthReturn,-20741.971276519,-137730.387847118,-89789.555810179,143244.193,-331159.859,-172141.031,0.620154102540,1.430750323037,0.791443789835
709582.916,EarthReturn,-20593.081280339,-137386.660412566,-89599.382574411,143459.390,-331081.048,-172090.393,0.620595874315,1.433647330559,0.793334835734
709822.916,EarthReturn,-20444.085253113,-137042.235987715,-89408.754288002,143674.586,-331002.238,-172039.755,0.621037692763,1.436558597319,0.795235894481
710062.916,EarthReturn,-20294.983184961,-136697.111134595,-89217.668536313,143889.679,-330923.189,-171988.993,0.621479546840,1.439484254862,0.797147062606
710302.916,EarthReturn,-20145.775068685,-136351.282383459,-89026.122881375,144104.744,-330844.076,-171938.197,0.621921425223,1.442424436487,0.799068437975
710542.916,EarthReturn,-19996.460899837,-136004.746232353,-88834.114861572,144319.771,-330764.875,-171887.356,0.622363316307,1.445379277273,0.801000119802
710782.916,EarthReturn,-19847.040676793,-135657.499146689,-88641.641991310,144534.705,-330685.459,-171836.403,0.622805208193,1.448348914112,0.802942208681
711022.916,EarthReturn,-19697.514400815,-135309.537558802,-88448.701760685,144749.638,-330606.043,-171785.451,0.623247088687,1.451333485738,0.804894806611
711262.916,EarthReturn,-19547.882076134,-134960.857867507,-88255.291635143,144964.467,-330526.388,-171734.374,0.623688945285,1.454333132764,0.806858017016
711502.916,EarthReturn,-19398.143710014,-134611.456437646,-88061.409055133,145179.267,-330446.669,-171683.264,0.624130765173,1.457347997711,0.808831944776
711742.916,EarthReturn,-19248.299312838,-134261.329599620,-87867.051435757,145394.030,-330366.863,-171632.108,0.624572535212,1.460378225044,0.810816696250
711982.916,EarthReturn,-19098.348898177,-133910.473648924,-87672.216166410,145608.697,-330286.842,-171580.841,0.625014241939,1.463423961207,0.812812379308
712139.707,EarthReturn,-19000.329670699,-133680.865379296,-87544.671885700,145748.939,-330234.564,-171547.348,0.625302766331,1.465422174251,0.814122106479
712379.707,EarthReturn,-18850.204016318,-133328.795769682,-87349.041123897,145963.548,-330154.409,-171496.012,0.625744337938,1.468493877690,0.816136103383
712619.707,EarthReturn,-18699.972396544,-132975.987045431,-87152.925658055,146178.082,-330074.085,-171444.587,0.626185808842,1.471581488372,0.818161325597
712859.707,EarthReturn,-18549.634837308,-132622.435370371,-86956.322780500,146392.617,-329993.761,-171393.163,0.626627164305,1.474685160273,0.820197886739
713099.707,EarthReturn,-18399.191368121,-132268.136871118,-86759.229756090,146607.025,-329913.153,-171341.590,0.627068389215,1.477805049521,0.822245902069
713339.707,EarthReturn,-18248.642022167,-131913.087636554,-86561.643821822,146821.425,-329832.526,-171290.009,0.627509468084,1.480941314429,0.824305488523
713579.707,EarthReturn,-18097.986836393,-131557.283717302,-86363.562186423,147035.766,-329751.767,-171238.358,0.627950385035,1.484094115543,0.826376764741
713819.707,EarthReturn,-17947.225851605,-131200.721125178,-86164.982029939,147250.032,-329670.838,-171186.620,0.628391123790,1.487263615676,0.828459851100
714059.707,EarthReturn,-17796.359112563,-130843.395832652,-85965.900503316,147464.298,-329589.910,-171134.881,0.628831667666,1.490449979955,0.830554869750
714299.707,EarthReturn,-17645.386668083,-130485.303772276,-85766.314727965,147678.437,-329508.697,-171082.995,0.629271999559,1.493653375861,0.832661944642
714539.707,EarthReturn,-17494.308571135,-130126.440836125,-85566.221795330,147892.568,-329427.466,-171031.100,0.629712101936,1.496873973272,0.834781201569
714779.707,EarthReturn,-17343.124878951,-129766.802875206,-85365.618766440,148106.639,-329346.102,-170979.135,0.630151956822,1.500111944512,0.836912768199
715019.707,EarthReturn,-17191.835653132,-129406.385698874,-85164.502671457,148320.634,-329264.569,-170927.083,0.630591545791,1.503367464393,0.839056774107
715259.707,EarthReturn,-17040.440959755,-129045.185074225,-84962.870509210,148534.629,-329183.037,-170875.031,0.631030849952,1.506640710264,0.841213350821
715499.707,EarthReturn,-16888.940869488,-128683.196725481,-84760.719246723,148748.497,-329101.220,-170822.832,0.631469849939,1.509931862058,0.843382631853
715739.707,EarthReturn,-16737.335457705,-128320.416333365,-84558.045818737,148962.356,-329019.386,-170770.623,0.631908525897,1.513241102342,0.845564752740
715979.707,EarthReturn,-16585.624804607,-127956.839534465,-84354.847127217,149176.155,-328937.418,-170718.345,0.632346857469,1.516568616368,0.847759851084
716219.707,EarthReturn,-16433.808995339,-127592.461920578,-84151.120040850,149389.878,-328855.282,-170665.980,0.632784823784,1.519914592123,0.849968066594
716459.707,EarthReturn,-16281.888120122,-127227.279038053,-83946.861394536,149603.601,-328773.146,-170613.614,0.633222403444,1.523279220380,0.852189541126
716699.707,EarthReturn,-16129.862274372,-126861.286387113,-83742.067988869,149817.195,-328690.725,-170561.102,0.633659574508,1.526662694759,0.854424418729
716939.707,EarthReturn,-15977.731558843,-126494.479421166,-83536.736589604,150030.781,-328608.288,-170508.580,0.634096314479,1.530065211775,0.856672845683
717179.707,EarthReturn,-15825.496079754,-126126.853546101,-83330.863927115,150244.306,-328525.717,-170455.989,0.634532600289,1.533486970898,0.858934970551
717419.707,EarthReturn,-15673.155948928,-125758.404119576,-83124.446695842,150457.754,-328442.978,-170403.311,0.634968408284,1.536928174610,0.861210944223
717659.707,EarthReturn,-15520.711283942,-125389.126450285,-82917.481553729,150671.203,-328360.238,-170350.633,0.635403714206,1.540389028465,0.863500919958
717899.707,EarthReturn,-15368.162208263,-125019.015797214,-82709.965121648,150884.521,-328277.215,-170297.807,0.635838493181,1.543869741152,0.865805053442
718139.707,EarthReturn,-15215.508851409,-124648.067368883,-82501.893982811,151097.832,-328194.175,-170244.973,0.636272719699,1.547370524554,0.868123502830
718379.707,EarthReturn,-15062.751349095,-124276.276322569,-82293.264682171,151311.081,-328111.001,-170192.069,0.636706367599,1.550891593811,0.870456428799
718619.707,EarthReturn,-14909.889843396,-123903.637763518,-82084.073725808,151524.252,-328027.660,-170139.078,0.637139410049,1.554433167390,0.872803994604
718859.707,EarthReturn,-14756.924482908,-123530.146744137,-81874.317580310,151737.424,-327944.318,-170086.087,0.637571819529,1.557995467150,0.875166366127
719099.707,EarthReturn,-14603.855422916,-123155.798263175,-81663.992672132,151950.465,-327860.693,-170032.950,0.638003567812,1.561578718410,0.877543711934
719339.707,EarthReturn,-14450.682825568,-122780.587264882,-81453.095386942,152163.498,-327777.050,-169979.803,0.638434625946,1.565183150020,0.879936203330
719579.707,EarthReturn,-14297.406860048,-122404.508638151,-81241.622068965,152376.469,-327693.274,-169926.587,0.638864964232,1.568808994434,0.882344014420
719819.707,EarthReturn,-14144.027702760,-122027.557215649,-81029.569020296,152589.362,-327609.330,-169873.284,0.639294552203,1.572456487782,0.884767322166
720059.707,EarthReturn,-13990.545537514,-121649.727772920,-80816.932500211,152802.255,-327525.387,-169819.981,0.639723358605,1.576125869951,0.887206306448
720299.707,EarthReturn,-13836.960555718,-121271.015027480,-80603.708724458,153015.017,-327441.160,-169766.531,0.640151351373,1.579817384656,0.889661150127
720539.707,EarthReturn,-13683.272956575,-120891.413637882,-80389.893864534,153227.770,-327356.915,-169713.072,0.640578497611,1.583531279526,0.892132039109
720779.707,EarthReturn,-13529.482947285,-120510.918202775,-80175.484046948,153440.461,-327272.538,-169659.544,0.641004763565,1.587267806183,0.894619162414
721019.707,EarthReturn,-13375.590743255,-120129.523259927,-79960.475352463,153653.074,-327187.992,-169605.929,0.641430114601,1.591027220326,0.897122712236
721259.707,EarthReturn,-13221.596568311,-119747.223285242,-79744.863815326,153865.686,-327103.447,-169552.315,0.641854515179,1.594809781820,0.899642884022
721499.707,EarthReturn,-13067.500654920,-119364.012691748,-79528.645422483,154078.166,-327018.619,-169498.553,0.642277928831,1.598615754780,0.902179876536
721739.707,EarthReturn,-12913.303244418,-118979.885828565,-79311.816112768,154290.637,-326933.773,-169444.783,0.642700318128,1.602445407667,0.904733891935
721979.707,EarthReturn,-12759.004587237,-118594.836979854,-79094.371776083,154503.046,-326848.795,-169390.943,0.643121644659,1.606299013378,0.907305135846
722219.707,EarthReturn,-12604.604943154,-118208.860363736,-78876.308252556,154715.376,-326763.648,-169337.017,0.643541868999,1.610176849344,0.909893817442
722459.707,EarthReturn,-12450.104581528,-117821.950131196,-78657.621331682,154927.706,-326678.502,-169283.091,0.643960950679,1.614079197627,0.912500149518
722699.707,EarthReturn,-12295.503781561,-117434.100364959,-78438.306751439,155139.902,-326593.073,-169229.018,0.644378848160,1.618006345019,0.915124348579
722939.707,EarthReturn,-12140.802832556,-117045.305078340,-78218.360197392,155352.090,-326507.627,-169174.936,0.644795518797,1.621958583152,0.917766634920
723179.707,EarthReturn,-11986.002034185,-116655.558214074,-77997.777301772,155564.215,-326422.048,-169120.786,0.645210918813,1.625936208598,0.920427232712
723419.707,EarthReturn,-11831.101696768,-116264.853643112,-77776.553642534,155776.260,-326336.301,-169066.548,0.645625003256,1.629939522982,0.923106370093
723659.707,EarthReturn,-11676.102141557,-115873.185163399,-77554.684742396,155988.306,-326250.555,-169012.311,0.646037725976,1.633968833093,0.925804279257
723899.707,EarthReturn,-11521.003701025,-115480.546498618,-77332.166067852,156200.216,-326164.526,-168957.927,0.646449039581,1.638024451000,0.928521196551
724139.707,EarthReturn,-11365.806719177,-115086.931296912,-77108.993028165,156412.118,-326078.479,-168903.534,0.646858895402,1.642106694172,0.931257362567
724379.707,EarthReturn,-11210.511551850,-114692.333129570,-76885.160974339,156623.957,-325992.300,-168849.073,0.647267243460,1.646215885599,0.934013022243
724619.707,EarthReturn,-11055.118567040,-114296.745489689,-76660.665198057,156835.716,-325905.953,-168794.525,0.647674032419,1.650352353916,0.936788424968
724859.707,EarthReturn,-10899.628145231,-113900.161790802,-76435.500930607,157047.474,-325819.607,-168739.977,0.648079209550,1.654516433534,0.939583824682
725099.707,EarthReturn,-10744.040679731,-113502.575365479,-76209.663341775,157259.097,-325732.978,-168685.283,0.648482720690,1.658708464774,0.942399479989
725339.707,EarthReturn,-10588.356577027,-113103.979463888,-75983.147538708,157470.712,-325646.332,-168630.579,0.648884510193,1.662928793999,0.945235654265
725579.707,EarthReturn,-10432.576257139,-112704.367252334,-75755.948564763,157682.262,-325559.554,-168575.808,0.649284520891,1.667177773757,0.948092615772
725819.707,EarthReturn,-10276.700153999,-112303.731811749,-75528.061398311,157893.732,-325472.608,-168520.949,0.649682694043,1.671455762927,0.950970637780
726059.707,EarthReturn,-10120.728715826,-111902.066136165,-75299.480951531,158105.202,-325385.662,-168466.091,0.650078969291,1.675763126864,0.953869998683
726299.707,EarthReturn,-9964.662405529,-111499.363131132,-75070.202069155,158316.535,-325298.434,-168411.086,0.650473284605,1.680100237554,0.956790982130
726539.707,EarthReturn,-9808.501701106,-111095.615612115,-74840.219527198,158527.860,-325211.189,-168356.073,0.650865576234,1.684467473771,0.959733877147
726779.707,EarthReturn,-9652.247096069,-110690.816302841,-74609.528031650,158739.120,-325123.812,-168300.991,0.651255778653,1.688865221237,0.962698978276
727019.707,EarthReturn,-9495.899099873,-110284.957833614,-74378.122217136,158950.299,-325036.267,-168245.823,0.651643824506,1.693293872793,0.965686585709
727259.707,EarthReturn,-9339.458238365,-109878.032739583,-74145.996645543,159161.478,-324948.722,-168190.654,0.652029644549,1.697753828565,0.968697005427
727499.707,EarthReturn,-9182.925054244,-109470.033458978,-73913.145804611,159372.520,-324860.896,-168135.340,0.652413167590,1.702245496145,0.971730549348
727739.707,EarthReturn,-9026.300107533,-109060.952331291,-73679.564106496,159583.553,-324773.053,-168080.017,0.652794320429,1.706769290771,0.974787535476
727979.707,EarthReturn,-8869.583976071,-108650.781595420,-73445.245886284,159794.521,-324685.077,-168024.625,0.653173027791,1.711325635515,0.977868288057
728219.707,EarthReturn,-8712.777256018,-108239.513387768,-73210.185400479,160005.407,-324596.934,-167969.147,0.653549212262,1.715914961477,0.980973137733
728459.707,EarthReturn,-8555.880562380,-107827.139740290,-72974.376825446,160216.294,-324508.791,-167913.669,0.653922794217,1.720537707982,0.984102421712
728699.707,EarthReturn,-8398.894529541,-107413.652578496,-72737.814255816,160427.042,-324420.367,-167858.046,0.654293691754,1.725194322787,0.987256483936
728939.707,EarthReturn,-8241.819811826,-106999.043719400,-72500.491702848,160637.781,-324331.925,-167802.413,0.654661820614,1.729885262291,0.990435675251
729179.707,EarthReturn,-8084.657084069,-106583.304869424,-72262.403092752,160848.455,-324243.352,-167746.712,0.655027094108,1.734610991755,0.993640353596
729419.707,EarthReturn,-7927.407042212,-106166.427622238,-72023.542264963,161059.046,-324154.612,-167690.925,0.655389423035,1.739371985525,0.996870884181
729659.707,EarthReturn,-7770.070403914,-105748.403456560,-71783.902970372,161269.638,-324065.871,-167635.138,0.655748715599,1.744168727265,1.000127639683
729899.707,EarthReturn,-7612.647909184,-105329.223733882,-71543.478869515,161480.090,-323976.850,-167579.205,0.656104877327,1.749001710196,1.003411000447
730139.707,EarthReturn,-7455.140321036,-104908.879696155,-71302.263530701,161690.533,-323887.811,-167523.264,0.656457810973,1.753871437342,1.006721354684
730379.707,EarthReturn,-7297.548426164,-104487.362463401,-71060.250428107,161900.911,-323798.640,-167467.254,0.656807416431,1.758778421787,1.010059098690
730619.707,EarthReturn,-7139.873035642,-104064.663031269,-70817.432939804,162111.206,-323709.302,-167411.158,0.657153590635,1.763723186933,1.013424637060
730859.707,EarthReturn,-6982.114985642,-103640.772268526,-70573.804345743,162321.500,-323619.965,-167355.062,0.657496227461,1.768706266779,1.016818382916
731099.707,EarthReturn,-6824.275138185,-103215.680914480,-70329.357825679,162531.655,-323530.347,-167298.821,0.657835217621,1.773728206192,1.020240758140
731339.707,EarthReturn,-6666.354381913,-102789.379576336,-70084.086457040,162741.800,-323440.711,-167242.571,0.658170448556,1.778789561207,1.023692193616
731579.707,EarthReturn,-6508.353632882,-102361.858726485,-69837.983212737,162951.880,-323350.943,-167186.252,0.658501804325,1.783890899315,1.027173129481
731819.707,EarthReturn,-6350.273835396,-101933.108699709,-69591.040958913,163161.876,-323261.009,-167129.848,0.658829165483,1.789032799779,1.030684015379
732059.707,EarthReturn,-6192.115962855,-101503.119690327,-69343.252452626,163371.871,-323171.075,-167073.444,0.659152408964,1.794215853952,1.034225310733
732299.707,EarthReturn,-6033.881018642,-101071.881749248,-69094.610339474,163581.726,-323080.861,-167016.894,0.659471407953,1.799440665604,1.037797485019
732539.707,EarthReturn,-5875.570037041,-100639.384780952,-68845.107151145,163791.572,-322990.629,-166960.336,0.659786031753,1.804707851265,1.041401018053
732779.707,EarthReturn,-5717.184084182,-100205.618540384,-68594.735302902,164001.351,-322900.265,-166903.709,0.660096145650,1.810018040579,1.045036400284
733019.707,EarthReturn,-5558.724259021,-99770.572629769,-68343.487090991,164211.046,-322809.736,-166846.997,0.660401610765,1.815371876666,1.048704133108
733259.707,EarthReturn,-5400.191694360,-99334.236495323,-68091.354689982,164420.741,-322719.206,-166790.285,0.660702283914,1.820770016497,1.052404729174
733499.707,EarthReturn,-5241.587557899,-98896.599423892,-67838.330150021,164630.294,-322628.395,-166733.427,0.660998017443,1.826213131292,1.056138712726
733739.707,EarthReturn,-5082.913053326,-98457.650539477,-67584.405394013,164839.837,-322537.568,-166676.561,0.661288659075,1.831701906914,1.059906619933
733979.707,EarthReturn,-4924.169421447,-98017.378799674,-67329.572214718,165049.314,-322446.609,-166619.627,0.661574051735,1.837237044294,1.063708999246
734219.707,EarthReturn,-4765.357941361,-97575.772992004,-67073.822271754,165258.706,-322355.484,-166562.607,0.661854033379,1.842819259861,1.067546411765
734459.707,EarthReturn,-4606.479931668,-97132.821730140,-66817.147088520,165468.099,-322264.358,-166505.587,0.662128436809,1.848449285989,1.071419431617
734699.707,EarthReturn,-4447.536751738,-96688.513450026,-66559.538049024,165677.347,-322172.953,-166448.422,0.662397089482,1.854127871464,1.075328646348
734939.707,EarthReturn,-4288.529803009,-96242.836405882,-66300.986394611,165886.587,-322081.531,-166391.248,0.662659813312,1.859855781960,1.079274657335
735179.707,EarthReturn,-4129.460530347,-95795.778666086,-66041.483220592,166095.760,-321989.977,-166334.007,0.662916424461,1.865633800541,1.083258080203
735419.707,EarthReturn,-3970.330423450,-95347.328108947,-65781.019472777,166304.847,-321898.257,-166276.679,0.663166733123,1.871462728179,1.087279545272
735659.707,EarthReturn,-3811.141018310,-94897.472418334,-65519.585943890,166513.934,-321806.537,-166219.352,0.663410543296,1.877343384281,1.091339698003
735899.707,EarthReturn,-3651.893898724,-94446.199079194,-65257.173269879,166722.877,-321714.537,-166161.880,0.663647652548,1.883276607255,1.095439199483
736139.707,EarthReturn,-3492.590697871,-93993.495372918,-64993.771926107,166931.811,-321622.520,-166104.400,0.663877851768,1.889263255075,1.099578726907
736379.707,EarthReturn,-3333.233099942,-93539.348372574,-64729.372223428,167140.678,-321530.372,-166046.851,0.664100924906,1.895304205887,1.103758974093
736619.707,EarthReturn,-3173.822841843,-93083.744937996,-64463.964304131,167349.458,-321438.058,-165989.217,0.664316648708,1.901400358623,1.107980652012
736859.707,EarthReturn,-3014.361714948,-92626.671710711,-64197.538137759,167558.238,-321345.744,-165931.583,0.664524792430,1.907552633649,1.112244489339
737099.707,EarthReturn,-2854.851566943,-92168.115108724,-63930.083516790,167766.873,-321253.150,-165873.805,0.664725117542,1.913761973429,1.116551233028
737339.707,EarthReturn,-2695.294303724,-91708.061321127,-63661.590052182,167975.499,-321160.539,-165816.017,0.664917377422,1.920029343220,1.120901648905
737579.707,EarthReturn,-2535.691891379,-91246.496302541,-63392.047168768,168184.057,-321067.797,-165758.162,0.665101317031,1.926355731795,1.125296522293
737819.707,EarthReturn,-2376.046358250,-90783.405767387,-63121.444100499,168392.529,-320974.890,-165700.222,0.665276672576,1.932742152188,1.129736658653
738059.707,EarthReturn,-2216.359797075,-90318.775183968,-62849.769885532,168601.000,-320881.982,-165642.281,0.665443171153,1.939189642477,1.134222884257
738299.707,EarthReturn,-2056.634367219,-89852.589768363,-62577.013361153,168809.325,-320788.795,-165584.196,0.665600530378,1.945699266590,1.138756046889
738539.707,EarthReturn,-1896.872296995,-89384.834478123,-62303.163158523,169017.641,-320695.591,-165526.103,0.665748457997,1.952272115147,1.143337016573
738779.707,EarthReturn,-1737.075886083,-88915.494005758,-62028.207697255,169225.889,-320602.256,-165467.942,0.665886651478,1.958909306337,1.147966686330
739019.707,EarthReturn,-1577.247508046,-88444.552772015,-61752.135179799,169434.049,-320508.756,-165409.695,0.666014797584,1.965611986829,1.152645972970
739259.707,EarthReturn,-1417.389612952,-87971.994918929,-61474.933585633,169642.210,-320415.255,-165351.448,0.666132571926,1.972381332719,1.157375817917
739499.707,EarthReturn,-1257.504730111,-87497.804302641,-61196.590665254,169850.223,-320321.476,-165293.058,0.666239638486,1.979218550521,1.162157188067
739739.707,EarthReturn,-1097.595470918,-87021.964485976,-60917.093933956,170058.227,-320227.679,-165234.659,0.666335649133,1.986124878192,1.166991076686
739979.707,EarthReturn,-937.664531827,-86544.458730772,-60636.430665397,170266.162,-320133.751,-165176.192,0.666420243094,1.993101586202,1.171878504345
740219.707,EarthReturn,-777.714697448,-86065.269989936,-60354.587884918,170474.010,-320039.658,-165117.639,0.666493046415,2.000149978658,1.176820519895
740459.707,EarthReturn,-617.748843778,-85584.380899244,-60071.552362644,170681.857,-319945.566,-165059.087,0.666553671390,2.007271394463,1.181818201490
740699.707,EarthReturn,-457.769941574,-85101.773768833,-59787.310606321,170889.557,-319851.194,-165000.391,0.666601715951,2.014467208528,1.186872657649
740939.707,EarthReturn,-297.781059877,-84617.430574417,-59501.848853895,171097.247,-319756.805,-164941.686,0.666636763044,2.021738833045,1.191985028368
741179.707,EarthReturn,-137.785369684,-84131.332948178,-59215.153065819,171304.867,-319662.286,-164882.914,0.666658379958,2.029087718805,1.197156486286
741419.707,EarthReturn,22.213852209,-83643.462169340,-58927.208917076,171512.400,-319567.601,-164824.057,0.666666117625,2.036515356576,1.202388237898
741659.707,EarthReturn,182.213219191,-83153.799154400,-58638.001788900,171719.932,-319472.917,-164765.199,0.666659509882,2.044023278549,1.207681524829
741899.707,EarthReturn,342.209230647,-82662.324447010,-58347.516760187,171927.316,-319377.954,-164706.199,0.666638072696,2.051613059838,1.213037625163
742139.707,EarthReturn,502.198267564,-82169.018207487,-58055.738598579,172134.690,-319282.973,-164647.189,0.666601303341,2.059286320054,1.218457854839
742379.707,EarthReturn,662.176587949,-81673.860201937,-57762.651751206,172341.994,-319187.863,-164588.112,0.666548679538,2.067044724953,1.223943569105
742619.707,EarthReturn,822.140322024,-81176.829790978,-57468.240335067,172549.210,-319092.587,-164528.949,0.666479658545,2.074889988148,1.229496164051
742859.707,EarthReturn,982.085467202,-80677.905918038,-57172.488127042,172756.425,-318997.311,-164469.787,0.666393676193,2.082823872914,1.235117078205
743099.707,EarthReturn,1142.007882822,-80177.067097211,-56875.378553503,172963.491,-318901.758,-164410.482,0.666290145877,2.090848194067,1.240807794217
743339.707,EarthReturn,1301.903284642,-79674.291400656,-56576.894679514,173170.547,-318806.187,-164351.167,0.666168457480,2.098964819937,1.246569840619
743579.707,EarthReturn,1461.767239054,-79169.556445506,-56277.019197606,173377.533,-318710.485,-164291.786,0.666027976246,2.107175674427,1.252404793668
743819.707,EarthReturn,1621.595157038,-78662.839380271,-55975.734416086,173584.429,-318614.619,-164232.319,0.665868041585,2.115482739180,1.258314279291
744059.707,EarthReturn,1781.382287802,-78154.116870713,-55673.022246874,173791.326,-318518.753,-164172.853,0.665687965806,2.123888055844,1.264299975119
744299.707,EarthReturn,1941.123712124,-77643.365085163,-55368.864192844,173998.071,-318422.609,-164113.243,0.665487032779,2.132393728449,1.270363612627
744539.707,EarthReturn,2100.814335361,-77130.559679250,-55063.241334629,174204.807,-318326.448,-164053.624,0.665264496525,2.141001925899,1.276506979384
744779.707,EarthReturn,2260.448880099,-76615.675780020,-54756.134316879,174411.473,-318230.157,-163993.939,0.665019579710,2.149714884587,1.282731921417
745019.707,EarthReturn,2420.021878447,-76098.687969413,-54447.523333938,174618.048,-318133.701,-163934.168,0.664751472062,2.158534911147,1.289040345700
745259.707,EarthReturn,2579.527663928,-75579.570267062,-54137.388114897,174824.624,-318037.245,-163874.397,0.664459328683,2.167464385337,1.295434222772
745499.707,EarthReturn,2738.960362954,-75058.296112379,-53825.707908019,175031.047,-317940.511,-163814.484,0.664142268267,2.176505763070,1.301915589498
745739.707,EarthReturn,2898.313885871,-74534.838345905,-53512.461464471,175237.461,-317843.761,-163754.562,0.663799371200,2.185661579603,1.308486551969
745979.707,EarthReturn,3057.581917517,-74009.169189859,-53197.627021345,175443.804,-317746.880,-163694.572,0.663429677550,2.194934452892,1.315149288573
746219.707,EarthReturn,3216.757907297,-73481.260227881,-52881.182283924,175650.057,-317649.835,-163634.498,0.663032184932,2.204327087119,1.321906053216
746459.707,EarthReturn,3375.835058723,-72951.082383887,-52563.104407151,175856.309,-317552.790,-163574.424,0.662605846226,2.213842276408,1.328759178741
746699.707,EarthReturn,3534.806318390,-72418.605900023,-52243.369976258,176062.409,-317455.467,-163514.207,0.662149567170,2.223482908739,1.335711080516
746939.707,EarthReturn,3693.664364358,-71883.800313645,-51921.954986508,176268.499,-317358.128,-163453.982,0.661662203780,2.233251970071,1.342764260242
747179.707,EarthReturn,3852.401593890,-71346.634433291,-51598.834821994,176474.517,-317260.659,-163393.689,0.661142559612,2.243152548692,1.349921309971
747419.707,EarthReturn,4011.010110519,-70807.076313572,-51273.984233454,176680.444,-317163.025,-163333.312,0.660589382844,2.253187839807,1.357184916350
747659.707,EarthReturn,4169.481710386,-70265.093228939,-50947.377315031,176886.372,-317065.391,-163272.935,0.660001363159,2.263361150381,1.364557865120
747899.707,EarthReturn,4327.807867806,-69720.651646251,-50618.987479928,177092.145,-316967.481,-163212.415,0.659377128428,2.273675904252,1.372043045871
748139.707,EarthReturn,4485.979720013,-69173.717196086,-50288.787434880,177297.909,-316869.553,-163151.887,0.658715241163,2.284135647536,1.379643457089
748379.707,EarthReturn,4643.988051026,-68624.254642710,-49956.749153390,177503.601,-316771.495,-163091.291,0.658014194726,2.294744054340,1.387362211497
748619.707,EarthReturn,4801.823274568,-68072.227852644,-49622.843847632,177709.201,-316673.274,-163030.611,0.657272409281,2.305504932807,1.395202541723
748859.707,EarthReturn,4959.475415990,-67517.599761735,-49287.041938966,177914.802,-316575.052,-162969.931,0.656488227460,2.316422231516,1.403167806315
749099.707,EarthReturn,5116.934093108,-66960.332340646,-48949.313026954,178120.247,-316476.554,-162909.109,0.655659909728,2.327500046251,1.411261496131
749339.707,EarthReturn,5274.188495898,-66400.386558670,-48609.625856799,178325.683,-316378.038,-162848.278,0.654785629407,2.338742627191,1.419487241128
749579.707,EarthReturn,5431.227364947,-65837.722345776,-48267.948285106,178531.046,-316279.394,-162787.380,0.653863467352,2.350154386520,1.427848817581
749819.707,EarthReturn,5588.038968580,-65272.298552764,-47924.247243854,178736.318,-316180.585,-162726.398,0.652891406230,2.361739906506,1.436350155764
750059.707,EarthReturn,5744.611078575,-64704.072909427,-47578.488702460,178941.589,-316081.776,-162665.416,0.651867324384,2.373503948083,1.444995348136
750299.707,EarthReturn,5900.930944334,-64133.001980586,-47230.637627825,179146.704,-315982.691,-162604.292,0.650788989229,2.385451459967,1.453788658055
750539.707,EarthReturn,6056.985265427,-63559.041119877,-46880.657942212,179351.810,-315883.588,-162543.159,0.649654050160,2.397587588343,1.462734529080
750779.707,EarthReturn,6212.760162354,-62982.144421128,-46528.512478818,179556.843,-315784.357,-162481.959,0.648460030909,2.409917687182,1.471837594893
751019.707,EarthReturn,6368.241145416,-62402.264667189,-46174.162934893,179761.783,-315684.961,-162420.675,0.647204321311,2.422447329213,1.481102689898
751259.707,EarthReturn,6523.413081526,-61819.353276043,-45817.569822213,179966.723,-315585.566,-162359.391,0.645884168431,2.435182317623,1.490534860553
751499.707,EarthReturn,6678.260158811,-61233.360244013,-45458.692414757,180171.507,-315485.894,-162297.965,0.644496666980,2.448128698528,1.500139377489
751739.707,EarthReturn,6832.765848815,-60644.234085883,-45097.488693362,180376.281,-315386.206,-162236.531,0.643038748965,2.461292774276,1.509921748491
751979.707,EarthReturn,6986.912866133,-60051.921771711,-44733.915287157,180580.981,-315286.388,-162175.030,0.641507172493,2.474681117661,1.519887732404
752151.090,EarthReturn,7096.759115343,-59626.973854441,-44472.814012713,180727.090,-315214.991,-162131.052,0.640366509832,2.484382718555,1.527120098611
752398.795,EarthReturn,7255.360763527,-59009.695174780,-44093.448448027,180938.266,-315111.800,-162067.489,0.639428479643,2.499136522271,1.536838236942
752638.795,EarthReturn,7408.615051040,-58408.222521200,-43723.351102259,181142.758,-315011.617,-162005.801,0.637676322444,2.513176853753,1.547340350772
752878.795,EarthReturn,7561.438390009,-57803.350165701,-43350.708463092,181347.197,-314911.343,-161944.065,0.635836553576,2.527468687944,1.558050182735
753118.795,EarthReturn,7713.809248271,-57195.016785528,-42975.469824059,181551.606,-314811.014,-161882.301,0.633904920009,2.542020102806,1.568974907564
753358.795,EarthReturn,7865.705042198,-56583.159074850,-42597.582714775,181755.877,-314710.448,-161820.414,0.631876909467,2.556839549661,1.580122053498
753598.795,EarthReturn,8017.102072175,-55967.711652470,-42216.992813403,181960.149,-314609.881,-161758.528,0.629747730933,2.571935875774,1.591499524996
753838.795,EarthReturn,8167.975453187,-55348.606963929,-41833.643853455,182164.306,-314509.113,-161696.538,0.627512293394,2.587318348620,1.603115627253
754078.795,EarthReturn,8318.299040076,-54725.775177555,-41447.477524481,182368.409,-314408.254,-161634.502,0.625165182642,2.602996681996,1.614979092697
754318.795,EarthReturn,8468.045346979,-54099.144074015,-41058.433366138,182572.481,-314307.340,-161572.437,0.622700635912,2.618981064140,1.627099109647
754558.795,EarthReturn,8617.185460394,-53468.638928859,-40666.448655097,182776.416,-314206.189,-161510.250,0.620112514135,2.635282188050,1.639485353364
754798.795,EarthReturn,8765.688945270,-52834.182387499,-40271.458284198,182980.351,-314105.037,-161448.064,0.617394271529,2.651911284189,1.652148019703
755038.795,EarthReturn,8913.523743462,-52195.694332036,-39873.394633180,183184.169,-314003.685,-161385.774,0.614538922230,2.668880155831,1.665097861666
755278.795,EarthReturn,9060.656063775,-51553.091739256,-39472.187430265,183387.935,-313902.242,-161323.437,0.611539003639,2.686201217266,1.678346229111
755518.795,EarthReturn,9207.050262787,-50906.288529089,-39067.763603803,183591.668,-313800.744,-161261.072,0.608386536079,2.703887535177,1.691905111987
755758.795,EarthReturn,9352.668715506,-50255.195402728,-38660.047123074,183795.264,-313699.008,-161198.585,0.605072978348,2.721952873470,1.705787187433
755998.795,EarthReturn,9497.471674809,-49599.719669539,-38248.958827289,183998.860,-313597.273,-161136.098,0.601589178662,2.740411741923,1.720005871177
756238.795,EarthReturn,9641.417118511,-48939.765061794,-37834.416241688,184202.338,-313495.337,-161073.508,0.597925320436,2.759279449037,1.734575373701
756478.795,EarthReturn,9784.460582730,-48275.231536180,-37416.333379536,184405.764,-313393.310,-161010.871,0.594070862251,2.778572159515,1.749510761689
756718.795,EarthReturn,9926.554980074,-47606.015060907,-36994.620528679,184609.157,-313291.229,-160948.207,0.590014471282,2.798306956857,1.764828025375
756958.795,EarthReturn,10067.650400992,-46932.007387124,-36569.184021159,184812.412,-313188.910,-160885.420,0.585743949346,2.818501911620,1.780544152443
757198.795,EarthReturn,10207.693896383,-46253.095803211,-36139.925984238,185015.666,-313086.592,-160822.634,0.581246150597,2.839176155939,1.796677209269
757438.795,EarthReturn,10346.629239353,-45569.162870376,-35706.744070944,185218.803,-312984.073,-160759.744,0.576506889769,2.860349965009,1.813246430358
757678.795,EarthReturn,10484.396663678,-44880.086137774,-35269.531168088,185421.886,-312881.463,-160696.808,0.571510839675,2.882044846288,1.830272316979
757918.795,EarthReturn,10620.932576238,-44185.737835209,-34828.175079378,185624.937,-312778.799,-160633.844,0.566241416477,2.904283637301,1.847776746125
758158.795,EarthReturn,10756.169240280,-43485.984541236,-34382.558181024,185827.849,-312675.898,-160570.759,0.560680651015,2.927090613030,1.865783091096
758398.795,EarthReturn,10890.034425922,-42780.686824226,-33932.557046859,186030.760,-312572.997,-160507.673,0.554809044176,2.950491604001,1.884316355195
758638.795,EarthReturn,11022.451023813,-42069.698853680,-33478.042039633,186233.553,-312469.895,-160444.485,0.548605403987,2.974514126337,1.903403320230
758878.795,EarthReturn,11153.336617217,-41352.867978755,-33018.876864693,186436.292,-312366.703,-160381.250,0.542046661667,2.999187525218,1.923072711814
759118.795,EarthReturn,11282.603007123,-40630.034270594,-32554.918081754,186638.999,-312263.457,-160317.986,0.535107663469,3.024543133379,1.943355383716
759358.795,EarthReturn,11410.155684114,-39901.030024615,-32086.014569877,186841.565,-312159.974,-160254.602,0.527760934494,3.050614446521,1.964284523910
759598.795,EarthReturn,11535.893239751,-39165.679218471,-31612.006940095,187044.132,-312056.491,-160191.218,0.519976410044,3.077437317763,1.985895885382
759838.795,EarthReturn,11659.706709065,-38423.796920817,-31132.726889319,187246.579,-311952.808,-160127.731,0.511721129208,3.105050173575,2.008228045254
760078.795,EarthReturn,11781.478834364,-37675.188645393,-30647.996488243,187448.972,-311849.035,-160064.197,0.502958884407,3.133494254000,2.031322696407
760318.795,EarthReturn,11901.083238903,-36919.649644225,-30157.627394892,187651.332,-311745.207,-160000.636,0.493649819375,3.162813880359,2.055224976477
760558.795,EarthReturn,12018.383497004,-36156.964132918,-29661.419984146,187853.551,-311641.143,-159936.953,0.483749966588,3.193056754155,2.079983839973
760798.795,EarthReturn,12133.232084831,-35386.904440043,-29159.162382121,188055.771,-311537.078,-159873.271,0.473210713314,3.224274291418,2.105652480300
761038.795,EarthReturn,12245.469193163,-34609.230071550,-28650.629392493,188257.870,-311432.815,-159809.486,0.461978183205,3.256521997396,2.132288809713
761278.795,EarthReturn,12354.921380070,-33823.686679851,-28135.581299735,188459.915,-311328.460,-159745.654,0.449992517560,3.289859887266,2.159956006723
761518.795,EarthReturn,12461.400037143,-33030.004925770,-27613.762531772,188661.927,-311224.052,-159681.795,0.437187036900,3.324352959404,2.188723142355
761758.795,EarthReturn,12564.699637836,-32227.899219850,-27084.900161533,188863.797,-311119.407,-159617.814,0.423487259175,3.360071728787,2.218665898838
761998.795,EarthReturn,12664.595730102,-31417.066327570,-26548.702223324,189065.667,-311014.763,-159553.834,0.408809745387,3.397092829260,2.249867397114
762238.795,EarthReturn,12760.842627750,-30597.183820759,-26004.855815603,189267.417,-310909.919,-159489.751,0.393060736538,3.435499694801,2.282419152885
762478.795,EarthReturn,12853.170745229,-29767.908354869,-25453.024956535,189469.111,-310804.984,-159425.622,0.376134536934,3.475383331422,2.316422185135
762718.795,EarthReturn,12941.283508472,-28928.873748808,-24892.848152350,189670.773,-310699.995,-159361.465,0.357911587572,3.516843193130,2.351988306237
762958.795,EarthReturn,13024.853759250,-28079.688840521,-24323.935630807,189872.292,-310594.771,-159297.187,0.338256158714,3.559988177317,2.389241629238
763198.795,EarthReturn,13103.519551279,-27219.935087634,-23745.866182563,190073.811,-310489.547,-159232.910,0.317013571803,3.604937757056,2.428320336039
763438.795,EarthReturn,13176.879211935,-26349.163877967,-23158.183541599,190275.209,-310384.123,-159168.530,0.294006835989,3.651823269976,2.469378760420
763678.795,EarthReturn,13244.485512125,-25466.893509768,-22560.392221400,190476.551,-310278.610,-159104.104,0.269032551791,3.700789385493,2.512589852789
763918.795,EarthReturn,13305.838746511,-24572.605796075,-21951.952705643,190677.861,-310173.041,-159039.650,0.241855890847,3.751995773912,2.558148109979
764158.795,EarthReturn,13360.378473757,-23665.742241834,-21332.275869746,190879.027,-310067.238,-158975.075,0.212204402215,3.805619001664,2.606273074410
764398.795,EarthReturn,13407.473597563,-22745.699736681,-20700.716481487,191080.192,-309961.435,-158910.500,0.179760316576,3.861854675853,2.657213533797
764638.795,EarthReturn,13446.410378087,-21811.825701187,-20056.565593460,191281.236,-309855.433,-158845.824,0.144150911510,3.920919856646,2.711252587138
764878.795,EarthReturn,13476.377841570,-20863.412621052,-19399.041595234,191482.225,-309749.340,-158781.101,0.104936351633,3.983055745056,2.768713787202
765118.795,EarthReturn,13496.449891678,-19899.691904326,-18727.279636050,191683.180,-309643.193,-158716.350,0.061594208925,4.048530631622,2.829968627083
765358.795,EarthReturn,13505.563202085,-18919.827004629,-18040.319056194,191883.990,-309536.812,-158651.479,0.013499574196,4.117643050070,2.895445712105
765598.795,EarthReturn,13502.489661052,-17922.905774919,-17337.088372395,192084.801,-309430.430,-158586.608,-0.040100749867,4.190725005157,2.965642052661
765838.795,EarthReturn,13485.801707954,-16907.932062208,-16616.387244347,192285.489,-309323.850,-158521.635,-0.100122092242,4.268145010777,3.041137032528
766078.795,EarthReturn,13453.828293257,-15873.816642495,-15876.864699305,192486.122,-309217.179,-158456.616,-0.167686804089,4.350310439356,3.122609753643
766318.795,EarthReturn,13404.598322400,-14819.367760074,-15116.992703366,192686.720,-309110.455,-158391.569,-0.244184533185,4.437668268402,3.210860629613
766558.795,EarthReturn,13335.767179829,-13743.281834772,-14335.033936928,192887.174,-309003.495,-158326.403,-0.331354219288,4.530702572419,3.306838280039
766798.795,EarthReturn,13244.520067756,-12644.135440469,-13529.002361162,193087.628,-308896.536,-158261.236,-0.431397206908,4.629925784152,3.411672914579
767038.795,EarthReturn,13127.443111749,-11520.380632654,-12696.614875892,193287.958,-308789.379,-158195.967,-0.547135617353,4.735858338680,3.526717357028
767278.795,EarthReturn,12980.348964508,-10370.347475791,-11835.232142438,193488.232,-308682.131,-158130.652,-0.682237576958,4.848986850045,3.653596321835
767518.795,EarthReturn,12798.037146252,-9192.260889022,-10941.786676694,193688.472,-308574.829,-158065.310,-0.841542725298,4.969682537160,3.794262749881
767758.795,EarthReturn,12573.959252856,-7984.285055212,-10012.697099701,193888.567,-308467.293,-157999.847,-1.031540257569,5.098045323783,3.951055115867
767998.795,EarthReturn,12299.743321626,-6744.620361083,-9043.770153236,194088.661,-308359.757,-157934.385,-1.261081449236,5.233606800356,4.126737285980
768238.795,EarthReturn,11964.506919312,-5471.700782345,-8030.099611524,194288.632,-308252.023,-157868.821,-1.542453602188,5.374759898916,4.324472185197
768478.795,EarthReturn,11553.851037122,-4164.585599368,-6965.990515870,194488.546,-308144.198,-157803.211,-1.893002562525,5.517647913152,4.547606249423
768718.795,EarthReturn,11048.375262101,-2823.733307659,-5844.985368873,194688.426,-308036.320,-157737.573,-2.337538783666,5.653962592436,4.798958792884
768951.168,EarthReturn,10443.633814513,-1496.510594989,-4698.890279986,194881.812,-307931.644,-157673.906,-2.890950437480,5.763592891290,5.069565930233
769014.221,EarthReturn,10255.847922124,-1132.360357239,-4376.795900296,194934.286,-307903.240,-157656.630,-3.067606847323,5.786145394111,5.147182748043
769077.198,EarthReturn,10056.758256693,-767.380547387,-4050.167155021,194986.697,-307874.871,-157639.375,-3.257278544503,5.803834622418,5.225921359285
769140.176,EarthReturn,9845.277440190,-401.461955909,-3718.547236545,195039.109,-307846.502,-157622.119,-3.461314752659,5.815760289161,5.305618472943
769419.639,EarthReturn,8731.609307401,1221.489716028,-2186.331355873,195271.574,-307720.438,-157545.460,-4.569931160375,5.761236772679,5.654552067199
769659.639,EarthReturn,7488.701193018,2574.151338305,-799.358762462,195471.126,-307612.038,-157479.555,-5.839241959341,5.455663798258,5.882584891535
769899.639,EarthReturn,5906.545952163,3804.943036191,620.182633401,195670.658,-307503.607,-157413.635,-7.378043598559,4.708983800516,5.893395647586
770139.639,EarthReturn,3946.313048466,4784.653699617,1994.591109840,195870.028,-307394.919,-157347.583,-8.916721528698,3.350787279450,5.471955264945
