t_sec,phase,orion_x,orion_y,orion_z,moon_x,moon_y,moon_z,orion_vx,orion_vy,orion_vz
151.613,EarthOrbit,-16823.511,23628.505,409.905,-238101.521,317361.711,105.367,-4.586448605,2.170019705,0.041904539
391.613,EarthOrbit,-17916.463,24138.512,419.775,-238297.772,317225.395,105.216,-4.521954532,2.081310884,0.040366756
631.613,EarthOrbit,-18994.272,24628.105,429.291,-238494.023,317089.080,105.066,-4.460236335,1.999744368,0.038949355
871.613,EarthOrbit,-20057.586,25098.893,438.480,-238690.055,316952.475,104.916,-4.401136617,1.924469797,0.037638242
1111.613,EarthOrbit,-21107.014,25552.296,447.365,-238886.085,316815.868,104.766,-4.344501571,1.854767122,0.036421457
1351.613,EarthOrbit,-22143.132,25989.577,455.969,-239082.007,316679.119,104.616,-4.290183605,1.790022652,0.035288783
1591.613,EarthOrbit,-23166.477,26411.861,464.310,-239277.817,316542.222,104.466,-4.238042755,1.729710162,0.034231442
1831.613,EarthOrbit,-24177.556,26820.156,472.405,-239473.626,316405.324,104.317,-4.187947343,1.673375867,0.033241851
2071.613,EarthOrbit,-25176.845,27215.369,480.271,-239669.217,316268.140,104.168,-4.139774135,1.620626373,0.032313420
2311.613,EarthOrbit,-26164.792,27598.316,487.920,-239864.805,316130.952,104.017,-4.093408213,1.571118953,0.031440400
2551.613,EarthOrbit,-27141.817,27969.741,495.366,-240060.285,315993.623,103.869,-4.048742658,1.524553637,0.030617750
2791.613,EarthOrbit,-28108.317,28330.316,502.620,-240255.651,315856.146,103.719,-4.005678132,1.480666731,0.029841030
3031.613,TransLunarCoast,-29064.663,28680.656,509.693,-240451.018,315718.669,103.570,-3.964122410,1.439225483,0.029106317
3271.613,TransLunarCoast,-30011.209,29021.324,516.594,-240646.165,315580.906,103.422,-3.923989898,1.400023660,0.028410128
3511.613,TransLunarCoast,-30948.286,29352.832,523.333,-240841.310,315443.139,103.272,-3.885201148,1.362877863,0.027749360
3751.613,TransLunarCoast,-31876.207,29675.656,529.917,-241036.346,315305.231,103.123,-3.847682393,1.327624439,0.027121242
3991.613,TransLunarCoast,-32795.270,29990.232,536.353,-241231.268,315167.175,102.974,-3.811365103,1.294116885,0.026523288
4231.613,TransLunarCoast,-33705.754,30296.961,542.650,-241426.190,315029.120,102.825,-3.776185573,1.262223643,0.025953264
4471.613,TransLunarCoast,-34607.925,30596.219,548.813,-241620.891,314890.779,102.677,-3.742084536,1.231826235,0.025409155
4711.613,TransLunarCoast,-35502.036,30888.349,554.848,-241815.591,314752.435,102.529,-3.709006805,1.202817668,0.024889139
4951.613,TransLunarCoast,-36388.326,31173.674,560.762,-242010.181,314613.950,102.380,-3.676900947,1.175101068,0.024391564
5191.613,TransLunarCoast,-37267.022,31452.494,566.558,-242204.657,314475.317,102.232,-3.645718980,1.148588499,0.023914929
5431.613,TransLunarCoast,-38138.341,31725.087,572.242,-242399.133,314336.686,102.083,-3.615416099,1.123199956,0.023457865
5671.613,TransLunarCoast,-39002.489,31991.714,577.819,-242593.388,314197.768,101.936,-3.585950425,1.098862480,0.023019124
5911.613,TransLunarCoast,-39859.661,32252.620,583.293,-242787.640,314058.849,101.788,-3.557282770,1.075509395,0.022597565
6151.613,TransLunarCoast,-40710.046,32508.032,588.667,-242981.782,313919.787,101.640,-3.529376435,1.053079641,0.022192139
6391.613,TransLunarCoast,-41553.820,32758.167,593.946,-243175.811,313780.580,101.493,-3.502197010,1.031517190,0.021801885
6631.613,TransLunarCoast,-42391.156,33003.226,599.133,-243369.839,313641.372,101.344,-3.475712205,1.010770534,0.021425917
6871.613,TransLunarCoast,-43222.215,33243.398,604.232,-243563.644,313501.880,101.197,-3.449891685,0.990792237,0.021063419
7111.613,TransLunarCoast,-44047.155,33478.864,609.245,-243757.448,313362.386,101.050,-3.424706930,0.971538535,0.020713637
7351.613,TransLunarCoast,-44866.123,33709.792,614.175,-243951.142,313222.750,100.903,-3.400131095,0.952968982,0.020375874
7591.613,TransLunarCoast,-45679.264,33936.341,619.026,-244144.721,313082.970,100.755,-3.376138893,0.935046146,0.020049484
7831.613,TransLunarCoast,-46486.715,34158.663,623.800,-244338.299,312943.188,100.608,-3.352706480,0.917735323,0.019733867
8071.613,TransLunarCoast,-47288.606,34376.900,628.499,-244531.654,312803.123,100.461,-3.329811354,0.901004297,0.019428465
8311.613,TransLunarCoast,-48085.065,34591.189,633.126,-244725.009,312663.056,100.313,-3.307432260,0.884823113,0.019132761
8551.613,TransLunarCoast,-48876.213,34801.657,637.684,-244918.251,312522.847,100.166,-3.285549104,0.869163888,0.018846272
8791.613,TransLunarCoast,-49662.167,35008.427,642.173,-245111.379,312382.493,100.020,-3.264142874,0.854000624,0.018568547
9031.613,TransLunarCoast,-50443.039,35211.615,646.597,-245304.506,312242.141,99.873,-3.243195568,0.839309059,0.018299164
9271.613,TransLunarCoast,-51218.936,35411.331,650.958,-245497.409,312101.504,99.727,-3.222690125,0.825066516,0.018037730
9511.613,TransLunarCoast,-51989.964,35607.681,655.256,-245690.311,311960.865,99.580,-3.202610362,0.811251778,0.017783876
9751.613,TransLunarCoast,-52756.222,35800.765,659.494,-245883.101,311820.085,99.434,-3.182940922,0.797844970,0.017537255
9991.613,TransLunarCoast,-53517.807,35990.678,663.674,-246075.776,311679.161,99.287,-3.163667217,0.784827454,0.017297545
10231.613,TransLunarCoast,-54274.813,36177.512,667.798,-246268.451,311538.236,99.141,-3.144775379,0.772181735,0.017064439
10471.613,TransLunarCoast,-55027.329,36361.354,671.866,-246460.901,311397.029,98.996,-3.126252220,0.759891368,0.016837651
10711.613,TransLunarCoast,-55775.443,36542.287,675.880,-246653.349,311255.820,98.849,-3.108085183,0.747940887,0.016616911
10951.613,TransLunarCoast,-56519.237,36720.391,679.843,-246845.685,311114.470,98.703,-3.090262309,0.736315728,0.016401964
11191.613,TransLunarCoast,-57258.795,36895.743,683.754,-247037.906,310972.976,98.558,-3.072772201,0.725002164,0.016192570
11481.828,TransLunarCoast,-58147.542,37104.212,688.417,-247270.299,310801.822,98.381,-3.052051640,0.711719232,0.015946461
11721.828,TransLunarCoast,-58878.013,37273.739,692.220,-247462.292,310660.044,98.236,-3.035258854,0.701049178,0.015748551
11961.828,TransLunarCoast,-59604.490,37440.738,695.977,-247654.284,310518.266,98.090,-3.018765663,0.690651653,0.015555510
12201.828,TransLunarCoast,-60327.044,37605.272,699.687,-247846.117,310376.289,97.945,-3.002562690,0.680515854,0.015367150
12441.828,TransLunarCoast,-61045.743,37767.405,703.353,-248037.881,310234.228,97.800,-2.986640968,0.670631556,0.015183290
12681.828,TransLunarCoast,-61760.653,37927.195,706.976,-248229.599,310092.109,97.654,-2.970991918,0.660989069,0.015003760
12921.828,TransLunarCoast,-62471.840,38084.699,710.556,-248421.136,309949.764,97.509,-2.955607328,0.651579205,0.014828399
13161.828,TransLunarCoast,-63179.365,38239.971,714.094,-248612.671,309807.418,97.364,-2.940479335,0.642393248,0.014657054
13401.828,TransLunarCoast,-63883.290,38393.065,717.591,-248804.046,309664.875,97.219,-2.925600400,0.633422919,0.014489579
13641.828,TransLunarCoast,-64583.673,38544.031,721.049,-248995.353,309522.248,97.075,-2.910963299,0.624660353,0.014325835
13881.828,TransLunarCoast,-65280.571,38692.918,724.468,-249186.613,309379.563,96.930,-2.896561099,0.616098069,0.014165691
14121.828,TransLunarCoast,-65974.040,38839.773,727.849,-249377.691,309236.652,96.785,-2.882387148,0.607728951,0.014009021
14361.828,TransLunarCoast,-66664.135,38984.642,731.193,-249568.768,309093.742,96.641,-2.868435058,0.599546224,0.013855705
14601.828,TransLunarCoast,-67350.906,39127.570,734.500,-249759.685,308950.633,96.497,-2.854698694,0.591543429,0.013705630
14841.828,TransLunarCoast,-68034.407,39268.597,737.772,-249950.532,308807.441,96.353,-2.841172158,0.583714415,0.013558687
15081.828,TransLunarCoast,-68714.685,39407.766,741.008,-250141.333,308664.191,96.208,-2.827849778,0.576053308,0.013414772
15321.828,TransLunarCoast,-69391.791,39545.116,744.211,-250331.949,308520.716,96.064,-2.814726101,0.568554507,0.013273786
15561.828,TransLunarCoast,-70065.769,39680.685,747.380,-250522.566,308377.242,95.920,-2.801795877,0.561212660,0.013135634
15801.828,TransLunarCoast,-70736.668,39814.510,750.516,-250713.022,308233.570,95.777,-2.789054051,0.554022653,0.013000226
16041.828,TransLunarCoast,-71404.530,39946.627,753.620,-250903.408,308089.813,95.633,-2.776495755,0.546979599,0.012867475
16281.828,TransLunarCoast,-72069.400,40077.072,756.693,-251093.749,307946.001,95.489,-2.764116299,0.540078822,0.012737298
16521.828,TransLunarCoast,-72731.320,40205.876,759.734,-251283.903,307801.964,95.346,-2.751911161,0.533315845,0.012609615
16761.828,TransLunarCoast,-73390.331,40333.074,762.746,-251474.059,307657.927,95.202,-2.739875980,0.526686385,0.012484352
17001.828,TransLunarCoast,-74046.474,40458.696,765.727,-251664.051,307513.693,95.059,-2.728006550,0.520186335,0.012361434
17241.828,TransLunarCoast,-74699.787,40582.773,768.679,-251853.975,307369.375,94.915,-2.716298811,0.513811761,0.012240792
17481.828,TransLunarCoast,-75350.310,40705.335,771.603,-252043.852,307225.001,94.772,-2.704748844,0.507558891,0.012122358
17721.828,TransLunarCoast,-75998.079,40826.411,774.498,-252233.545,307080.403,94.630,-2.693352865,0.501424103,0.012006069
17961.828,TransLunarCoast,-76643.131,40946.028,777.366,-252423.236,306935.804,94.486,-2.682107215,0.495403924,0.011891863
18201.828,TransLunarCoast,-77285.502,41064.214,780.206,-252612.765,306791.010,94.344,-2.671008362,0.489495017,0.011779679
18441.828,TransLunarCoast,-77925.226,41180.994,783.020,-252802.225,306646.132,94.201,-2.660052889,0.483694177,0.011669462
18681.828,TransLunarCoast,-78562.339,41296.395,785.808,-252991.638,306501.197,94.058,-2.649237491,0.477998325,0.011561155
18921.828,TransLunarCoast,-79196.871,41410.442,788.570,-253180.864,306356.039,93.915,-2.638558972,0.472404499,0.011454706
19161.828,TransLunarCoast,-79828.858,41523.158,791.306,-253370.091,306210.882,93.772,-2.628014239,0.466909850,0.011350065
19401.828,TransLunarCoast,-80458.329,41634.566,794.018,-253559.154,306065.528,93.630,-2.617600296,0.461511637,0.011247182
19641.828,TransLunarCoast,-81085.316,41744.691,796.705,-253748.148,305920.091,93.488,-2.607314246,0.456207223,0.011146011
19881.828,TransLunarCoast,-81709.850,41853.553,799.368,-253937.095,305774.598,93.347,-2.597153278,0.450994065,0.011046505
20121.828,TransLunarCoast,-82331.959,41961.175,802.008,-254125.855,305628.883,93.204,-2.587114672,0.445869717,0.010948621
20361.828,TransLunarCoast,-82951.674,42067.577,804.624,-254314.615,305483.167,93.062,-2.577195791,0.440831820,0.010852317
20601.828,TransLunarCoast,-83569.023,42172.781,807.217,-254503.211,305337.256,92.921,-2.567394076,0.435878100,0.010757552
20841.828,TransLunarCoast,-84184.033,42276.805,809.787,-254691.738,305191.262,92.779,-2.557707050,0.431006364,0.010664287
21081.828,TransLunarCoast,-84796.731,42379.670,812.336,-254880.217,305045.212,92.637,-2.548132306,0.426214495,0.010572484
21321.828,TransLunarCoast,-85407.145,42481.395,814.862,-255068.509,304898.940,92.495,-2.538667511,0.421500453,0.010482106
21561.828,TransLunarCoast,-86015.300,42581.997,817.367,-255256.801,304752.668,92.355,-2.529310400,0.416862267,0.010393117
21801.828,TransLunarCoast,-86621.222,42681.494,819.851,-255444.928,304606.201,92.214,-2.520058774,0.412298032,0.010305485
22041.828,TransLunarCoast,-87224.937,42779.905,822.314,-255632.985,304459.651,92.072,-2.510910498,0.407805910,0.010219175
22281.828,TransLunarCoast,-87826.467,42877.247,824.756,-255820.995,304313.045,91.931,-2.501863498,0.403384125,0.010134156
22521.828,TransLunarCoast,-88425.839,42973.535,827.179,-256008.817,304166.219,91.790,-2.492915760,0.399030959,0.010050397
22761.828,TransLunarCoast,-89023.075,43068.787,829.581,-256196.639,304019.392,91.649,-2.484065324,0.394744751,0.009967868
23001.828,TransLunarCoast,-89618.198,43163.018,831.963,-256384.296,303872.370,91.507,-2.475310289,0.390523895,0.009886540
23241.828,TransLunarCoast,-90211.231,43256.244,834.326,-256571.883,303725.266,91.367,-2.466648804,0.386366838,0.009806385
23481.828,TransLunarCoast,-90802.197,43348.479,836.670,-256759.421,303578.106,91.227,-2.458079069,0.382272074,0.009727376
23721.828,TransLunarCoast,-91391.116,43439.739,838.996,-256946.772,303430.726,91.086,-2.449599334,0.378238150,0.009649487
23961.828,TransLunarCoast,-91978.011,43530.038,841.302,-257134.123,303283.345,90.946,-2.441207897,0.374263654,0.009572692
24201.828,TransLunarCoast,-92562.903,43619.390,843.591,-257321.308,303135.772,90.805,-2.432903100,0.370347222,0.009496968
24441.828,TransLunarCoast,-93145.812,43707.809,845.861,-257508.423,302988.115,90.666,-2.424683331,0.366487530,0.009422289
24681.828,TransLunarCoast,-93726.758,43795.309,848.113,-257695.489,302840.403,90.525,-2.416547018,0.362683298,0.009348633
24921.828,TransLunarCoast,-94305.761,43881.902,850.348,-257882.367,302692.471,90.385,-2.408492634,0.358933281,0.009275977
25161.828,TransLunarCoast,-94882.841,43967.601,852.566,-258069.244,302544.538,90.245,-2.400518689,0.355236276,0.009204300
25401.828,TransLunarCoast,-95458.016,44052.419,854.766,-258255.956,302396.413,90.106,-2.392623731,0.351591114,0.009133580
25641.828,TransLunarCoast,-96031.306,44136.369,856.950,-258442.597,302248.205,89.966,-2.384806349,0.347996661,0.009063798
25881.828,TransLunarCoast,-96602.729,44219.462,859.117,-258629.188,302099.942,89.827,-2.377065163,0.344451817,0.008994932
26121.828,TransLunarCoast,-97172.303,44301.710,861.268,-258815.592,301951.460,89.687,-2.369398831,0.340955515,0.008926964
26361.828,TransLunarCoast,-97740.047,44383.124,863.402,-259001.995,301802.977,89.548,-2.361806044,0.337506718,0.008859875
26601.828,TransLunarCoast,-98305.976,44463.716,865.520,-259188.231,301654.302,89.409,-2.354285525,0.334104420,0.008793647
26841.828,TransLunarCoast,-98870.109,44543.498,867.623,-259374.396,301505.545,89.270,-2.346836030,0.330747644,0.008728262
27081.828,TransLunarCoast,-99432.463,44622.479,869.710,-259560.514,301356.733,89.130,-2.339456343,0.327435440,0.008663703
27321.828,TransLunarCoast,-99993.054,44700.670,871.782,-259746.440,301207.701,88.991,-2.332145280,0.324166886,0.008599952
27561.828,TransLunarCoast,-100551.898,44778.082,873.838,-259932.367,301058.670,88.852,-2.324901684,0.320941085,0.008536995
27801.828,TransLunarCoast,-101109.012,44854.725,875.880,-260118.126,300909.447,88.713,-2.317724426,0.317757164,0.008474815
28041.828,TransLunarCoast,-101664.411,44930.609,877.906,-260303.814,300760.142,88.575,-2.310612405,0.314614278,0.008413396
28281.828,TransLunarCoast,-102218.111,45005.743,879.918,-260489.454,300610.782,88.436,-2.303564545,0.311511601,0.008352724
28521.828,TransLunarCoast,-102770.127,45080.138,881.916,-260674.903,300461.203,88.298,-2.296579796,0.308448332,0.008292784
28761.828,TransLunarCoast,-103320.474,45153.802,883.899,-260860.353,300311.624,88.160,-2.289657131,0.305423691,0.008233562
29001.828,TransLunarCoast,-103869.167,45226.744,885.868,-261045.633,300161.855,88.022,-2.282795548,0.302436919,0.008175043
29241.828,TransLunarCoast,-104416.221,45298.974,887.823,-261230.844,300012.004,87.884,-2.275994068,0.299487277,0.008117216
29481.828,TransLunarCoast,-104961.649,45370.501,889.764,-261416.005,299862.097,87.745,-2.269251734,0.296574046,0.008060066
29721.828,TransLunarCoast,-105505.466,45441.333,891.692,-261600.974,299711.973,87.607,-2.262567611,0.293696526,0.008003581
29961.828,TransLunarCoast,-106047.686,45511.478,893.606,-261785.945,299561.849,87.470,-2.255940785,0.290854034,0.007947748
30201.828,TransLunarCoast,-106588.323,45580.946,895.507,-261970.746,299411.534,87.332,-2.249370362,0.288045907,0.007892556
30441.828,TransLunarCoast,-107127.389,45649.743,897.394,-262155.475,299261.137,87.194,-2.242855469,0.285271498,0.007837992
30681.828,TransLunarCoast,-107664.898,45717.878,899.269,-262340.156,299110.687,87.056,-2.236395250,0.282530176,0.007784045
30921.828,TransLunarCoast,-108200.863,45785.360,901.131,-262524.644,298960.019,86.919,-2.229988871,0.279821327,0.007730704
31161.828,TransLunarCoast,-108735.296,45852.195,902.980,-262709.134,298809.350,86.782,-2.223635513,0.277144351,0.007677957
31401.828,TransLunarCoast,-109268.212,45918.392,904.816,-262893.453,298658.492,86.645,-2.217334376,0.274498664,0.007625795
31641.828,TransLunarCoast,-109799.621,45983.957,906.640,-263077.701,298507.552,86.508,-2.211084679,0.271883698,0.007574206
31881.828,TransLunarCoast,-110329.537,46048.898,908.452,-263261.901,298356.559,86.371,-2.204885655,0.269298898,0.007523181
32121.828,TransLunarCoast,-110857.970,46113.223,910.251,-263445.907,298205.347,86.234,-2.198736554,0.266743720,0.007472710
32361.828,TransLunarCoast,-111384.934,46176.938,912.039,-263629.914,298054.137,86.098,-2.192636643,0.264217638,0.007422783
32601.828,TransLunarCoast,-111910.440,46240.050,913.814,-263813.751,297902.736,85.961,-2.186585203,0.261720135,0.007373391
32841.828,TransLunarCoast,-112434.499,46302.566,915.578,-263997.515,297751.255,85.824,-2.180581530,0.259250708,0.007324524
33081.828,TransLunarCoast,-112957.123,46364.492,917.330,-264181.231,297599.720,85.688,-2.174624936,0.256808866,0.007276173
33321.828,TransLunarCoast,-113478.322,46425.836,919.071,-264364.753,297447.968,85.551,-2.168714746,0.254394131,0.007228330
33561.828,TransLunarCoast,-113998.109,46486.604,920.800,-264548.275,297296.216,85.415,-2.162850299,0.252006033,0.007180986
33801.828,TransLunarCoast,-114516.494,46546.801,922.517,-264731.628,297144.276,85.279,-2.157030947,0.249644116,0.007134133
34041.828,TransLunarCoast,-115033.488,46606.435,924.224,-264914.907,296992.254,85.143,-2.151256056,0.247307933,0.007087762
34281.828,TransLunarCoast,-115549.101,46665.511,925.920,-265098.139,296840.178,85.007,-2.145525004,0.244997048,0.007041866
34521.828,TransLunarCoast,-116063.343,46724.035,927.604,-265281.175,296687.887,84.871,-2.139837182,0.242711036,0.006996436
34761.828,TransLunarCoast,-116576.226,46782.014,929.278,-265464.212,296535.596,84.735,-2.134191993,0.240449481,0.006951465
35001.828,TransLunarCoast,-117087.759,46839.453,930.941,-265647.078,296383.117,84.600,-2.128588850,0.238211974,0.006906947
35241.828,TransLunarCoast,-117597.952,46896.358,932.593,-265829.872,296230.557,84.464,-2.123027181,0.235998120,0.006862872
35481.828,TransLunarCoast,-118106.815,46952.734,934.235,-266012.616,296077.943,84.328,-2.117506422,0.233807529,0.006819234
35721.828,TransLunarCoast,-118614.358,47008.587,935.867,-266195.166,295925.115,84.193,-2.112026021,0.231639822,0.006776027
35961.828,TransLunarCoast,-119120.591,47063.923,937.488,-266377.716,295772.286,84.059,-2.106585438,0.229494627,0.006733243
36201.828,TransLunarCoast,-119625.522,47118.746,939.099,-266560.094,295619.269,83.923,-2.101184141,0.227371581,0.006690876
36441.828,TransLunarCoast,-120129.162,47173.063,940.699,-266742.400,295466.173,83.788,-2.095821609,0.225270329,0.006648918
36681.828,TransLunarCoast,-120631.520,47226.878,942.290,-266924.656,295313.022,83.653,-2.090497332,0.223190524,0.006607365
36921.828,TransLunarCoast,-121132.604,47280.196,943.871,-267106.717,295159.656,83.518,-2.085210809,0.221131824,0.006566209
37161.828,TransLunarCoast,-121632.424,47333.023,945.442,-267288.778,295006.292,83.384,-2.079961546,0.219093899,0.006525444
37401.828,TransLunarCoast,-122130.988,47385.363,947.003,-267470.667,294852.740,83.249,-2.074749062,0.217076423,0.006485065
37641.828,TransLunarCoast,-122628.306,47437.221,948.555,-267652.484,294699.107,83.115,-2.069572883,0.215079077,0.006445065
37881.828,TransLunarCoast,-123124.386,47488.602,950.097,-267834.251,294545.421,82.980,-2.064432543,0.213101549,0.006405439
38121.828,TransLunarCoast,-123619.237,47539.511,951.629,-268015.822,294391.521,82.846,-2.059327586,0.211143534,0.006366181
38361.828,TransLunarCoast,-124112.866,47589.953,953.153,-268197.392,294237.622,82.711,-2.054257564,0.209204734,0.006327285
38601.828,TransLunarCoast,-124605.283,47639.931,954.667,-268378.791,294083.536,82.578,-2.049222036,0.207284856,0.006288747
38841.828,TransLunarCoast,-125096.496,47689.451,956.171,-268560.116,293929.369,82.443,-2.044220571,0.205383614,0.006250560
39081.828,TransLunarCoast,-125586.512,47738.517,957.667,-268741.393,293775.150,82.310,-2.039252743,0.203500727,0.006212721
39321.828,TransLunarCoast,-126075.340,47787.133,959.153,-268922.471,293620.717,82.177,-2.034318136,0.201635921,0.006175223
39561.828,TransLunarCoast,-126562.987,47835.303,960.631,-269103.551,293466.285,82.043,-2.029416340,0.199788926,0.006138061
39801.828,TransLunarCoast,-127049.462,47883.033,962.100,-269284.457,293311.667,81.909,-2.024546953,0.197959479,0.006101232
40041.828,TransLunarCoast,-127534.772,47930.325,963.560,-269465.290,293156.968,81.776,-2.019709580,0.196147321,0.006064729
40281.828,TransLunarCoast,-128018.925,47977.185,965.011,-269646.074,293002.216,81.642,-2.014903831,0.194352199,0.006028549
40521.828,TransLunarCoast,-128501.929,48023.616,966.453,-269826.660,292847.252,81.509,-2.010129326,0.192573865,0.005992687
40761.828,TransLunarCoast,-128983.790,48069.622,967.887,-270007.245,292692.288,81.376,-2.005385690,0.190812077,0.005957138
41001.828,TransLunarCoast,-129464.516,48115.207,969.313,-270187.658,292537.139,81.244,-2.000672553,0.189066595,0.005921897
41241.828,TransLunarCoast,-129944.115,48160.375,970.730,-270367.997,292381.910,81.111,-1.995989554,0.187337186,0.005886961
41481.828,TransLunarCoast,-130422.593,48205.130,972.139,-270548.286,292226.627,80.978,-1.991336335,0.185623621,0.005852326
41721.828,TransLunarCoast,-130899.959,48249.476,973.539,-270728.378,292071.134,80.845,-1.986712548,0.183925675,0.005817986
41961.828,TransLunarCoast,-131376.218,48293.416,974.931,-270908.469,291915.640,80.712,-1.982117848,0.182243128,0.005783939
42201.828,TransLunarCoast,-131851.378,48336.954,976.315,-271088.386,291759.961,80.580,-1.977551895,0.180575764,0.005750179
42441.828,TransLunarCoast,-132325.445,48380.093,977.691,-271268.229,291604.203,80.448,-1.973014358,0.178923370,0.005716704
42681.828,TransLunarCoast,-132798.427,48422.838,979.059,-271448.023,291448.392,80.316,-1.968504909,0.177285740,0.005683509
42921.828,TransLunarCoast,-133270.330,48465.191,980.419,-271627.618,291292.370,80.183,-1.964023226,0.175662669,0.005650590
43161.828,TransLunarCoast,-133741.160,48507.157,981.772,-271807.213,291136.348,80.051,-1.959568992,0.174053957,0.005617944
43401.828,TransLunarCoast,-134210.925,48548.738,983.116,-271986.634,290980.142,79.919,-1.955141896,0.172459408,0.005585567
43641.828,TransLunarCoast,-134679.630,48589.939,984.453,-272165.980,290823.856,79.788,-1.950741631,0.170878829,0.005553455
43881.828,TransLunarCoast,-135147.283,48630.761,985.782,-272345.277,290667.518,79.656,-1.946367896,0.169312031,0.005521606
44121.828,TransLunarCoast,-135613.889,48671.210,987.103,-272524.374,290510.969,79.525,-1.942020394,0.167758829,0.005490015
44361.828,TransLunarCoast,-136079.455,48711.287,988.417,-272703.471,290354.421,79.393,-1.937698833,0.166219040,0.005458679
44601.828,TransLunarCoast,-136543.987,48750.996,989.723,-272882.394,290197.688,79.261,-1.933402926,0.164692485,0.005427595
44841.828,TransLunarCoast,-137007.490,48790.340,991.022,-273061.242,290040.877,79.130,-1.929132390,0.163178989,0.005396759
45081.828,TransLunarCoast,-137469.972,48829.323,992.314,-273240.040,289884.013,78.999,-1.924886947,0.161678379,0.005366169
45321.828,TransLunarCoast,-137931.438,48867.947,993.598,-273418.637,289726.940,78.868,-1.920666322,0.160190487,0.005335821
45561.828,TransLunarCoast,-138391.894,48906.215,994.875,-273597.235,289569.865,78.737,-1.916470247,0.158715145,0.005305712
45801.828,TransLunarCoast,-138851.346,48944.131,996.145,-273775.658,289412.609,78.606,-1.912298456,0.157252191,0.005275839
46041.828,TransLunarCoast,-139309.799,48981.697,997.407,-273954.006,289255.273,78.475,-1.908150688,0.155801465,0.005246199
46281.828,TransLunarCoast,-139767.260,49018.917,998.663,-274132.303,289097.885,78.345,-1.904026685,0.154362808,0.005216789
46521.828,TransLunarCoast,-140223.734,49055.792,999.911,-274310.400,288940.288,78.214,-1.899926193,0.152936066,0.005187607
46761.828,TransLunarCoast,-140679.226,49092.327,1001.153,-274488.498,288782.691,78.083,-1.895848965,0.151521087,0.005158649
47001.828,TransLunarCoast,-141133.743,49128.523,1002.388,-274666.419,288624.911,77.953,-1.891794752,0.150117722,0.005129912
47241.828,TransLunarCoast,-141587.290,49164.384,1003.615,-274844.266,288467.054,77.824,-1.887763315,0.148725824,0.005101394
47481.828,TransLunarCoast,-142039.871,49199.913,1004.836,-275022.061,288309.143,77.693,-1.883754414,0.147345248,0.005073093
47721.828,TransLunarCoast,-142491.493,49235.111,1006.051,-275199.657,288151.024,77.563,-1.879767815,0.145975853,0.005045005
47961.828,TransLunarCoast,-142942.162,49269.982,1007.258,-275377.252,287992.905,77.434,-1.875803286,0.144617499,0.005017128
48201.828,TransLunarCoast,-143391.881,49304.528,1008.459,-275554.671,287834.604,77.303,-1.871860600,0.143270050,0.004989459
48441.828,TransLunarCoast,-143840.656,49338.752,1009.653,-275732.014,287676.225,77.174,-1.867939532,0.141933370,0.004961996
48681.828,TransLunarCoast,-144288.494,49372.657,1010.841,-275909.307,287517.794,77.044,-1.864039861,0.140607328,0.004934736
48921.828,TransLunarCoast,-144735.397,49406.245,1012.022,-276086.398,287359.155,76.914,-1.860161369,0.139291793,0.004907678
49161.828,TransLunarCoast,-145181.373,49439.518,1013.196,-276263.489,287200.516,76.785,-1.856303842,0.137986638,0.004880818
49401.828,TransLunarCoast,-145626.425,49472.479,1014.364,-276440.404,287041.695,76.656,-1.852467067,0.136691736,0.004854154
49641.828,TransLunarCoast,-146070.558,49505.131,1015.526,-276617.243,286882.797,76.526,-1.848650836,0.135406964,0.004827684
49881.828,TransLunarCoast,-146513.779,49537.475,1016.682,-276794.031,286723.846,76.398,-1.844854944,0.134132200,0.004801405
50121.828,TransLunarCoast,-146956.090,49569.515,1017.831,-276970.618,286564.689,76.269,-1.841079188,0.132867324,0.004775316
50361.828,TransLunarCoast,-147397.498,49601.252,1018.974,-277147.204,286405.531,76.140,-1.837323368,0.131612219,0.004749414
50601.828,TransLunarCoast,-147838.007,49632.690,1020.111,-277323.612,286246.193,76.012,-1.833587287,0.130366769,0.004723697
50841.828,TransLunarCoast,-148277.622,49663.829,1021.241,-277499.945,286086.777,75.883,-1.829870752,0.129130860,0.004698163
51081.828,TransLunarCoast,-148716.347,49694.673,1022.366,-277676.227,285927.308,75.754,-1.826173571,0.127904379,0.004672809
51321.828,TransLunarCoast,-149154.187,49725.224,1023.484,-277852.307,285767.634,75.626,-1.822495555,0.126687218,0.004647634
51561.828,TransLunarCoast,-149591.146,49755.484,1024.597,-278028.386,285607.959,75.497,-1.818836518,0.125479266,0.004622636
51751.613,TransLunarCoast,-149936.535,49778.198,1026.176,-278167.500,285481.567,75.396,-1.815950748,0.124506907,0.004638071
51991.613,TransLunarCoast,-150371.927,49807.936,1027.286,-278343.326,285321.635,75.268,-1.812325239,0.123315210,0.004613367
52231.613,TransLunarCoast,-150806.452,49837.390,1028.390,-278519.151,285161.703,75.140,-1.808718204,0.122132429,0.004588834
52471.613,TransLunarCoast,-151240.114,49866.561,1029.488,-278694.725,285001.515,75.012,-1.805129467,0.120958462,0.004564470
52711.613,TransLunarCoast,-151672.916,49895.451,1030.581,-278870.296,284841.325,74.885,-1.801558852,0.119793208,0.004540273
52951.613,TransLunarCoast,-152104.863,49924.062,1031.668,-279045.743,284681.009,74.757,-1.798006188,0.118636569,0.004516242
53191.613,TransLunarCoast,-152535.960,49952.397,1032.749,-279221.059,284520.562,74.629,-1.794471306,0.117488447,0.004492374
53431.613,TransLunarCoast,-152966.211,49980.457,1033.824,-279396.377,284360.116,74.502,-1.790954039,0.116348746,0.004468668
53671.613,TransLunarCoast,-153395.620,50008.245,1034.894,-279571.440,284199.414,74.374,-1.787454222,0.115217371,0.004445122
53911.613,TransLunarCoast,-153824.190,50035.762,1035.958,-279746.502,284038.711,74.247,-1.783971693,0.114094230,0.004421734
54151.613,TransLunarCoast,-154251.927,50063.011,1037.016,-279921.438,283877.882,74.120,-1.780506290,0.112979232,0.004398503
54391.613,TransLunarCoast,-154678.835,50089.993,1038.069,-280096.244,283716.922,73.993,-1.777057856,0.111872285,0.004375426
54631.613,TransLunarCoast,-155104.916,50116.710,1039.116,-280271.051,283555.962,73.867,-1.773626235,0.110773302,0.004352502
54871.613,TransLunarCoast,-155530.177,50143.165,1040.158,-280445.604,283394.749,73.739,-1.770211272,0.109682194,0.004329730
55111.613,TransLunarCoast,-155954.619,50169.358,1041.195,-280620.155,283233.535,73.612,-1.766812815,0.108598876,0.004307108
55351.613,TransLunarCoast,-156378.248,50195.293,1042.226,-280794.580,283072.193,73.486,-1.763430715,0.107523263,0.004284634
55591.613,TransLunarCoast,-156801.067,50220.970,1043.251,-280968.874,282910.723,73.360,-1.760064822,0.106455271,0.004262307
55831.613,TransLunarCoast,-157223.080,50246.392,1044.272,-281143.169,282749.252,73.234,-1.756714991,0.105394818,0.004240125
56071.613,TransLunarCoast,-157644.292,50271.560,1045.287,-281317.209,282587.528,73.108,-1.753381078,0.104341823,0.004218087
56311.613,TransLunarCoast,-158064.705,50296.477,1046.296,-281491.247,282425.802,72.981,-1.750062939,0.103296206,0.004196190
56551.613,TransLunarCoast,-158484.323,50321.143,1047.301,-281665.160,282263.951,72.855,-1.746760435,0.102257888,0.004174435
56791.613,TransLunarCoast,-158903.151,50345.561,1048.300,-281838.941,282101.970,72.729,-1.743473426,0.101226792,0.004152818
57031.613,TransLunarCoast,-159321.192,50369.732,1049.294,-282012.722,281939.991,72.603,-1.740201776,0.100202841,0.004131339
57271.613,TransLunarCoast,-159738.449,50393.659,1050.283,-282186.249,281777.758,72.478,-1.736945348,0.099185960,0.004109996
57511.613,TransLunarCoast,-160154.927,50417.342,1051.267,-282359.772,281615.524,72.352,-1.733704010,0.098176074,0.004088789
57751.613,TransLunarCoast,-160570.628,50440.784,1052.246,-282533.170,281453.164,72.227,-1.730477629,0.097173111,0.004067714
57991.613,TransLunarCoast,-160985.557,50463.986,1053.219,-282706.437,281290.676,72.101,-1.727266075,0.096176999,0.004046772
58231.613,TransLunarCoast,-161399.717,50486.949,1054.188,-282879.704,281128.188,71.976,-1.724069220,0.095187665,0.004025961
58471.613,TransLunarCoast,-161813.111,50509.676,1055.152,-283052.715,280965.447,71.850,-1.720886936,0.094205041,0.004005279
58711.613,TransLunarCoast,-162225.744,50532.168,1056.111,-283225.724,280802.706,71.725,-1.717719097,0.093229057,0.003984725
58951.613,TransLunarCoast,-162637.618,50554.427,1057.065,-283398.606,280639.840,71.601,-1.714565581,0.092259645,0.003964298
59191.613,TransLunarCoast,-163048.736,50576.454,1058.014,-283571.356,280476.846,71.476,-1.711426264,0.091296738,0.003943997
59446.626,TransLunarCoast,-163484.753,50599.502,1058.931,-283754.900,280303.641,71.343,-1.708096707,0.090280734,0.003925080
59659.990,TransLunarCoast,-163848.904,50618.675,1059.767,-283908.248,280158.511,71.233,-1.705330813,0.089436125,0.003907254
59873.354,TransLunarCoast,-164212.466,50637.668,1060.599,-284061.596,280013.383,71.121,-1.702575863,0.088596505,0.003889524
60086.718,TransLunarCoast,-164575.442,50656.482,1061.427,-284214.887,279868.197,71.012,-1.699831775,0.087761829,0.003871890
60300.082,TransLunarCoast,-164937.833,50675.119,1062.251,-284368.006,279722.843,70.901,-1.697098468,0.086932054,0.003854351
60513.447,TransLunarCoast,-165299.642,50693.579,1063.071,-284521.124,279577.489,70.790,-1.694375861,0.086107134,0.003836905
60726.811,TransLunarCoast,-165660.872,50711.863,1063.888,-284674.141,279432.038,70.680,-1.691663875,0.085287028,0.003819553
60940.175,TransLunarCoast,-166021.524,50729.973,1064.701,-284827.029,279286.460,70.570,-1.688962431,0.084471694,0.003802292
61153.539,TransLunarCoast,-166381.600,50747.910,1065.511,-284979.916,279140.883,70.459,-1.686271452,0.083661088,0.003785124
61366.903,TransLunarCoast,-166741.104,50765.674,1066.316,-285132.660,278995.167,70.349,-1.683590861,0.082855169,0.003768045
61606.903,TransLunarCoast,-167144.805,50785.451,1067.218,-285304.374,278831.164,70.226,-1.680587951,0.081954193,0.003748943
61846.903,TransLunarCoast,-167547.787,50805.013,1068.116,-285476.073,278667.148,70.102,-1.677597980,0.081059037,0.003729953
62086.903,TransLunarCoast,-167950.053,50824.360,1069.009,-285647.527,278502.895,69.978,-1.674620844,0.080169647,0.003711074
62326.903,TransLunarCoast,-168351.606,50843.495,1069.897,-285818.981,278338.642,69.855,-1.671656437,0.079285965,0.003692306
62566.903,TransLunarCoast,-168752.449,50862.418,1070.781,-285990.291,278174.249,69.732,-1.668704657,0.078407937,0.003673647
62806.903,TransLunarCoast,-169152.585,50881.131,1071.661,-286161.485,278009.746,69.608,-1.665765401,0.077535507,0.003655097
63046.903,TransLunarCoast,-169552.018,50899.635,1072.536,-286332.664,277845.228,69.485,-1.662838568,0.076668623,0.003636654
63286.903,TransLunarCoast,-169950.749,50917.932,1073.406,-286503.597,277680.475,69.362,-1.659924059,0.075807230,0.003618318
63526.903,TransLunarCoast,-170348.782,50936.023,1074.272,-286674.530,277515.721,69.239,-1.657021775,0.074951277,0.003600086
63766.903,TransLunarCoast,-170746.120,50953.909,1075.134,-286845.318,277350.828,69.117,-1.654131617,0.074100712,0.003581960
64006.903,TransLunarCoast,-171142.766,50971.592,1075.992,-287015.990,277185.825,68.994,-1.651253491,0.073255483,0.003563936
64246.903,TransLunarCoast,-171538.723,50989.072,1076.845,-287186.647,277020.809,68.872,-1.648387301,0.072415541,0.003546015
64486.903,TransLunarCoast,-171933.993,51006.352,1077.694,-287357.057,276855.556,68.749,-1.645532952,0.071580836,0.003528196
64726.903,TransLunarCoast,-172328.580,51023.432,1078.539,-287527.468,276690.304,68.627,-1.642690351,0.070751318,0.003510477
64966.903,TransLunarCoast,-172722.486,51040.313,1079.379,-287697.733,276524.912,68.505,-1.639859407,0.069926939,0.003492858
65206.903,TransLunarCoast,-173115.713,51056.997,1080.215,-287867.882,276359.412,68.382,-1.637040028,0.069107652,0.003475338
65446.903,TransLunarCoast,-173508.266,51073.485,1081.047,-288038.015,276193.896,68.260,-1.634232124,0.068293409,0.003457915
65686.903,TransLunarCoast,-173900.146,51089.778,1081.875,-288207.902,276028.147,68.139,-1.631435606,0.067484164,0.003440590
65926.903,TransLunarCoast,-174291.356,51105.878,1082.699,-288377.789,275862.397,68.016,-1.628650387,0.066679870,0.003423360
66166.903,TransLunarCoast,-174681.899,51121.785,1083.518,-288547.530,275696.509,67.895,-1.625876378,0.065880482,0.003406226
66406.903,TransLunarCoast,-175071.777,51137.501,1084.334,-288717.153,275530.512,67.773,-1.623113495,0.065085955,0.003389186
66646.903,TransLunarCoast,-175460.994,51153.026,1085.145,-288886.763,275364.501,67.652,-1.620361651,0.064296246,0.003372240
66886.903,TransLunarCoast,-175849.552,51168.363,1085.952,-289056.124,275198.255,67.530,-1.617620763,0.063511310,0.003355386
67126.903,TransLunarCoast,-176237.453,51183.512,1086.756,-289225.486,275032.010,67.409,-1.614890748,0.062731104,0.003338624
67366.903,TransLunarCoast,-176624.700,51198.475,1087.555,-289394.701,274865.628,67.288,-1.612171522,0.061955586,0.003321953
67606.903,TransLunarCoast,-177011.296,51213.251,1088.350,-289563.799,274699.136,67.167,-1.609463005,0.061184713,0.003305373
67846.903,TransLunarCoast,-177397.243,51227.844,1089.141,-289732.881,274532.629,67.047,-1.606765116,0.060418444,0.003288881
68086.903,TransLunarCoast,-177782.544,51242.253,1089.929,-289901.716,274365.891,66.925,-1.604077776,0.059656737,0.003272479
68326.903,TransLunarCoast,-178167.201,51256.479,1090.712,-290070.551,274199.151,66.805,-1.601400904,0.058899553,0.003256164
68566.903,TransLunarCoast,-178551.217,51270.525,1091.492,-290239.238,274032.276,66.684,-1.598734424,0.058146852,0.003239937
68806.903,TransLunarCoast,-178934.595,51284.390,1092.267,-290407.809,273865.290,66.563,-1.596078259,0.057398593,0.003223796
69046.903,TransLunarCoast,-179317.336,51298.076,1093.039,-290576.365,273698.291,66.443,-1.593432331,0.056654737,0.003207740
69286.903,TransLunarCoast,-179699.443,51311.585,1093.807,-290744.670,273531.060,66.323,-1.590796565,0.055915246,0.003191769
69526.903,TransLunarCoast,-180080.919,51324.916,1094.571,-290912.977,273363.829,66.203,-1.588170887,0.055180083,0.003175883
69766.903,TransLunarCoast,-180461.766,51338.071,1095.332,-291081.137,273196.462,66.083,-1.585555222,0.054449208,0.003160080
70006.903,TransLunarCoast,-180841.986,51351.052,1096.088,-291249.178,273028.985,65.963,-1.582949498,0.053722585,0.003144360
70246.903,TransLunarCoast,-181221.582,51363.859,1096.841,-291417.205,272861.495,65.843,-1.580353642,0.053000178,0.003128721
70486.903,TransLunarCoast,-181600.557,51376.492,1097.590,-291584.982,272693.773,65.724,-1.577767582,0.052281949,0.003113164
70726.903,TransLunarCoast,-181978.912,51388.954,1098.335,-291752.758,272526.051,65.604,-1.575191248,0.051567863,0.003097688
70966.903,TransLunarCoast,-182356.649,51401.245,1099.077,-291920.387,272358.194,65.485,-1.572624569,0.050857884,0.003082291
71206.903,TransLunarCoast,-182733.772,51413.366,1099.815,-292087.899,272190.227,65.366,-1.570067475,0.050151978,0.003066974
71446.903,TransLunarCoast,-183110.282,51425.319,1100.549,-292255.396,272022.247,65.245,-1.567519899,0.049450110,0.003051735
71686.903,TransLunarCoast,-183486.183,51437.103,1101.279,-292422.642,271854.037,65.126,-1.564981772,0.048752246,0.003036575
71926.903,TransLunarCoast,-183861.474,51448.720,1102.006,-292589.888,271685.826,65.007,-1.562453027,0.048058351,0.003021491
72166.903,TransLunarCoast,-184236.161,51460.171,1102.730,-292756.986,271517.481,64.889,-1.559933597,0.047368392,0.003006485
72406.903,TransLunarCoast,-184610.243,51471.457,1103.450,-292923.965,271349.026,64.770,-1.557423416,0.046682336,0.002991554
72646.903,TransLunarCoast,-184983.725,51482.579,1104.166,-293090.931,271180.558,64.651,-1.554922419,0.046000152,0.002976699
72886.903,TransLunarCoast,-185356.607,51493.538,1104.878,-293257.644,271011.861,64.533,-1.552430542,0.045321805,0.002961918
73126.903,TransLunarCoast,-185728.892,51504.334,1105.587,-293424.357,270843.163,64.415,-1.549947720,0.044647265,0.002947212
73366.903,TransLunarCoast,-186100.582,51514.969,1106.293,-293590.923,270674.330,64.296,-1.547473890,0.043976500,0.002932579
73606.903,TransLunarCoast,-186471.680,51525.443,1106.995,-293757.370,270505.390,64.178,-1.545008989,0.043309478,0.002918019
73846.903,TransLunarCoast,-186842.187,51535.757,1107.694,-293923.802,270336.436,64.060,-1.542552956,0.042646170,0.002903531
74086.903,TransLunarCoast,-187212.106,51545.913,1108.389,-294089.982,270167.253,63.941,-1.540105728,0.041986544,0.002889116
74326.903,TransLunarCoast,-187581.439,51555.911,1109.080,-294256.162,269998.069,63.823,-1.537667246,0.041330570,0.002874771
74566.903,TransLunarCoast,-187950.187,51565.752,1109.769,-294422.193,269828.752,63.706,-1.535237449,0.040678219,0.002860497
74806.903,TransLunarCoast,-188318.354,51575.437,1110.454,-294588.105,269659.327,63.588,-1.532816276,0.040029461,0.002846293
75046.903,TransLunarCoast,-188685.940,51584.967,1111.135,-294754.003,269489.888,63.470,-1.530403670,0.039384267,0.002832159
75286.903,TransLunarCoast,-189052.948,51594.342,1111.813,-294919.648,269320.221,63.353,-1.527999572,0.038742609,0.002818094
75526.903,TransLunarCoast,-189419.380,51603.563,1112.488,-295085.293,269150.554,63.235,-1.525603924,0.038104457,0.002804097
75766.903,TransLunarCoast,-189785.239,51612.632,1113.159,-295250.789,268980.753,63.118,-1.523216668,0.037469784,0.002790167
76006.903,TransLunarCoast,-190150.525,51621.549,1113.827,-295416.166,268810.845,63.001,-1.520837748,0.036838562,0.002776305
76246.903,TransLunarCoast,-190515.241,51630.315,1114.492,-295581.528,268640.924,62.884,-1.518467108,0.036210763,0.002762510
76486.903,TransLunarCoast,-190879.390,51638.931,1115.153,-295746.636,268470.775,62.768,-1.516104691,0.035586360,0.002748782
76726.903,TransLunarCoast,-191242.972,51647.397,1115.811,-295911.744,268300.626,62.650,-1.513750444,0.034965327,0.002735118
76966.903,TransLunarCoast,-191605.991,51655.714,1116.466,-296076.703,268130.343,62.534,-1.511404310,0.034347636,0.002721521
77206.903,TransLunarCoast,-191968.447,51663.884,1117.117,-296241.544,267959.954,62.417,-1.509066237,0.033733262,0.002707987
77446.903,TransLunarCoast,-192330.343,51671.906,1117.766,-296406.368,267789.551,62.301,-1.506736171,0.033122178,0.002694518
77686.903,TransLunarCoast,-192691.681,51679.783,1118.411,-296570.939,267618.922,62.184,-1.504414058,0.032514359,0.002681113
77926.903,TransLunarCoast,-193052.463,51687.514,1119.053,-296735.510,267448.292,62.068,-1.502099846,0.031909779,0.002667771
78166.903,TransLunarCoast,-193412.690,51695.100,1119.691,-296899.930,267277.530,61.952,-1.499793483,0.031308413,0.002654492
78406.903,TransLunarCoast,-193772.364,51702.542,1120.327,-297064.232,267106.661,61.836,-1.497494918,0.030710236,0.002641275
78646.903,TransLunarCoast,-194131.488,51709.841,1120.959,-297228.518,266935.779,61.720,-1.495204099,0.030115224,0.002628120
78886.903,TransLunarCoast,-194490.063,51716.997,1121.588,-297392.551,266764.671,61.604,-1.492920976,0.029523352,0.002615026
79126.903,TransLunarCoast,-194848.090,51724.012,1122.214,-297556.581,266593.563,61.488,-1.490645499,0.028934595,0.002601993
79366.903,TransLunarCoast,-195205.573,51730.886,1122.837,-297720.463,266422.323,61.373,-1.488377618,0.028348931,0.002589020
79606.903,TransLunarCoast,-195562.512,51737.620,1123.457,-297884.224,266250.976,61.257,-1.486117284,0.027766336,0.002576107
79846.903,TransLunarCoast,-195918.910,51744.214,1124.074,-298047.971,266079.616,61.142,-1.483864448,0.027186785,0.002563254
80086.903,TransLunarCoast,-196274.768,51750.670,1124.687,-298211.462,265908.031,61.027,-1.481619063,0.026610257,0.002550460
80326.903,TransLunarCoast,-196630.088,51756.988,1125.298,-298374.953,265736.446,60.911,-1.479381079,0.026036728,0.002537724
80566.903,TransLunarCoast,-196984.871,51763.168,1125.905,-298538.294,265564.729,60.797,-1.477150450,0.025466176,0.002525046
80806.903,TransLunarCoast,-197339.120,51769.212,1126.510,-298701.514,265392.905,60.682,-1.474927130,0.024898578,0.002512426
81046.903,TransLunarCoast,-197692.837,51775.119,1127.111,-298864.720,265221.070,60.567,-1.472711070,0.024333913,0.002499864
81286.903,TransLunarCoast,-198046.022,51780.892,1127.710,-299027.670,265049.009,60.452,-1.470502227,0.023772157,0.002487358
81526.903,TransLunarCoast,-198398.679,51786.530,1128.305,-299190.618,264876.949,60.338,-1.468300552,0.023213290,0.002474909
81766.903,TransLunarCoast,-198750.807,51792.035,1128.898,-299353.417,264704.757,60.223,-1.466106002,0.022657291,0.002462515
82006.903,TransLunarCoast,-199102.410,51797.406,1129.487,-299516.095,264532.460,60.109,-1.463918532,0.022104137,0.002450178
82246.903,TransLunarCoast,-199453.489,51802.645,1130.074,-299678.758,264360.149,59.994,-1.461738097,0.021553808,0.002437895
82486.903,TransLunarCoast,-199804.045,51807.752,1130.658,-299841.164,264187.616,59.880,-1.459564653,0.021006284,0.002425667
82726.903,TransLunarCoast,-200154.080,51812.728,1131.238,-300003.571,264015.081,59.766,-1.457398157,0.020461543,0.002413494
82966.903,TransLunarCoast,-200503.597,51817.574,1131.816,-300165.825,263842.417,59.653,-1.455238565,0.019919565,0.002401375
83206.903,TransLunarCoast,-200852.595,51822.290,1132.391,-300327.960,263669.646,59.539,-1.453085835,0.019380330,0.002389309
83446.903,TransLunarCoast,-201201.078,51826.877,1132.963,-300490.079,263496.863,59.425,-1.450939923,0.018843819,0.002377296
83686.903,TransLunarCoast,-201549.047,51831.335,1133.532,-300651.940,263323.858,59.311,-1.448800788,0.018310011,0.002365337
83926.903,TransLunarCoast,-201896.503,51835.666,1134.098,-300813.802,263150.852,59.198,-1.446668389,0.017778887,0.002353429
84166.903,TransLunarCoast,-202243.448,51839.869,1134.662,-300975.513,262977.716,59.084,-1.444542683,0.017250427,0.002341574
84406.903,TransLunarCoast,-202589.884,51843.946,1135.222,-301137.101,262804.475,58.971,-1.442423631,0.016724613,0.002329771
84646.903,TransLunarCoast,-202935.812,51847.897,1135.780,-301298.675,262631.220,58.858,-1.440311190,0.016201425,0.002318018
84886.903,TransLunarCoast,-203281.234,51851.723,1136.335,-301459.991,262457.744,58.745,-1.438205322,0.015680845,0.002306317
85126.903,TransLunarCoast,-203626.151,51855.424,1136.887,-301621.307,262284.269,58.632,-1.436105986,0.015162855,0.002294667
85366.903,TransLunarCoast,-203970.565,51859.001,1137.436,-301782.472,262110.662,58.519,-1.434013142,0.014647435,0.002283066
85606.903,TransLunarCoast,-204314.478,51862.455,1137.983,-301943.514,261936.952,58.406,-1.431926751,0.014134567,0.002271516
85846.903,TransLunarCoast,-204657.891,51865.786,1138.527,-302104.541,261763.229,58.294,-1.429846775,0.013624234,0.002260015
86086.903,TransLunarCoast,-205000.805,51868.995,1139.068,-302265.310,261589.285,58.181,-1.427773175,0.013116418,0.002248563
86326.903,TransLunarCoast,-205343.222,51872.082,1139.606,-302426.079,261415.341,58.069,-1.425705912,0.012611101,0.002237160
86566.903,TransLunarCoast,-205685.144,51875.048,1140.142,-302586.695,261241.267,57.956,-1.423644950,0.012108265,0.002225806
86806.903,TransLunarCoast,-206026.573,51877.894,1140.674,-302747.190,261067.089,57.844,-1.421590249,0.011607894,0.002214499
87046.903,TransLunarCoast,-206367.508,51880.620,1141.205,-302907.670,260892.897,57.732,-1.419541774,0.011109970,0.002203241
87286.903,TransLunarCoast,-206707.953,51883.227,1141.732,-303067.890,260718.486,57.621,-1.417499486,0.010614476,0.002192030
87526.903,TransLunarCoast,-207047.909,51885.716,1142.257,-303228.110,260544.076,57.509,-1.415463351,0.010121395,0.002180866
87766.903,TransLunarCoast,-207387.376,51888.086,1142.779,-303388.179,260369.535,57.397,-1.413433330,0.009630711,0.002169749
88006.903,TransLunarCoast,-207726.357,51890.338,1143.298,-303548.125,260194.891,57.286,-1.411409389,0.009142407,0.002158679
88246.903,TransLunarCoast,-208064.853,51892.474,1143.815,-303708.055,260020.235,57.174,-1.409391491,0.008656467,0.002147654
88486.903,TransLunarCoast,-208402.865,51894.494,1144.329,-303867.725,259845.358,57.063,-1.407379602,0.008172875,0.002136676
88726.903,TransLunarCoast,-208740.396,51896.397,1144.841,-304027.396,259670.482,56.951,-1.405373686,0.007691615,0.002125743
88966.903,TransLunarCoast,-209077.445,51898.186,1145.349,-304186.914,259495.477,56.841,-1.403373708,0.007212670,0.002114856
89206.903,TransLunarCoast,-209414.016,51899.860,1145.856,-304346.309,259320.370,56.730,-1.401379634,0.006736026,0.002104013
89446.903,TransLunarCoast,-209750.108,51901.419,1146.359,-304505.690,259145.250,56.619,-1.399391430,0.006261666,0.002093215
89686.903,TransLunarCoast,-210085.724,51902.865,1146.860,-304664.809,258969.910,56.507,-1.397409061,0.005789576,0.002082461
89926.903,TransLunarCoast,-210420.865,51904.199,1147.359,-304823.928,258794.571,56.397,-1.395432495,0.005319740,0.002071752
90166.903,TransLunarCoast,-210755.532,51905.419,1147.855,-304982.895,258619.103,56.287,-1.393461697,0.004852142,0.002061086
90406.903,TransLunarCoast,-211089.727,51906.528,1148.348,-305141.739,258443.533,56.176,-1.391496636,0.004386769,0.002050464
90646.903,TransLunarCoast,-211423.451,51907.525,1148.839,-305300.567,258267.949,56.066,-1.389537277,0.003923604,0.002039884
90886.903,TransLunarCoast,-211756.705,51908.411,1149.327,-305459.134,258092.149,55.956,-1.387583588,0.003462634,0.002029348
91126.903,TransLunarCoast,-212089.491,51909.187,1149.813,-305617.702,257916.348,55.846,-1.385635538,0.003003844,0.002018854
91366.903,TransLunarCoast,-212421.811,51909.853,1150.296,-305776.116,257740.419,55.736,-1.383693094,0.002547220,0.002008403
91606.903,TransLunarCoast,-212753.664,51910.410,1150.777,-305934.406,257564.388,55.625,-1.381756224,0.002092746,0.001997993
91846.903,TransLunarCoast,-213085.054,51910.858,1151.256,-306092.682,257388.344,55.516,-1.379824897,0.001640410,0.001987625
92086.903,TransLunarCoast,-213415.981,51911.198,1151.731,-306250.695,257212.084,55.407,-1.377899082,0.001190197,0.001977299
92326.903,TransLunarCoast,-213746.446,51911.429,1152.205,-306408.709,257035.822,55.296,-1.375978748,0.000742093,0.001967014
92566.903,TransLunarCoast,-214076.451,51911.554,1152.675,-306566.568,256859.435,55.187,-1.374063864,0.000296085,0.001956770
92806.903,TransLunarCoast,-214405.997,51911.572,1153.144,-306724.305,256682.945,55.078,-1.372154399,-0.000147842,0.001946566
93046.903,TransLunarCoast,-214735.086,51911.483,1153.610,-306882.027,256506.442,54.968,-1.370250323,-0.000589700,0.001936403
93286.903,TransLunarCoast,-215063.718,51911.289,1154.073,-307039.485,256329.723,54.859,-1.368351607,-0.001029503,0.001926280
93526.903,TransLunarCoast,-215391.895,51910.989,1154.534,-307196.943,256153.005,54.751,-1.366458220,-0.001467264,0.001916197
93766.903,TransLunarCoast,-215719.618,51910.585,1154.993,-307354.248,255976.160,54.641,-1.364570133,-0.001902996,0.001906153
94006.903,TransLunarCoast,-216046.889,51910.076,1155.449,-307511.429,255799.212,54.533,-1.362687318,-0.002336713,0.001896149
94246.903,TransLunarCoast,-216373.708,51909.463,1155.903,-307668.594,255622.252,54.424,-1.360809744,-0.002768427,0.001886184
94486.903,TransLunarCoast,-216700.078,51908.747,1156.355,-307825.497,255445.077,54.315,-1.358937382,-0.003198151,0.001876258
94726.903,TransLunarCoast,-217025.999,51907.928,1156.804,-307982.399,255267.902,54.207,-1.357070206,-0.003625897,0.001866370
94966.903,TransLunarCoast,-217351.472,51907.007,1157.251,-308139.148,255090.601,54.099,-1.355208185,-0.004051679,0.001856520
95206.903,TransLunarCoast,-217676.499,51905.984,1157.695,-308295.771,254913.198,53.991,-1.353351292,-0.004475508,0.001846709
95446.903,TransLunarCoast,-218001.081,51904.859,1158.137,-308452.380,254735.782,53.883,-1.351499499,-0.004897397,0.001836936
95686.903,TransLunarCoast,-218325.219,51903.633,1158.577,-308608.726,254558.153,53.775,-1.349652778,-0.005317358,0.001827200
95926.903,TransLunarCoast,-218648.915,51902.307,1159.014,-308765.070,254380.522,53.666,-1.347811103,-0.005735402,0.001817501
96166.903,TransLunarCoast,-218972.169,51900.880,1159.449,-308921.261,254202.767,53.559,-1.345974444,-0.006151543,0.001807840
96406.903,TransLunarCoast,-219294.983,51899.354,1159.882,-309077.327,254024.911,53.451,-1.344142776,-0.006565792,0.001798216
96646.903,TransLunarCoast,-219617.358,51897.729,1160.312,-309233.377,253847.041,53.344,-1.342316072,-0.006978161,0.001788628
96886.903,TransLunarCoast,-219939.295,51896.005,1160.740,-309389.163,253668.960,53.236,-1.340494305,-0.007388661,0.001779076
97126.903,TransLunarCoast,-220260.796,51894.182,1161.166,-309544.950,253490.876,53.129,-1.338677449,-0.007797303,0.001769561
97366.903,TransLunarCoast,-220581.861,51892.262,1161.590,-309700.580,253312.669,53.022,-1.336865476,-0.008204100,0.001760082
97606.903,TransLunarCoast,-220902.491,51890.245,1162.011,-309856.087,253134.360,52.915,-1.335058363,-0.008609063,0.001750639
97846.903,TransLunarCoast,-221222.689,51888.130,1162.430,-310011.579,252956.039,52.808,-1.333256081,-0.009012203,0.001741231
98086.903,TransLunarCoast,-221542.455,51885.919,1162.847,-310166.805,252777.506,52.701,-1.331458607,-0.009413530,0.001731858
98326.903,TransLunarCoast,-221861.790,51883.612,1163.261,-310322.031,252598.972,52.594,-1.329665914,-0.009813057,0.001722521
98566.903,TransLunarCoast,-222180.695,51881.209,1163.674,-310477.102,252420.313,52.487,-1.327877978,-0.010210793,0.001713218
98806.903,TransLunarCoast,-222499.171,51878.711,1164.084,-310632.048,252241.554,52.381,-1.326094772,-0.010606751,0.001703950
99046.903,TransLunarCoast,-222817.221,51876.118,1164.492,-310786.978,252062.783,52.275,-1.324316273,-0.011000940,0.001694716
99286.903,TransLunarCoast,-223134.844,51873.430,1164.897,-310941.643,251883.800,52.169,-1.322542456,-0.011393371,0.001685517
99526.903,TransLunarCoast,-223452.041,51870.649,1165.301,-311096.308,251704.817,52.062,-1.320773296,-0.011784055,0.001676352
99766.903,TransLunarCoast,-223768.815,51867.774,1165.702,-311250.818,251525.709,51.956,-1.319008769,-0.012173003,0.001667220
100006.903,TransLunarCoast,-224085.166,51864.806,1166.101,-311405.201,251346.503,51.851,-1.317248851,-0.012560224,0.001658122
100246.903,TransLunarCoast,-224401.095,51861.745,1166.498,-311559.570,251167.282,51.744,-1.315493517,-0.012945729,0.001649058
100486.903,TransLunarCoast,-224716.603,51858.592,1166.892,-311713.673,250987.852,51.638,-1.313742745,-0.013329528,0.001640026
100726.903,TransLunarCoast,-225031.692,51855.347,1167.285,-311867.775,250808.421,51.533,-1.311996511,-0.013711632,0.001631028
100966.903,TransLunarCoast,-225346.362,51852.011,1167.675,-312021.721,250628.866,51.427,-1.310254790,-0.014092050,0.001622062
101206.903,TransLunarCoast,-225660.615,51848.583,1168.064,-312175.542,250449.212,51.322,-1.308517561,-0.014470792,0.001613129
101446.903,TransLunarCoast,-225974.451,51845.065,1168.450,-312329.348,250269.546,51.217,-1.306784799,-0.014847869,0.001604229
101686.903,TransLunarCoast,-226287.872,51841.456,1168.834,-312482.887,250089.669,51.112,-1.305056483,-0.015223289,0.001595360
101926.903,TransLunarCoast,-226600.878,51837.758,1169.215,-312636.426,249909.792,51.007,-1.303332588,-0.015597063,0.001586524
102166.903,TransLunarCoast,-226913.472,51833.970,1169.595,-312789.807,249729.793,50.902,-1.301613094,-0.015969200,0.001577719
102406.903,TransLunarCoast,-227225.653,51830.093,1169.973,-312943.063,249549.694,50.797,-1.299897977,-0.016339710,0.001568946
102646.903,TransLunarCoast,-227537.423,51826.127,1170.348,-313096.304,249369.582,50.692,-1.298187215,-0.016708602,0.001560205
102886.903,TransLunarCoast,-227848.783,51822.073,1170.722,-313249.278,249189.261,50.588,-1.296480787,-0.017075885,0.001551494
103126.903,TransLunarCoast,-228159.734,51817.931,1171.093,-313402.252,249008.941,50.483,-1.294778669,-0.017441569,0.001542815
103366.903,TransLunarCoast,-228470.277,51813.701,1171.462,-313555.069,248828.497,50.379,-1.293080841,-0.017805664,0.001534167
103606.903,TransLunarCoast,-228780.413,51809.384,1171.829,-313707.760,248647.955,50.274,-1.291387281,-0.018168177,0.001525549
103846.903,TransLunarCoast,-229090.143,51804.980,1172.195,-313860.435,248467.400,50.170,-1.289697968,-0.018529118,0.001516962
104086.903,TransLunarCoast,-229399.469,51800.490,1172.558,-314012.842,248286.637,50.066,-1.288012880,-0.018888497,0.001508405
104326.903,TransLunarCoast,-229708.390,51795.914,1172.919,-314165.250,248105.874,49.962,-1.286331996,-0.019246322,0.001499878
104566.903,TransLunarCoast,-230016.908,51791.252,1173.277,-314317.500,247924.988,49.859,-1.284655295,-0.019602601,0.001491381
104806.903,TransLunarCoast,-230325.025,51786.505,1173.634,-314469.624,247744.004,49.755,-1.282982756,-0.019957345,0.001482914
105046.903,TransLunarCoast,-230632.740,51781.673,1173.989,-314621.732,247563.008,49.652,-1.281314360,-0.020310560,0.001474477
105286.903,TransLunarCoast,-230940.056,51776.756,1174.342,-314773.572,247381.805,49.548,-1.279650084,-0.020662256,0.001466069
105526.903,TransLunarCoast,-231246.973,51771.755,1174.693,-314925.412,247200.601,49.445,-1.277989910,-0.021012442,0.001457690
105766.903,TransLunarCoast,-231553.491,51766.670,1175.042,-315077.094,247019.275,49.342,-1.276333816,-0.021361126,0.001449340
106006.903,TransLunarCoast,-231859.613,51761.502,1175.389,-315228.651,246837.852,49.238,-1.274681783,-0.021708316,0.001441020
106246.903,TransLunarCoast,-232165.339,51756.250,1175.734,-315380.191,246656.416,49.135,-1.273033790,-0.022054020,0.001432728
106486.903,TransLunarCoast,-232470.670,51750.916,1176.076,-315531.462,246474.773,49.033,-1.271389818,-0.022398248,0.001424464
106726.903,TransLunarCoast,-232775.606,51745.499,1176.417,-315682.732,246293.131,48.930,-1.269749848,-0.022741006,0.001416229
106966.903,TransLunarCoast,-233080.150,51740.000,1176.756,-315833.846,246111.367,48.827,-1.268113859,-0.023082304,0.001408023
107206.903,TransLunarCoast,-233384.301,51734.420,1177.093,-315984.833,245929.505,48.725,-1.266481832,-0.023422149,0.001399844
107446.903,TransLunarCoast,-233688.062,51728.758,1177.428,-316135.803,245747.631,48.622,-1.264853749,-0.023760549,0.001391694
107686.903,TransLunarCoast,-233991.432,51723.015,1177.761,-316286.505,245565.551,48.520,-1.263229590,-0.024097512,0.001383571
107926.903,TransLunarCoast,-234294.412,51717.191,1178.092,-316437.206,245383.471,48.418,-1.261609335,-0.024433046,0.001375476
108166.903,TransLunarCoast,-234597.004,51711.287,1178.421,-316587.749,245201.271,48.316,-1.259992967,-0.024767159,0.001367408
108406.903,TransLunarCoast,-234899.209,51705.303,1178.749,-316738.165,245018.973,48.214,-1.258380466,-0.025099858,0.001359367
108646.903,TransLunarCoast,-235201.027,51699.239,1179.074,-316888.566,244836.663,48.112,-1.256771814,-0.025431151,0.001351354
108886.903,TransLunarCoast,-235502.460,51693.096,1179.397,-317038.696,244654.149,48.010,-1.255166993,-0.025761046,0.001343368
109126.903,TransLunarCoast,-235803.508,51686.874,1179.719,-317188.826,244471.633,47.908,-1.253565984,-0.026089551,0.001335408
109366.903,TransLunarCoast,-236104.172,51680.573,1180.038,-317338.797,244288.998,47.807,-1.251968769,-0.026416672,0.001327475
109606.903,TransLunarCoast,-236404.453,51674.194,1180.356,-317488.641,244106.266,47.705,-1.250375329,-0.026742417,0.001319569
109846.903,TransLunarCoast,-236704.352,51667.737,1180.672,-317638.469,243923.522,47.604,-1.248785648,-0.027066794,0.001311689
110086.903,TransLunarCoast,-237003.870,51661.202,1180.986,-317788.028,243740.573,47.503,-1.247199707,-0.027389810,0.001303836
110326.903,TransLunarCoast,-237303.008,51654.590,1181.297,-317937.585,243557.624,47.402,-1.245617488,-0.027711472,0.001296008
110566.903,TransLunarCoast,-237601.767,51647.901,1181.608,-318086.984,243374.556,47.301,-1.244038974,-0.028031787,0.001288207
110806.903,TransLunarCoast,-237900.147,51641.135,1181.916,-318236.256,243191.391,47.200,-1.242464147,-0.028350762,0.001280431
111046.903,TransLunarCoast,-238198.150,51634.293,1182.222,-318385.510,243008.214,47.099,-1.240892990,-0.028668405,0.001272681
111286.903,TransLunarCoast,-238495.776,51627.374,1182.527,-318534.495,242824.834,46.999,-1.239325487,-0.028984723,0.001264956
111526.903,TransLunarCoast,-238793.027,51620.380,1182.829,-318683.480,242641.453,46.898,-1.237761619,-0.029299722,0.001257257
111766.903,TransLunarCoast,-239089.902,51613.310,1183.130,-318832.304,242457.953,46.797,-1.236201369,-0.029613409,0.001249583
112006.903,TransLunarCoast,-239386.404,51606.166,1183.429,-318981.001,242274.358,46.698,-1.234644722,-0.029925791,0.001241934
112246.903,TransLunarCoast,-239682.532,51598.946,1183.726,-319129.683,242090.750,46.597,-1.233091660,-0.030236875,0.001234310
112486.903,TransLunarCoast,-239978.288,51591.652,1184.022,-319278.091,241906.940,46.498,-1.231542166,-0.030546668,0.001226711
112726.903,TransLunarCoast,-240273.673,51584.284,1184.315,-319426.501,241723.129,46.398,-1.229996224,-0.030855177,0.001219136
112966.903,TransLunarCoast,-240568.686,51576.842,1184.607,-319574.751,241539.200,46.297,-1.228453817,-0.031162407,0.001211586
113206.903,TransLunarCoast,-240863.331,51569.326,1184.897,-319722.872,241355.175,46.198,-1.226914930,-0.031468366,0.001204060
113446.903,TransLunarCoast,-241157.606,51561.737,1185.185,-319870.978,241171.138,46.098,-1.225379546,-0.031773060,0.001196559
113686.903,TransLunarCoast,-241451.513,51554.075,1185.471,-320018.812,240986.900,45.999,-1.223847648,-0.032076496,0.001189082
113926.903,TransLunarCoast,-241745.053,51546.340,1185.756,-320166.645,240802.661,45.900,-1.222319222,-0.032378680,0.001181629
114166.903,TransLunarCoast,-242038.227,51538.533,1186.038,-320314.318,240618.304,45.800,-1.220794250,-0.032679618,0.001174199
114406.903,TransLunarCoast,-242331.035,51530.654,1186.319,-320461.863,240433.851,45.701,-1.219272718,-0.032979317,0.001166794
114646.903,TransLunarCoast,-242623.478,51522.703,1186.598,-320609.393,240249.387,45.603,-1.217754609,-0.033277783,0.001159412
114886.903,TransLunarCoast,-242915.557,51514.681,1186.876,-320756.649,240064.722,45.503,-1.216239908,-0.033575022,0.001152053
115126.903,TransLunarCoast,-243207.273,51506.587,1187.151,-320903.905,239880.057,45.404,-1.214728600,-0.033871041,0.001144718
115366.903,TransLunarCoast,-243498.627,51498.423,1187.425,-321051.001,239695.274,45.305,-1.213220669,-0.034165845,0.001137406
115606.903,TransLunarCoast,-243789.619,51490.188,1187.697,-321197.969,239510.397,45.208,-1.211716100,-0.034459441,0.001130118
115846.903,TransLunarCoast,-244080.251,51481.883,1187.968,-321344.920,239325.507,45.109,-1.210214877,-0.034751835,0.001122852
116086.903,TransLunarCoast,-244370.523,51473.507,1188.236,-321491.598,239140.418,45.011,-1.208716986,-0.035043032,0.001115609
116326.903,TransLunarCoast,-244660.435,51465.062,1188.503,-321638.276,238955.327,44.913,-1.207222412,-0.035333039,0.001108389
116566.903,TransLunarCoast,-244949.990,51456.547,1188.768,-321784.793,238770.120,44.814,-1.205731139,-0.035621861,0.001101191
116791.613,TransLunarCoast,-245216.288,51447.047,1188.835,-321921.855,238596.624,44.723,-1.204224838,-0.035933910,0.001064112
117031.613,TransLunarCoast,-245505.124,51438.389,1189.089,-322068.244,238411.322,44.624,-1.202739861,-0.036220465,0.001056958
117271.613,TransLunarCoast,-245793.603,51429.662,1189.342,-322214.345,238225.811,44.526,-1.201258141,-0.036505853,0.001049827
117511.613,TransLunarCoast,-246081.728,51420.866,1189.593,-322360.443,238040.298,44.429,-1.199779666,-0.036790079,0.001042718
117751.613,TransLunarCoast,-246369.498,51412.003,1189.842,-322506.399,237854.683,44.331,-1.198304421,-0.037073149,0.001035631
117991.613,TransLunarCoast,-246656.914,51403.071,1190.090,-322652.208,237668.959,44.234,-1.196832390,-0.037355068,0.001028566
118231.613,TransLunarCoast,-246943.978,51394.072,1190.336,-322798.015,237483.236,44.137,-1.195363561,-0.037635843,0.001021523
118471.613,TransLunarCoast,-247230.689,51385.006,1190.580,-322943.536,237297.303,44.040,-1.193897919,-0.037915479,0.001014501
118711.613,TransLunarCoast,-247517.049,51375.873,1190.823,-323089.054,237111.370,43.943,-1.192435450,-0.038193981,0.001007502
118951.613,TransLunarCoast,-247803.058,51366.673,1191.064,-323234.428,236925.332,43.845,-1.190976139,-0.038471354,0.001000523
119191.613,TransLunarCoast,-248088.718,51357.407,1191.303,-323379.655,236739.189,43.748,-1.189519974,-0.038747605,0.000993566
119431.613,TransLunarCoast,-248374.028,51348.074,1191.541,-323524.882,236553.045,43.653,-1.188066940,-0.039022738,0.000986630
119671.613,TransLunarCoast,-248658.990,51338.676,1191.777,-323669.820,236366.694,43.555,-1.186617023,-0.039296759,0.000979716
119911.613,TransLunarCoast,-248943.604,51329.212,1192.011,-323814.757,236180.341,43.459,-1.185170211,-0.039569674,0.000972822
120151.613,TransLunarCoast,-249227.872,51319.683,1192.244,-323959.550,235993.885,43.363,-1.183726489,-0.039841486,0.000965950
120391.613,TransLunarCoast,-249511.793,51310.088,1192.475,-324104.193,235807.323,43.266,-1.182285844,-0.040112203,0.000959098
120631.613,TransLunarCoast,-249795.369,51300.429,1192.704,-324248.838,235620.760,43.170,-1.180848263,-0.040381828,0.000952266
120871.613,TransLunarCoast,-250078.601,51290.705,1192.932,-324393.194,235433.992,43.074,-1.179413733,-0.040650367,0.000945456
121111.613,TransLunarCoast,-250361.488,51280.917,1193.158,-324537.547,235247.221,42.978,-1.177982240,-0.040917826,0.000938666
121351.613,TransLunarCoast,-250644.033,51271.064,1193.383,-324681.755,235060.348,42.883,-1.176553771,-0.041184208,0.000931896
121591.613,TransLunarCoast,-250926.234,51261.148,1193.605,-324825.816,234873.370,42.787,-1.175128313,-0.041449520,0.000925147
121831.613,TransLunarCoast,-251208.094,51251.169,1193.827,-324969.877,234686.391,42.692,-1.173705854,-0.041713765,0.000918417
122071.613,TransLunarCoast,-251489.613,51241.126,1194.046,-325113.649,234499.207,42.596,-1.172286379,-0.041976950,0.000911708
122311.613,TransLunarCoast,-251770.792,51231.020,1194.264,-325257.417,234312.020,42.500,-1.170869878,-0.042239079,0.000905019
122551.613,TransLunarCoast,-252051.631,51220.851,1194.481,-325401.043,234124.732,42.405,-1.169456337,-0.042500157,0.000898349
122791.613,TransLunarCoast,-252332.131,51210.620,1194.695,-325544.518,233937.338,42.310,-1.168045743,-0.042760189,0.000891700
123031.613,TransLunarCoast,-252612.293,51200.326,1194.909,-325687.995,233749.945,42.215,-1.166638083,-0.043019179,0.000885070
123271.613,TransLunarCoast,-252892.118,51189.971,1195.120,-325831.180,233562.346,42.120,-1.165233346,-0.043277133,0.000878459
123511.613,TransLunarCoast,-253171.606,51179.553,1195.330,-325974.363,233374.745,42.025,-1.163831520,-0.043534054,0.000871868
123751.613,TransLunarCoast,-253450.757,51169.075,1195.539,-326117.403,233187.044,41.930,-1.162432590,-0.043789949,0.000865296
123991.613,TransLunarCoast,-253729.573,51158.534,1195.746,-326260.293,232999.237,41.836,-1.161036546,-0.044044821,0.000858744
124231.613,TransLunarCoast,-254008.055,51147.933,1195.951,-326403.183,232811.431,41.742,-1.159643376,-0.044298675,0.000852211
124471.613,TransLunarCoast,-254286.203,51137.271,1196.155,-326545.783,232623.421,41.647,-1.158253067,-0.044551515,0.000845696
124711.613,TransLunarCoast,-254564.017,51126.548,1196.357,-326688.379,232435.408,41.553,-1.156865607,-0.044803347,0.000839201
124951.613,TransLunarCoast,-254841.498,51115.766,1196.558,-326830.831,232247.295,41.459,-1.155480984,-0.045054175,0.000832725
125191.613,TransLunarCoast,-255118.648,51104.923,1196.757,-326973.134,232059.076,41.365,-1.154099186,-0.045304003,0.000826267
125431.613,TransLunarCoast,-255395.466,51094.020,1196.954,-327115.438,231870.859,41.271,-1.152720202,-0.045552835,0.000819828
125671.613,TransLunarCoast,-255671.954,51083.057,1197.150,-327257.449,231682.438,41.177,-1.151344021,-0.045800677,0.000813408
125911.613,TransLunarCoast,-255948.111,51072.035,1197.345,-327399.459,231494.015,41.083,-1.149970629,-0.046047532,0.000807006
126151.613,TransLunarCoast,-256223.940,51060.955,1197.538,-327541.323,231305.492,40.990,-1.148600016,-0.046293405,0.000800622
126391.613,TransLunarCoast,-256499.440,51049.815,1197.729,-327683.038,231116.865,40.897,-1.147232170,-0.046538301,0.000794257
126631.613,TransLunarCoast,-256774.612,51038.616,1197.919,-327824.753,230928.238,40.804,-1.145867080,-0.046782223,0.000787910
126871.613,TransLunarCoast,-257049.456,51027.359,1198.107,-327966.175,230739.408,40.710,-1.144504734,-0.047025176,0.000781581
127111.613,TransLunarCoast,-257323.974,51016.044,1198.294,-328107.596,230550.576,40.617,-1.143145122,-0.047267164,0.000775270
127351.613,TransLunarCoast,-257598.166,51004.671,1198.479,-328248.872,230361.645,40.524,-1.141788231,-0.047508191,0.000768976
127591.613,TransLunarCoast,-257872.033,50993.240,1198.663,-328389.997,230172.611,40.432,-1.140434051,-0.047748261,0.000762701
127831.613,TransLunarCoast,-258145.575,50981.752,1198.845,-328531.122,229983.575,40.338,-1.139082570,-0.047987380,0.000756444
128071.613,TransLunarCoast,-258418.792,50970.206,1199.026,-328671.955,229794.339,40.246,-1.137733778,-0.048225550,0.000750204
128311.613,TransLunarCoast,-258691.687,50958.604,1199.205,-328812.786,229605.101,40.153,-1.136387663,-0.048462775,0.000743982
128551.613,TransLunarCoast,-258964.259,50946.944,1199.383,-328953.471,229415.764,40.061,-1.135044215,-0.048699061,0.000737777
128791.613,TransLunarCoast,-259236.508,50935.228,1199.560,-329094.006,229226.323,39.969,-1.133703423,-0.048934410,0.000731589
129031.613,TransLunarCoast,-259508.437,50923.456,1199.734,-329234.542,229036.882,39.876,-1.132365276,-0.049168828,0.000725419
129271.613,TransLunarCoast,-259780.044,50911.627,1199.908,-329374.783,228847.241,39.785,-1.131029764,-0.049402317,0.000719266
129511.613,TransLunarCoast,-260051.331,50899.743,1200.080,-329515.023,228657.598,39.693,-1.129696875,-0.049634882,0.000713130
129751.613,TransLunarCoast,-260322.299,50887.803,1200.250,-329655.117,228467.857,39.601,-1.128366599,-0.049866526,0.000707012
129991.613,TransLunarCoast,-260592.947,50875.807,1200.419,-329795.060,228278.012,39.509,-1.127038925,-0.050097254,0.000700910
130231.613,TransLunarCoast,-260863.278,50863.756,1200.587,-329935.004,228088.167,39.418,-1.125713844,-0.050327070,0.000694825
130471.613,TransLunarCoast,-261133.290,50851.650,1200.753,-330074.653,227898.123,39.326,-1.124391345,-0.050555977,0.000688757
130711.613,TransLunarCoast,-261402.986,50839.489,1200.917,-330214.301,227708.077,39.235,-1.123071416,-0.050783979,0.000682705
130951.613,TransLunarCoast,-261672.365,50827.274,1201.080,-330353.802,227517.932,39.143,-1.121754049,-0.051011079,0.000676671
131191.613,TransLunarCoast,-261941.428,50815.004,1201.242,-330493.153,227327.686,39.053,-1.120439233,-0.051237283,0.000670652
131431.613,TransLunarCoast,-262210.176,50802.680,1201.402,-330632.504,227137.438,38.961,-1.119126958,-0.051462592,0.000664650
131671.613,TransLunarCoast,-262478.609,50790.302,1201.561,-330771.560,226946.992,38.871,-1.117817213,-0.051687012,0.000658665
131911.613,TransLunarCoast,-262746.728,50777.870,1201.718,-330910.614,226756.545,38.779,-1.116509989,-0.051910545,0.000652696
132151.613,TransLunarCoast,-263014.534,50765.385,1201.874,-331049.523,226566.000,38.689,-1.115205275,-0.052133195,0.000646743
132391.613,TransLunarCoast,-263282.027,50752.847,1202.029,-331188.279,226375.353,38.599,-1.113903062,-0.052354967,0.000640806
132631.613,TransLunarCoast,-263549.208,50740.255,1202.182,-331327.036,226184.705,38.509,-1.112603339,-0.052575863,0.000634886
132871.613,TransLunarCoast,-263816.077,50727.610,1202.334,-331465.498,225993.860,38.418,-1.111306098,-0.052795887,0.000628981
133111.613,TransLunarCoast,-264082.635,50714.913,1202.484,-331603.958,225803.014,38.328,-1.110011328,-0.053015042,0.000623092
133351.613,TransLunarCoast,-264348.882,50702.163,1202.633,-331742.271,225612.069,38.237,-1.108719019,-0.053233332,0.000617219
133591.613,TransLunarCoast,-264614.820,50689.361,1202.780,-331880.433,225421.023,38.147,-1.107429163,-0.053450761,0.000611362
133831.613,TransLunarCoast,-264880.448,50676.507,1202.926,-332018.595,225229.977,38.058,-1.106141748,-0.053667333,0.000605520
134071.613,TransLunarCoast,-265145.768,50663.601,1203.071,-332156.462,225038.735,37.968,-1.104856766,-0.053883049,0.000599694
134311.613,TransLunarCoast,-265410.780,50650.643,1203.214,-332294.326,224847.490,37.879,-1.103574208,-0.054097914,0.000593883
134551.613,TransLunarCoast,-265675.484,50637.634,1203.356,-332432.044,224656.148,37.789,-1.102294063,-0.054311932,0.000588088
134791.613,TransLunarCoast,-265939.881,50624.573,1203.496,-332569.610,224464.705,37.699,-1.101016323,-0.054525105,0.000582309
135031.613,TransLunarCoast,-266203.972,50611.462,1203.635,-332707.176,224273.264,37.610,-1.099740978,-0.054737437,0.000576544
135271.613,TransLunarCoast,-266467.757,50598.299,1203.773,-332844.446,224081.625,37.522,-1.098468019,-0.054948932,0.000570795
135511.613,TransLunarCoast,-266731.237,50585.086,1203.909,-332981.713,223889.984,37.432,-1.097197436,-0.055159591,0.000565061
135751.613,TransLunarCoast,-266994.412,50571.823,1204.044,-333118.834,223698.247,37.343,-1.095929221,-0.055369420,0.000559342
135991.613,TransLunarCoast,-267257.283,50558.509,1204.178,-333255.803,223506.410,37.254,-1.094663364,-0.055578421,0.000553638
136231.613,TransLunarCoast,-267519.851,50545.145,1204.310,-333392.772,223314.572,37.165,-1.093399857,-0.055786597,0.000547949
136471.613,TransLunarCoast,-267782.115,50531.732,1204.441,-333529.444,223122.540,37.077,-1.092138690,-0.055993951,0.000542275
136711.613,TransLunarCoast,-268044.077,50518.268,1204.570,-333666.114,222930.505,36.988,-1.090879854,-0.056200487,0.000536615
136951.613,TransLunarCoast,-268305.738,50504.755,1204.698,-333802.637,222738.375,36.900,-1.089623341,-0.056406208,0.000530970
137191.613,TransLunarCoast,-268567.097,50491.193,1204.825,-333939.007,222546.144,36.812,-1.088369141,-0.056611117,0.000525340
137431.613,TransLunarCoast,-268828.155,50477.582,1204.950,-334075.378,222353.914,36.724,-1.087117246,-0.056815217,0.000519725
137671.613,TransLunarCoast,-269088.913,50463.922,1205.075,-334211.451,222161.489,36.636,-1.085867647,-0.057018510,0.000514124
137911.613,TransLunarCoast,-269349.372,50450.213,1205.197,-334347.523,221969.062,36.548,-1.084620335,-0.057221001,0.000508537
138151.613,TransLunarCoast,-269609.531,50436.456,1205.319,-334483.447,221776.540,36.460,-1.083375302,-0.057422692,0.000502965
138391.613,TransLunarCoast,-269869.392,50422.651,1205.439,-334619.218,221583.919,36.372,-1.082132539,-0.057623587,0.000497407
138631.613,TransLunarCoast,-270128.955,50408.797,1205.557,-334754.989,221391.296,36.284,-1.080892037,-0.057823687,0.000491863
138871.613,TransLunarCoast,-270388.220,50394.895,1205.675,-334890.463,221198.481,36.198,-1.079653788,-0.058022997,0.000486333
139111.613,TransLunarCoast,-270647.189,50380.946,1205.791,-335025.934,221005.664,36.110,-1.078417784,-0.058221519,0.000480818
139351.613,TransLunarCoast,-270905.861,50366.949,1205.906,-335161.258,220812.752,36.023,-1.077184015,-0.058419255,0.000475316
139591.613,TransLunarCoast,-271164.238,50352.905,1206.019,-335296.429,220619.741,35.935,-1.075952474,-0.058616210,0.000469829
139831.613,TransLunarCoast,-271422.319,50338.813,1206.131,-335431.600,220426.730,35.848,-1.074723153,-0.058812386,0.000464355
140071.613,TransLunarCoast,-271680.105,50324.675,1206.242,-335566.472,220233.526,35.762,-1.073496042,-0.059007785,0.000458895
140311.613,TransLunarCoast,-271937.597,50310.490,1206.351,-335701.343,220040.321,35.675,-1.072271134,-0.059202411,0.000453449
140551.613,TransLunarCoast,-272194.795,50296.258,1206.460,-335836.065,219847.020,35.588,-1.071048421,-0.059396266,0.000448016
140791.613,TransLunarCoast,-272451.700,50281.979,1206.566,-335970.635,219653.621,35.502,-1.069827894,-0.059589354,0.000442597
141031.613,TransLunarCoast,-272708.313,50267.655,1206.672,-336105.204,219460.222,35.415,-1.068609546,-0.059781676,0.000437192
141271.613,TransLunarCoast,-272964.633,50253.284,1206.776,-336239.475,219266.632,35.329,-1.067393367,-0.059973236,0.000431800
141511.613,TransLunarCoast,-273220.662,50238.868,1206.879,-336373.744,219073.040,35.244,-1.066179351,-0.060164037,0.000426422
141751.613,TransLunarCoast,-273476.399,50224.406,1206.981,-336507.863,218879.353,35.157,-1.064967489,-0.060354081,0.000421057
141991.613,TransLunarCoast,-273731.846,50209.898,1207.081,-336641.831,218685.568,35.071,-1.063757774,-0.060543371,0.000415705
142231.613,TransLunarCoast,-273987.003,50195.345,1207.180,-336775.797,218491.784,34.985,-1.062550196,-0.060731909,0.000410366
142471.613,TransLunarCoast,-274241.870,50180.747,1207.278,-336909.466,218297.808,34.900,-1.061344750,-0.060919699,0.000405041
142711.613,TransLunarCoast,-274496.449,50166.103,1207.375,-337043.131,218103.832,34.813,-1.060141426,-0.061106743,0.000399728
142951.613,TransLunarCoast,-274750.739,50151.415,1207.470,-337176.648,217909.760,34.728,-1.058940217,-0.061293043,0.000394429
143191.613,TransLunarCoast,-275004.740,50136.683,1207.564,-337310.011,217715.592,34.643,-1.057741115,-0.061478602,0.000389143
143431.613,TransLunarCoast,-275258.454,50121.906,1207.657,-337443.375,217521.423,34.557,-1.056544112,-0.061663423,0.000383870
143671.613,TransLunarCoast,-275511.882,50107.084,1207.749,-337576.438,217327.065,34.472,-1.055349202,-0.061847509,0.000378609
143911.613,TransLunarCoast,-275765.022,50092.219,1207.839,-337709.499,217132.704,34.387,-1.054156376,-0.062030861,0.000373361
144151.613,TransLunarCoast,-276017.877,50077.310,1207.928,-337842.411,216938.251,34.303,-1.052965627,-0.062213483,0.000368126
144391.613,TransLunarCoast,-276270.446,50062.357,1208.015,-337975.170,216743.700,34.218,-1.051776946,-0.062395377,0.000362904
144631.613,TransLunarCoast,-276522.730,50047.360,1208.102,-338107.929,216549.149,34.133,-1.050590328,-0.062576545,0.000357694
144871.613,TransLunarCoast,-276774.729,50032.320,1208.187,-338240.388,216354.410,34.048,-1.049405764,-0.062756991,0.000352497
145111.613,TransLunarCoast,-277026.445,50017.237,1208.271,-338372.843,216159.669,33.964,-1.048223247,-0.062936715,0.000347312
145351.613,TransLunarCoast,-277277.877,50002.110,1208.354,-338505.151,215964.834,33.880,-1.047042769,-0.063115722,0.000342140
145591.613,TransLunarCoast,-277529.026,49986.941,1208.435,-338637.303,215769.903,33.795,-1.045864324,-0.063294012,0.000336980
145831.613,TransLunarCoast,-277779.892,49971.729,1208.516,-338769.456,215574.972,33.711,-1.044687903,-0.063471590,0.000331833
146071.613,TransLunarCoast,-278030.476,49956.475,1208.595,-338901.308,215379.853,33.628,-1.043513500,-0.063648457,0.000326697
146311.613,TransLunarCoast,-278280.778,49941.178,1208.672,-339033.158,215184.733,33.543,-1.042341108,-0.063824615,0.000321574
146551.613,TransLunarCoast,-278530.800,49925.839,1208.749,-339164.859,214989.520,33.460,-1.041170719,-0.064000066,0.000316463
146791.613,TransLunarCoast,-278780.541,49910.458,1208.824,-339296.406,214794.210,33.376,-1.040002326,-0.064174814,0.000311364
147031.613,TransLunarCoast,-279030.001,49895.035,1208.898,-339427.952,214598.900,33.292,-1.038835922,-0.064348861,0.000306277
147271.613,TransLunarCoast,-279279.182,49879.571,1208.971,-339559.196,214403.404,33.209,-1.037671501,-0.064522208,0.000301203
147392.210,TransLunarCoast,-279404.287,49871.784,1209.008,-339625.144,214305.169,33.167,-1.037087139,-0.064609050,0.000298657
147463.852,TransLunarCoast,-279478.573,49867.154,1209.029,-339664.321,214246.811,33.142,-1.036740230,-0.064660556,0.000297146
147751.613,TransLunarCoast,-279777.158,49847.897,1209.103,-339821.531,214012.316,33.043,-1.035371438,-0.064885158,0.000269361
147991.613,TransLunarCoast,-280025.508,49832.304,1209.167,-339952.470,213816.630,32.959,-1.034212923,-0.065056418,0.000264322
148231.613,TransLunarCoast,-280273.580,49816.670,1209.230,-340083.409,213620.944,32.876,-1.033056361,-0.065226988,0.000259294
148471.613,TransLunarCoast,-280521.375,49800.995,1209.292,-340214.046,213425.072,32.794,-1.031901747,-0.065396870,0.000254278
148711.613,TransLunarCoast,-280768.893,49785.280,1209.352,-340344.680,213229.198,32.711,-1.030749074,-0.065566067,0.000249274
148951.613,TransLunarCoast,-281016.135,49769.524,1209.411,-340475.164,213033.232,32.628,-1.029598334,-0.065734579,0.000244282
149191.613,TransLunarCoast,-281263.101,49753.727,1209.469,-340605.493,212837.171,32.546,-1.028449520,-0.065902411,0.000239301
149431.613,TransLunarCoast,-281509.791,49737.890,1209.526,-340735.824,212641.111,32.464,-1.027302628,-0.066069564,0.000234331
149671.613,TransLunarCoast,-281756.206,49722.014,1209.582,-340865.851,212444.865,32.381,-1.026157648,-0.066236039,0.000229373
149911.613,TransLunarCoast,-282002.347,49706.097,1209.636,-340995.875,212248.617,32.299,-1.025014576,-0.066401839,0.000224426
150151.613,TransLunarCoast,-282248.213,49690.141,1209.690,-341125.750,212052.278,32.217,-1.023873403,-0.066566967,0.000219491
150391.613,TransLunarCoast,-282493.806,49674.145,1209.742,-341255.470,211855.844,32.135,-1.022734124,-0.066731424,0.000214567
150631.613,TransLunarCoast,-282739.126,49658.110,1209.793,-341385.189,211659.411,32.053,-1.021596732,-0.066895212,0.000209654
150871.613,TransLunarCoast,-282984.173,49642.035,1209.842,-341514.606,211462.793,31.972,-1.020461221,-0.067058334,0.000204752
151111.613,TransLunarCoast,-283228.947,49625.922,1209.891,-341644.021,211266.174,31.890,-1.019327584,-0.067220792,0.000199862
151351.613,TransLunarCoast,-283473.450,49609.770,1209.938,-341773.285,211069.463,31.808,-1.018195814,-0.067382587,0.000194982
151591.613,TransLunarCoast,-283717.681,49593.578,1209.985,-341902.394,210872.658,31.727,-1.017065905,-0.067543721,0.000190114
151831.613,TransLunarCoast,-283961.642,49577.349,1210.030,-342031.503,210675.853,31.646,-1.015937851,-0.067704197,0.000185256
152071.613,TransLunarCoast,-284205.332,49561.080,1210.073,-342160.308,210478.865,31.565,-1.014811645,-0.067864017,0.000180409
152311.613,TransLunarCoast,-284448.752,49544.774,1210.116,-342289.111,210281.875,31.484,-1.013687282,-0.068023182,0.000175574
152551.613,TransLunarCoast,-284691.902,49528.429,1210.158,-342417.764,210084.796,31.404,-1.012564754,-0.068181694,0.000170749
152791.613,TransLunarCoast,-284934.783,49512.047,1210.198,-342546.261,209887.622,31.322,-1.011444055,-0.068339557,0.000165934
153031.613,TransLunarCoast,-285177.395,49495.626,1210.237,-342674.758,209690.447,31.241,-1.010325180,-0.068496770,0.000161131
153271.613,TransLunarCoast,-285419.739,49479.168,1210.275,-342802.951,209493.091,31.161,-1.009208122,-0.068653337,0.000156338
153511.613,TransLunarCoast,-285661.815,49462.673,1210.312,-342931.142,209295.733,31.081,-1.008092874,-0.068809259,0.000151556
153751.613,TransLunarCoast,-285903.624,49446.140,1210.348,-343059.182,209098.285,31.000,-1.006979431,-0.068964538,0.000146784
153991.613,TransLunarCoast,-286145.165,49429.570,1210.383,-343187.066,208900.744,30.920,-1.005867787,-0.069119176,0.000142023
154231.613,TransLunarCoast,-286386.440,49412.963,1210.416,-343314.950,208703.203,30.840,-1.004757935,-0.069273175,0.000137272
154471.613,TransLunarCoast,-286627.449,49396.319,1210.449,-343442.529,208505.480,30.760,-1.003649870,-0.069426536,0.000132531
154711.613,TransLunarCoast,-286868.193,49379.638,1210.480,-343570.106,208307.756,30.680,-1.002543585,-0.069579262,0.000127801
154951.613,TransLunarCoast,-287108.670,49362.921,1210.510,-343697.533,208109.941,30.601,-1.001439075,-0.069731355,0.000123081
155191.613,TransLunarCoast,-287348.883,49346.167,1210.539,-343824.802,207912.034,30.521,-1.000336333,-0.069882815,0.000118372
155431.613,TransLunarCoast,-287588.832,49329.377,1210.567,-343952.072,207714.128,30.441,-0.999235354,-0.070033645,0.000113673
155671.613,TransLunarCoast,-287828.517,49312.551,1210.594,-344079.038,207516.040,30.362,-0.998136131,-0.070183847,0.000108983
155911.613,TransLunarCoast,-288067.937,49295.689,1210.619,-344206.001,207317.952,30.283,-0.997038659,-0.070333423,0.000104304
156151.613,TransLunarCoast,-288307.095,49278.791,1210.644,-344332.812,207119.774,30.203,-0.995942933,-0.070482374,0.000099635
156391.613,TransLunarCoast,-288545.990,49261.857,1210.667,-344459.467,206921.503,30.125,-0.994848945,-0.070630701,0.000094976
156631.613,TransLunarCoast,-288784.623,49244.888,1210.689,-344586.123,206723.232,30.046,-0.993756691,-0.070778408,0.000090327
156871.613,TransLunarCoast,-289022.994,49227.884,1210.710,-344712.473,206524.782,29.967,-0.992666164,-0.070925494,0.000085688
157111.613,TransLunarCoast,-289261.103,49210.844,1210.730,-344838.820,206326.330,29.888,-0.991577359,-0.071071963,0.000081059
157351.613,TransLunarCoast,-289498.951,49193.769,1210.749,-344965.015,206127.790,29.810,-0.990490270,-0.071217815,0.000076439
157591.613,TransLunarCoast,-289736.538,49176.660,1210.767,-345091.054,205929.158,29.731,-0.989404892,-0.071363053,0.000071830
157831.613,TransLunarCoast,-289973.865,49159.515,1210.784,-345217.094,205730.526,29.652,-0.988321219,-0.071507678,0.000067230
158071.613,TransLunarCoast,-290210.933,49142.336,1210.799,-345342.827,205531.714,29.574,-0.987239245,-0.071651692,0.000062639
158311.613,TransLunarCoast,-290447.740,49125.122,1210.814,-345468.558,205332.902,29.496,-0.986158965,-0.071795095,0.000058059
158551.613,TransLunarCoast,-290684.289,49107.874,1210.827,-345594.137,205134.002,29.418,-0.985080373,-0.071937891,0.000053488
158791.613,TransLunarCoast,-290920.579,49090.592,1210.840,-345719.559,204935.009,29.341,-0.984003463,-0.072080081,0.000048926
159031.613,TransLunarCoast,-291156.611,49073.276,1210.851,-345844.982,204736.017,29.262,-0.982928231,-0.072221665,0.000044374
159271.613,TransLunarCoast,-291392.385,49055.926,1210.861,-345970.097,204536.847,29.185,-0.981854670,-0.072362646,0.000039831
159511.613,TransLunarCoast,-291627.901,49038.542,1210.870,-346095.211,204337.676,29.107,-0.980782775,-0.072503026,0.000035298
159751.613,TransLunarCoast,-291863.161,49021.125,1210.878,-346220.173,204138.417,29.030,-0.979712541,-0.072642805,0.000030774
159991.613,TransLunarCoast,-292098.163,49003.674,1210.885,-346344.977,203939.067,28.952,-0.978643963,-0.072781986,0.000026260
160231.613,TransLunarCoast,-292332.910,48986.189,1210.890,-346469.781,203739.716,28.875,-0.977577034,-0.072920570,0.000021755
160471.613,TransLunarCoast,-292567.400,48968.672,1210.895,-346594.279,203540.189,28.798,-0.976511750,-0.073058558,0.000017259
160711.613,TransLunarCoast,-292801.636,48951.121,1210.899,-346718.774,203340.661,28.721,-0.975448106,-0.073195952,0.000012772
160951.613,TransLunarCoast,-293035.616,48933.538,1210.901,-346843.117,203141.045,28.644,-0.974386095,-0.073332753,0.000008294
161191.613,TransLunarCoast,-293269.341,48915.921,1210.903,-346967.302,202941.338,28.568,-0.973325714,-0.073468963,0.000003825
161431.613,TransLunarCoast,-293502.812,48898.273,1210.903,-347091.487,202741.631,28.490,-0.972266956,-0.073604584,-0.000000634
161671.613,TransLunarCoast,-293736.029,48880.591,1210.902,-347215.366,202541.749,28.415,-0.971209816,-0.073739616,-0.000005085
161911.613,TransLunarCoast,-293968.993,48862.878,1210.901,-347339.241,202341.865,28.338,-0.970154289,-0.073874061,-0.000009527
162151.613,TransLunarCoast,-294201.703,48845.132,1210.898,-347462.965,202141.894,28.262,-0.969100370,-0.074007922,-0.000013959
162391.613,TransLunarCoast,-294434.161,48827.354,1210.894,-347586.530,201941.833,28.185,-0.968048054,-0.074141198,-0.000018383
162631.613,TransLunarCoast,-294666.367,48809.544,1210.889,-347710.096,201741.773,28.109,-0.966997336,-0.074273892,-0.000022798
162871.613,TransLunarCoast,-294898.320,48791.703,1210.883,-347833.353,201541.538,28.034,-0.965948210,-0.074406004,-0.000027205
163111.613,TransLunarCoast,-295130.022,48773.829,1210.876,-347956.608,201341.300,27.957,-0.964900672,-0.074537537,-0.000031602
163351.613,TransLunarCoast,-295361.473,48755.925,1210.868,-348079.711,201140.976,27.882,-0.963854717,-0.074668492,-0.000035991
163591.613,TransLunarCoast,-295592.672,48737.988,1210.859,-348202.656,200940.563,27.806,-0.962810339,-0.074798869,-0.000040371
163831.613,TransLunarCoast,-295823.622,48720.021,1210.848,-348325.601,200740.150,27.730,-0.961767533,-0.074928671,-0.000044743
164071.613,TransLunarCoast,-296054.321,48702.023,1210.837,-348448.237,200539.563,27.655,-0.960726296,-0.075057898,-0.000049106
164311.613,TransLunarCoast,-296284.770,48683.993,1210.825,-348570.871,200338.973,27.580,-0.959686620,-0.075186553,-0.000053460
164551.613,TransLunarCoast,-296514.971,48665.933,1210.812,-348693.352,200138.299,27.505,-0.958648503,-0.075314635,-0.000057806
164791.613,TransLunarCoast,-296744.922,48647.842,1210.797,-348815.675,199937.535,27.430,-0.957611938,-0.075442148,-0.000062144
165031.613,TransLunarCoast,-296974.624,48629.721,1210.782,-348937.997,199736.771,27.355,-0.956576921,-0.075569091,-0.000066473
165271.613,TransLunarCoast,-297204.079,48611.569,1210.765,-349060.011,199535.834,27.280,-0.955543447,-0.075695466,-0.000070794
165511.613,TransLunarCoast,-297433.285,48593.387,1210.748,-349182.023,199334.896,27.206,-0.954511511,-0.075821275,-0.000075106
165751.613,TransLunarCoast,-297662.244,48575.175,1210.729,-349303.882,199133.871,27.131,-0.953481109,-0.075946518,-0.000079411
165991.613,TransLunarCoast,-297890.956,48556.933,1210.710,-349425.582,198932.759,27.057,-0.952452236,-0.076071197,-0.000083707
166231.613,TransLunarCoast,-298119.422,48538.661,1210.689,-349547.281,198731.647,26.982,-0.951424886,-0.076195313,-0.000087994
166471.613,TransLunarCoast,-298347.641,48520.359,1210.667,-349668.672,198530.362,26.908,-0.950399055,-0.076318868,-0.000092274
166711.613,TransLunarCoast,-298575.613,48502.028,1210.645,-349790.061,198329.076,26.834,-0.949374739,-0.076441862,-0.000096546
166951.613,TransLunarCoast,-298803.340,48483.667,1210.621,-349911.296,198127.704,26.760,-0.948351933,-0.076564297,-0.000100809
167191.613,TransLunarCoast,-299030.822,48465.277,1210.596,-350032.372,197926.245,26.685,-0.947330632,-0.076686174,-0.000105064
167431.613,TransLunarCoast,-299258.059,48446.858,1210.571,-350153.449,197724.785,26.613,-0.946310831,-0.076807494,-0.000109312
167671.613,TransLunarCoast,-299485.052,48428.410,1210.544,-350274.215,197523.155,26.538,-0.945292526,-0.076928258,-0.000113551
167911.613,TransLunarCoast,-299711.800,48409.932,1210.516,-350394.980,197321.523,26.465,-0.944275712,-0.077048468,-0.000117783
168151.613,TransLunarCoast,-299938.304,48391.426,1210.487,-350515.590,197119.806,26.391,-0.943260385,-0.077168124,-0.000122007
168391.613,TransLunarCoast,-300164.565,48372.892,1210.458,-350636.042,196918.002,26.318,-0.942246540,-0.077287228,-0.000126223
168631.613,TransLunarCoast,-300390.583,48354.329,1210.427,-350756.494,196716.198,26.245,-0.941234173,-0.077405781,-0.000130431
168871.613,TransLunarCoast,-300616.357,48335.737,1210.395,-350876.635,196514.222,26.172,-0.940223278,-0.077523783,-0.000134631
169111.613,TransLunarCoast,-300841.890,48317.117,1210.362,-350996.773,196312.246,26.099,-0.939213852,-0.077641237,-0.000138824
169351.613,TransLunarCoast,-301067.180,48298.469,1210.328,-351116.759,196110.187,26.026,-0.938205890,-0.077758143,-0.000143009
169591.613,TransLunarCoast,-301292.229,48279.793,1210.293,-351236.585,195908.039,25.954,-0.937199388,-0.077874501,-0.000147186
169831.613,TransLunarCoast,-301517.036,48261.090,1210.258,-351356.411,195705.892,25.881,-0.936194340,-0.077990314,-0.000151356
170071.613,TransLunarCoast,-301741.602,48242.358,1210.221,-351475.926,195503.574,25.809,-0.935190744,-0.078105583,-0.000155519
170311.613,TransLunarCoast,-301965.928,48223.599,1210.183,-351595.440,195301.256,25.736,-0.934188594,-0.078220308,-0.000159673
170551.613,TransLunarCoast,-302190.013,48204.812,1210.144,-351714.798,195098.854,25.664,-0.933187885,-0.078334490,-0.000163821
170791.613,TransLunarCoast,-302413.858,48185.998,1210.104,-351833.998,194896.366,25.592,-0.932188615,-0.078448130,-0.000167960
171031.613,TransLunarCoast,-302637.464,48167.157,1210.064,-351953.197,194693.877,25.519,-0.931190778,-0.078561230,-0.000172093
171271.613,TransLunarCoast,-302860.830,48148.289,1210.022,-352072.085,194491.219,25.448,-0.930194369,-0.078673790,-0.000176218
171511.613,TransLunarCoast,-303083.957,48129.394,1209.979,-352190.971,194288.561,25.376,-0.929199386,-0.078785812,-0.000180336
171751.613,TransLunarCoast,-303306.846,48110.472,1209.935,-352309.703,194085.819,25.304,-0.928205823,-0.078897296,-0.000184446
171991.613,TransLunarCoast,-303529.496,48091.523,1209.890,-352428.275,193882.991,25.233,-0.927213676,-0.079008243,-0.000188550
172231.613,TransLunarCoast,-303751.908,48072.548,1209.845,-352546.846,193680.163,25.160,-0.926222941,-0.079118654,-0.000192646
172471.613,TransLunarCoast,-303974.083,48053.546,1209.798,-352665.107,193477.168,25.090,-0.925233613,-0.079228531,-0.000196735
172711.613,TransLunarCoast,-304196.020,48034.518,1209.750,-352783.365,193274.171,25.018,-0.924245690,-0.079337874,-0.000200816
172951.613,TransLunarCoast,-304417.721,48015.464,1209.702,-352901.468,193071.091,24.948,-0.923259165,-0.079446684,-0.000204891
173191.613,TransLunarCoast,-304639.185,47996.384,1209.652,-353019.412,192867.925,24.876,-0.922274036,-0.079554962,-0.000208959
173431.613,TransLunarCoast,-304860.413,47977.278,1209.601,-353137.355,192664.760,24.805,-0.921290298,-0.079662709,-0.000213019
173671.613,TransLunarCoast,-305081.404,47958.146,1209.550,-353254.986,192461.428,24.735,-0.920307947,-0.079769926,-0.000217073
173911.613,TransLunarCoast,-305302.161,47938.988,1209.497,-353372.615,192258.094,24.664,-0.919326979,-0.079876614,-0.000221120
174151.613,TransLunarCoast,-305522.681,47919.805,1209.444,-353490.089,192054.678,24.593,-0.918347389,-0.079982773,-0.000225160
174391.613,TransLunarCoast,-305742.967,47900.597,1209.389,-353607.404,191851.177,24.523,-0.917369174,-0.080088405,-0.000229193
174631.613,TransLunarCoast,-305963.019,47881.363,1209.334,-353724.718,191647.677,24.452,-0.916392330,-0.080193509,-0.000233219
174871.613,TransLunarCoast,-306182.836,47862.104,1209.277,-353841.720,191444.009,24.383,-0.915416853,-0.080298088,-0.000237238
175111.613,TransLunarCoast,-306402.419,47842.820,1209.220,-353958.719,191240.342,24.312,-0.914442738,-0.080402142,-0.000241251
175351.613,TransLunarCoast,-306621.769,47823.511,1209.161,-354075.563,191036.591,24.242,-0.913469982,-0.080505672,-0.000245257
175591.613,TransLunarCoast,-306840.885,47804.177,1209.102,-354192.247,190832.757,24.172,-0.912498581,-0.080608679,-0.000249256
175831.613,TransLunarCoast,-307059.768,47784.819,1209.042,-354308.931,190628.922,24.103,-0.911528531,-0.080711163,-0.000253249
176071.613,TransLunarCoast,-307278.419,47765.436,1208.980,-354425.301,190424.923,24.033,-0.910559827,-0.080813125,-0.000257235
176311.613,TransLunarCoast,-307496.837,47746.028,1208.918,-354541.670,190220.922,23.964,-0.909592466,-0.080914566,-0.000261215
176551.613,TransLunarCoast,-307715.023,47726.597,1208.855,-354657.884,190016.839,23.894,-0.908626445,-0.081015487,-0.000265187
176791.613,TransLunarCoast,-307932.978,47707.141,1208.791,-354773.936,189812.673,23.825,-0.907661758,-0.081115888,-0.000269154
177031.613,TransLunarCoast,-308150.701,47687.661,1208.726,-354889.989,189608.506,23.755,-0.906698403,-0.081215771,-0.000273114
177271.613,TransLunarCoast,-308368.193,47668.157,1208.660,-355005.728,189404.176,23.686,-0.905736375,-0.081315136,-0.000277068
177511.613,TransLunarCoast,-308585.454,47648.630,1208.593,-355121.464,189199.845,23.618,-0.904775671,-0.081413983,-0.000281015
177751.613,TransLunarCoast,-308802.485,47629.079,1208.525,-355237.046,188995.432,23.549,-0.903816287,-0.081512314,-0.000284956
177991.613,TransLunarCoast,-309019.286,47609.504,1208.456,-355352.466,188790.936,23.480,-0.902858219,-0.081610130,-0.000288890
178231.613,TransLunarCoast,-309235.857,47589.906,1208.386,-355467.887,188586.439,23.412,-0.901901463,-0.081707430,-0.000292819
178471.613,TransLunarCoast,-309452.199,47570.285,1208.315,-355582.994,188381.779,23.343,-0.900946016,-0.081804216,-0.000296741
178590.421,TransLunarCoast,-309558.688,47566.615,1204.524,-355639.974,188280.466,23.309,-0.900414854,-0.080314866,-0.001241288
178830.421,TransLunarCoast,-309774.673,47547.328,1204.226,-355755.078,188075.806,23.241,-0.899461363,-0.080410899,-0.001245187
179070.421,TransLunarCoast,-309990.430,47528.018,1203.926,-355869.870,187870.984,23.173,-0.898509173,-0.080506420,-0.001249080
179310.421,TransLunarCoast,-310205.958,47508.685,1203.626,-355984.658,187666.159,23.105,-0.897558278,-0.080601430,-0.001252966
179550.421,TransLunarCoast,-310421.258,47489.329,1203.325,-356099.291,187461.255,23.036,-0.896608676,-0.080695930,-0.001256844
179790.421,TransLunarCoast,-310636.330,47469.951,1203.023,-356213.761,187256.267,22.969,-0.895660363,-0.080789919,-0.001260716
180030.421,TransLunarCoast,-310851.175,47450.550,1202.720,-356328.232,187051.280,22.901,-0.894713334,-0.080883399,-0.001264582
180270.421,TransLunarCoast,-311065.793,47431.127,1202.416,-356442.390,186846.131,22.834,-0.893767587,-0.080976371,-0.001268440
180510.421,TransLunarCoast,-311280.184,47411.681,1202.111,-356556.544,186640.980,22.766,-0.892823118,-0.081068834,-0.001272292
180750.421,TransLunarCoast,-311494.348,47392.214,1201.805,-356670.543,186435.751,22.698,-0.891879924,-0.081160790,-0.001276137
180990.421,TransLunarCoast,-311708.286,47372.724,1201.499,-356784.379,186230.438,22.631,-0.890938000,-0.081252239,-0.001279976
181230.421,TransLunarCoast,-311921.998,47353.213,1201.191,-356898.215,186025.125,22.564,-0.889997343,-0.081343181,-0.001283808
181470.421,TransLunarCoast,-312135.485,47333.680,1200.882,-357011.739,185819.653,22.497,-0.889057949,-0.081433618,-0.001287633
181710.421,TransLunarCoast,-312348.746,47314.125,1200.573,-357125.258,185614.178,22.430,-0.888119816,-0.081523549,-0.001291452
181948.540,TransLunarCoast,-312560.114,47294.702,1200.265,-357237.735,185410.237,22.363,-0.887190277,-0.081612277,-0.001295235
182188.540,TransLunarCoast,-312772.927,47275.104,1199.954,-357350.936,185204.600,22.297,-0.886254643,-0.081701204,-0.001299041
182428.540,TransLunarCoast,-312985.516,47255.485,1199.641,-357464.138,184998.964,22.230,-0.885320259,-0.081789627,-0.001302841
182668.540,TransLunarCoast,-313197.881,47235.845,1199.328,-357577.027,184793.170,22.164,-0.884387121,-0.081877547,-0.001306635
182908.540,TransLunarCoast,-313410.022,47216.184,1199.014,-357689.910,184587.373,22.098,-0.883455226,-0.081964964,-0.001310422
183148.540,TransLunarCoast,-313621.939,47196.502,1198.699,-357802.641,184381.499,22.032,-0.882524569,-0.082051879,-0.001314203
183388.540,TransLunarCoast,-313833.634,47176.799,1198.383,-357915.206,184175.542,21.965,-0.881595149,-0.082138293,-0.001317977
183628.540,TransLunarCoast,-314045.105,47157.076,1198.067,-358027.771,183969.584,21.899,-0.880666961,-0.082224205,-0.001321746
183868.540,TransLunarCoast,-314256.354,47137.332,1197.749,-358140.024,183763.470,21.833,-0.879740002,-0.082309617,-0.001325508
184108.540,TransLunarCoast,-314467.380,47117.567,1197.430,-358252.271,183557.353,21.767,-0.878814268,-0.082394529,-0.001329264
184348.540,TransLunarCoast,-314678.185,47097.782,1197.111,-358364.365,183351.158,21.701,-0.877889757,-0.082478941,-0.001333014
184588.540,TransLunarCoast,-314888.768,47077.977,1196.790,-358476.293,183144.881,21.635,-0.876966464,-0.082562853,-0.001336758
184828.540,TransLunarCoast,-315099.129,47058.152,1196.469,-358588.221,182938.605,21.570,-0.876044387,-0.082646267,-0.001340497
185068.540,TransLunarCoast,-315309.269,47038.307,1196.147,-358699.837,182732.171,21.505,-0.875123523,-0.082729182,-0.001344229
185208.755,TransLunarCoast,-315436.351,47009.552,1204.029,-358765.042,182611.565,21.467,-0.874916738,-0.084328654,-0.000518957
185448.755,TransLunarCoast,-315646.221,46989.304,1203.904,-358876.631,182405.119,21.402,-0.873997782,-0.084410738,-0.000522707
185688.755,TransLunarCoast,-315855.870,46969.035,1203.778,-358987.922,182198.524,21.337,-0.873080031,-0.084492324,-0.000526452
185928.755,TransLunarCoast,-316065.299,46948.747,1203.651,-359099.212,181991.931,21.271,-0.872163479,-0.084573411,-0.000530192
186168.755,TransLunarCoast,-316274.509,46928.440,1203.524,-359210.322,181785.246,21.207,-0.871248125,-0.084654002,-0.000533926
186408.755,TransLunarCoast,-316483.499,46908.113,1203.395,-359321.293,181578.494,21.142,-0.870333964,-0.084734095,-0.000537655
186648.755,TransLunarCoast,-316692.269,46887.768,1203.266,-359432.244,181371.731,21.078,-0.869420994,-0.084813692,-0.000541379
186888.755,TransLunarCoast,-316900.821,46867.403,1203.135,-359542.895,181164.821,21.013,-0.868509211,-0.084892792,-0.000545098
187128.755,TransLunarCoast,-317109.154,46847.019,1203.004,-359653.547,180957.910,20.949,-0.867598612,-0.084971397,-0.000548812
187368.755,TransLunarCoast,-317317.268,46826.617,1202.872,-359764.018,180750.911,20.884,-0.866689195,-0.085049505,-0.000552521
187608.755,TransLunarCoast,-317525.165,46806.195,1202.739,-359874.349,180543.845,20.820,-0.865780955,-0.085127119,-0.000556225
187848.755,TransLunarCoast,-317732.843,46785.756,1202.605,-359984.661,180336.767,20.756,-0.864873890,-0.085204237,-0.000559924
188088.755,TransLunarCoast,-317940.304,46765.297,1202.470,-360094.673,180129.543,20.692,-0.863967996,-0.085280861,-0.000563619
188328.755,TransLunarCoast,-318147.548,46744.821,1202.334,-360204.685,179922.319,20.628,-0.863063271,-0.085356991,-0.000567308
188568.755,TransLunarCoast,-318354.575,46724.326,1202.198,-360314.516,179715.007,20.565,-0.862159711,-0.085432626,-0.000570992
188808.755,TransLunarCoast,-318561.385,46703.813,1202.060,-360424.208,179507.627,20.501,-0.861257313,-0.085507768,-0.000574672
189048.755,TransLunarCoast,-318767.978,46683.282,1201.922,-360533.880,179300.236,20.437,-0.860356075,-0.085582416,-0.000578347
189288.755,TransLunarCoast,-318974.356,46662.734,1201.783,-360643.251,179092.700,20.374,-0.859455992,-0.085656570,-0.000582017
189528.755,TransLunarCoast,-319180.517,46642.167,1201.642,-360752.623,178885.165,20.311,-0.858557063,-0.085730232,-0.000585683
189768.755,TransLunarCoast,-319386.463,46621.583,1201.501,-360861.813,178677.542,20.248,-0.857659284,-0.085803401,-0.000589344
190008.755,TransLunarCoast,-319592.194,46600.982,1201.360,-360970.865,178469.850,20.185,-0.856762651,-0.085876077,-0.000593000
190248.755,TransLunarCoast,-319797.709,46580.363,1201.217,-361079.895,178262.150,20.122,-0.855867163,-0.085948261,-0.000596652
190488.755,TransLunarCoast,-320003.010,46559.727,1201.073,-361188.625,178054.303,20.060,-0.854972815,-0.086019953,-0.000600299
190728.755,TransLunarCoast,-320208.096,46539.073,1200.929,-361297.355,177846.457,19.997,-0.854079605,-0.086091152,-0.000603942
190968.755,TransLunarCoast,-320412.968,46518.403,1200.783,-361405.904,177638.525,19.934,-0.853187531,-0.086161860,-0.000607580
191208.755,TransLunarCoast,-320617.626,46497.716,1200.637,-361514.313,177430.525,19.872,-0.852296588,-0.086232076,-0.000611213
191448.755,TransLunarCoast,-320822.071,46477.011,1200.490,-361622.702,177222.515,19.810,-0.851406775,-0.086301801,-0.000614843
191688.755,TransLunarCoast,-321026.302,46456.291,1200.342,-361730.790,177014.361,19.748,-0.850518087,-0.086371035,-0.000618468
191928.755,TransLunarCoast,-321230.320,46435.553,1200.193,-361838.879,176806.206,19.685,-0.849630523,-0.086439777,-0.000622088
192168.755,TransLunarCoast,-321434.124,46414.800,1200.043,-361946.785,176597.966,19.623,-0.848744080,-0.086508028,-0.000625705
192408.755,TransLunarCoast,-321637.717,46394.030,1199.893,-362054.551,176389.659,19.561,-0.847858753,-0.086575789,-0.000629317
192648.755,TransLunarCoast,-321841.097,46373.243,1199.741,-362162.298,176181.343,19.500,-0.846974541,-0.086643058,-0.000632925
192888.755,TransLunarCoast,-322044.265,46352.441,1199.589,-362269.743,175972.882,19.438,-0.846091441,-0.086709837,-0.000636528
193128.755,TransLunarCoast,-322247.221,46331.623,1199.436,-362377.188,175764.422,19.376,-0.845209450,-0.086776126,-0.000640128
193368.755,TransLunarCoast,-322449.965,46310.788,1199.282,-362484.451,175555.876,19.315,-0.844328565,-0.086841924,-0.000643723
193608.755,TransLunarCoast,-322652.499,46289.939,1199.127,-362591.574,175347.264,19.254,-0.843448783,-0.086907231,-0.000647314
193848.755,TransLunarCoast,-322854.821,46269.073,1198.971,-362698.677,175138.641,19.192,-0.842570101,-0.086972048,-0.000650901
194088.755,TransLunarCoast,-323056.932,46248.192,1198.814,-362805.478,174929.877,19.131,-0.841692517,-0.087036375,-0.000654485
194328.755,TransLunarCoast,-323258.833,46227.296,1198.657,-362912.280,174721.113,19.070,-0.840816027,-0.087100212,-0.000658064
194568.755,TransLunarCoast,-323460.524,46206.384,1198.498,-363018.899,174512.263,19.009,-0.839940629,-0.087163558,-0.000661639
194808.755,TransLunarCoast,-323662.005,46185.457,1198.339,-363125.377,174303.347,18.949,-0.839066321,-0.087226414,-0.000665210
195048.755,TransLunarCoast,-323863.276,46164.515,1198.179,-363231.836,174094.422,18.888,-0.838193099,-0.087288780,-0.000668778
195288.755,TransLunarCoast,-324064.338,46143.559,1198.018,-363337.993,173885.356,18.828,-0.837320961,-0.087350656,-0.000672341
195528.755,TransLunarCoast,-324265.190,46122.587,1197.856,-363444.149,173676.289,18.768,-0.836449904,-0.087412042,-0.000675901
195768.755,TransLunarCoast,-324465.834,46101.601,1197.694,-363550.124,173467.137,18.707,-0.835579924,-0.087472938,-0.000679457
196008.755,TransLunarCoast,-324666.269,46080.600,1197.530,-363655.958,173257.921,18.646,-0.834711021,-0.087533343,-0.000683010
196248.755,TransLunarCoast,-324866.495,46059.585,1197.366,-363761.771,173048.694,18.587,-0.833843190,-0.087593258,-0.000686558
196488.755,TransLunarCoast,-325066.513,46038.555,1197.201,-363867.282,172839.326,18.526,-0.832976430,-0.087652683,-0.000690103
196728.755,TransLunarCoast,-325266.324,46017.512,1197.035,-363972.793,172629.960,18.467,-0.832110737,-0.087711617,-0.000693644
196968.755,TransLunarCoast,-325465.927,45996.454,1196.868,-364078.122,172420.508,18.407,-0.831246108,-0.087770061,-0.000697182
197208.755,TransLunarCoast,-325665.322,45975.382,1196.700,-364183.310,172210.992,18.348,-0.830382542,-0.087828015,-0.000700716
197448.755,TransLunarCoast,-325864.510,45954.296,1196.531,-364288.478,172001.466,18.289,-0.829520036,-0.087885478,-0.000704247
197688.755,TransLunarCoast,-326063.492,45933.197,1196.362,-364393.342,171791.800,18.229,-0.828658586,-0.087942450,-0.000707774
197928.755,TransLunarCoast,-326262.267,45912.084,1196.192,-364498.206,171582.134,18.170,-0.827798191,-0.087998931,-0.000711298
198168.755,TransLunarCoast,-326460.835,45890.958,1196.021,-364602.889,171372.385,18.110,-0.826938847,-0.088054922,-0.000714818
198408.755,TransLunarCoast,-326659.197,45869.818,1195.849,-364707.431,171162.571,18.051,-0.826080553,-0.088110421,-0.000718335
198648.755,TransLunarCoast,-326857.354,45848.665,1195.676,-364811.952,170952.748,17.992,-0.825223305,-0.088165429,-0.000721849
198888.755,TransLunarCoast,-327055.305,45827.498,1195.502,-364916.169,170742.786,17.933,-0.824367101,-0.088219946,-0.000725359
199128.755,TransLunarCoast,-327253.050,45806.319,1195.328,-365020.387,170532.823,17.875,-0.823511938,-0.088273972,-0.000728866
199368.755,TransLunarCoast,-327450.590,45785.127,1195.152,-365124.422,170322.778,17.817,-0.822657815,-0.088327505,-0.000732370
199608.755,TransLunarCoast,-327647.926,45763.922,1194.976,-365228.315,170112.669,17.757,-0.821804727,-0.088380547,-0.000735870
199848.755,TransLunarCoast,-327845.057,45742.704,1194.799,-365332.189,169902.550,17.700,-0.820952674,-0.088433097,-0.000739368
200088.755,TransLunarCoast,-328041.983,45721.474,1194.621,-365435.759,169692.293,17.641,-0.820101651,-0.088485154,-0.000742862
200328.755,TransLunarCoast,-328238.706,45700.231,1194.442,-365539.328,169482.035,17.583,-0.819251658,-0.088536719,-0.000746353
200568.755,TransLunarCoast,-328435.224,45678.977,1194.263,-365642.715,169271.697,17.525,-0.818402691,-0.088587792,-0.000749841
200808.755,TransLunarCoast,-328631.539,45657.709,1194.082,-365745.960,169061.293,17.467,-0.817554748,-0.088638371,-0.000753326
201048.755,TransLunarCoast,-328827.650,45636.430,1193.901,-365849.185,168850.880,17.410,-0.816707826,-0.088688457,-0.000756809
201288.755,TransLunarCoast,-329023.559,45615.139,1193.719,-365952.107,168640.331,17.352,-0.815861923,-0.088738050,-0.000760288
201528.755,TransLunarCoast,-329219.264,45593.836,1193.536,-366055.027,168429.782,17.294,-0.815017036,-0.088787149,-0.000763764
201768.755,TransLunarCoast,-329414.767,45572.521,1193.353,-366157.765,168219.149,17.237,-0.814173164,-0.088835753,-0.000767238
202008.755,TransLunarCoast,-329610.067,45551.195,1193.168,-366260.361,168008.455,17.180,-0.813330303,-0.088883864,-0.000770708
202248.755,TransLunarCoast,-329805.166,45529.857,1192.983,-366362.938,167797.751,17.122,-0.812488451,-0.088931480,-0.000774176
202488.755,TransLunarCoast,-330000.062,45508.508,1192.796,-366465.209,167586.910,17.065,-0.811647606,-0.088978601,-0.000777641
202728.755,TransLunarCoast,-330194.757,45487.147,1192.609,-366567.480,167376.069,17.007,-0.810807766,-0.089025226,-0.000781104
202968.755,TransLunarCoast,-330389.250,45465.776,1192.422,-366669.569,167165.148,16.951,-0.809968928,-0.089071356,-0.000784563
203208.755,TransLunarCoast,-330583.542,45444.393,1192.233,-366771.514,166954.162,16.894,-0.809131089,-0.089116991,-0.000788020
203448.755,TransLunarCoast,-330777.633,45423.000,1192.043,-366873.440,166743.169,16.837,-0.808294248,-0.089162128,-0.000791475
203688.755,TransLunarCoast,-330971.523,45401.595,1191.853,-366975.061,166532.039,16.780,-0.807458401,-0.089206769,-0.000794927
203928.755,TransLunarCoast,-331165.213,45380.180,1191.662,-367076.683,166320.910,16.725,-0.806623547,-0.089250913,-0.000798376
204168.755,TransLunarCoast,-331358.702,45358.755,1191.470,-367178.120,166109.700,16.669,-0.805789684,-0.089294559,-0.000801823
204408.755,TransLunarCoast,-331551.992,45337.319,1191.277,-367279.416,165898.427,16.613,-0.804956809,-0.089337708,-0.000805267
204648.755,TransLunarCoast,-331745.082,45315.873,1191.083,-367380.691,165687.144,16.556,-0.804124919,-0.089380358,-0.000808709
204888.755,TransLunarCoast,-331937.972,45294.416,1190.889,-367481.661,165475.729,16.500,-0.803294012,-0.089422509,-0.000812149
205128.755,TransLunarCoast,-332130.663,45272.950,1190.693,-367582.631,165264.312,16.444,-0.802464087,-0.089464162,-0.000815586
205368.755,TransLunarCoast,-332323.155,45251.474,1190.497,-367683.417,165052.816,16.389,-0.801635141,-0.089505314,-0.000819021
205608.755,TransLunarCoast,-332515.448,45229.988,1190.300,-367784.061,164841.257,16.332,-0.800807171,-0.089545966,-0.000822454
205848.755,TransLunarCoast,-332707.542,45208.492,1190.102,-367884.685,164629.689,16.277,-0.799980175,-0.089586118,-0.000825884
206088.755,TransLunarCoast,-332899.439,45186.986,1189.904,-367985.003,164417.987,16.222,-0.799154152,-0.089625769,-0.000829313
206328.755,TransLunarCoast,-333091.136,45165.471,1189.704,-368085.321,164206.286,16.166,-0.798329098,-0.089664918,-0.000832739
206568.755,TransLunarCoast,-333282.637,45143.947,1189.504,-368185.455,163994.505,16.111,-0.797505012,-0.089703565,-0.000836163
206808.755,TransLunarCoast,-333473.939,45122.414,1189.303,-368285.447,163782.662,16.056,-0.796681891,-0.089741709,-0.000839585
207048.755,TransLunarCoast,-333665.044,45100.871,1189.101,-368385.418,163570.810,16.001,-0.795859734,-0.089779350,-0.000843005
207288.755,TransLunarCoast,-333855.952,45079.320,1188.898,-368485.084,163358.826,15.946,-0.795038537,-0.089816487,-0.000846423
207528.755,TransLunarCoast,-334046.663,45057.759,1188.695,-368584.750,163146.841,15.892,-0.794218299,-0.089853120,-0.000849839
207768.755,TransLunarCoast,-334237.177,45036.190,1188.490,-368684.231,162934.778,15.837,-0.793399018,-0.089889247,-0.000853253
208008.755,TransLunarCoast,-334427.494,45014.612,1188.285,-368783.570,162722.652,15.782,-0.792580692,-0.089924870,-0.000856666
208248.755,TransLunarCoast,-334617.615,44993.026,1188.079,-368882.888,162510.518,15.728,-0.791763318,-0.089959986,-0.000860076
208488.755,TransLunarCoast,-334807.541,44971.432,1187.872,-368981.900,162298.253,15.674,-0.790946894,-0.089994596,-0.000863485
208728.755,TransLunarCoast,-334997.270,44949.829,1187.665,-369080.912,162085.988,15.619,-0.790131418,-0.090028698,-0.000866892
208968.755,TransLunarCoast,-335186.804,44928.218,1187.456,-369179.740,161873.643,15.565,-0.789316888,-0.090062292,-0.000870297
209208.755,TransLunarCoast,-335376.142,44906.599,1187.247,-369278.425,161661.237,15.512,-0.788503301,-0.090095377,-0.000873700
209448.755,TransLunarCoast,-335565.285,44884.972,1187.037,-369377.089,161448.823,15.458,-0.787690657,-0.090127953,-0.000877102
209688.755,TransLunarCoast,-335754.234,44863.338,1186.826,-369475.448,161236.279,15.404,-0.786878952,-0.090160019,-0.000880503
209928.755,TransLunarCoast,-335942.987,44841.695,1186.614,-369573.805,161023.734,15.350,-0.786068184,-0.090191575,-0.000883902
210168.755,TransLunarCoast,-336131.547,44820.046,1186.402,-369671.978,160811.111,15.297,-0.785258352,-0.090222618,-0.000887299
210408.755,TransLunarCoast,-336319.911,44798.389,1186.188,-369770.008,160598.427,15.243,-0.784449453,-0.090253150,-0.000890695
210648.755,TransLunarCoast,-336508.082,44776.724,1185.974,-369868.019,160385.734,15.190,-0.783641486,-0.090283169,-0.000894089
210888.755,TransLunarCoast,-336696.059,44755.053,1185.759,-369965.721,160172.912,15.136,-0.782834448,-0.090312674,-0.000897482
211128.755,TransLunarCoast,-336883.843,44733.374,1185.543,-370063.424,159960.090,15.084,-0.782028337,-0.090341665,-0.000900874
211368.755,TransLunarCoast,-337071.433,44711.689,1185.327,-370160.942,159747.191,15.031,-0.781223151,-0.090370140,-0.000904264
211608.755,TransLunarCoast,-337258.830,44689.997,1185.109,-370258.317,159534.231,14.978,-0.780418889,-0.090398100,-0.000907654
211848.755,TransLunarCoast,-337446.034,44668.298,1184.891,-370355.672,159321.261,14.926,-0.779615548,-0.090425542,-0.000911042
212088.755,TransLunarCoast,-337633.046,44646.592,1184.672,-370452.719,159108.164,14.872,-0.778813125,-0.090452468,-0.000914428
212328.755,TransLunarCoast,-337819.865,44624.881,1184.452,-370549.767,158895.066,14.820,-0.778011620,-0.090478874,-0.000917814
212568.755,TransLunarCoast,-338006.491,44603.163,1184.231,-370646.629,158681.892,14.768,-0.777211031,-0.090504762,-0.000921199
212808.755,TransLunarCoast,-338192.926,44581.438,1184.010,-370743.348,158468.657,14.715,-0.776411354,-0.090530129,-0.000924582
213048.755,TransLunarCoast,-338379.169,44559.708,1183.788,-370840.046,158255.414,14.663,-0.775612589,-0.090554975,-0.000927965
213288.755,TransLunarCoast,-338565.220,44537.972,1183.565,-370936.437,158042.043,14.612,-0.774814732,-0.090579299,-0.000931347
213528.755,TransLunarCoast,-338751.080,44516.230,1183.341,-371032.828,157828.673,14.560,-0.774017784,-0.090603101,-0.000934727
213768.755,TransLunarCoast,-338936.749,44494.483,1183.116,-371129.034,157615.224,14.507,-0.773221740,-0.090626378,-0.000938107
214008.755,TransLunarCoast,-339122.227,44472.729,1182.890,-371225.095,157401.717,14.455,-0.772426600,-0.090649131,-0.000941486
214248.755,TransLunarCoast,-339307.514,44450.971,1182.664,-371321.137,157188.203,14.404,-0.771632362,-0.090671358,-0.000944865
214488.755,TransLunarCoast,-339492.610,44429.207,1182.437,-371416.871,156974.559,14.352,-0.770839023,-0.090693059,-0.000948242
214728.755,TransLunarCoast,-339677.516,44407.438,1182.209,-371512.604,156760.917,14.301,-0.770046583,-0.090714232,-0.000951619
214968.755,TransLunarCoast,-339862.233,44385.664,1181.980,-371608.152,156547.199,14.250,-0.769255037,-0.090734877,-0.000954995
215208.755,TransLunarCoast,-340046.759,44363.886,1181.750,-371703.557,156333.421,14.199,-0.768464386,-0.090754992,-0.000958371
215448.755,TransLunarCoast,-340231.096,44342.102,1181.520,-371798.941,156119.635,14.148,-0.767674627,-0.090774576,-0.000961746
215688.755,TransLunarCoast,-340415.243,44320.314,1181.289,-371894.016,155905.723,14.096,-0.766885758,-0.090793629,-0.000965121
215928.755,TransLunarCoast,-340599.201,44298.521,1181.057,-371989.092,155691.811,14.046,-0.766097778,-0.090812149,-0.000968495
216168.755,TransLunarCoast,-340782.970,44276.724,1180.824,-372083.981,155477.823,13.995,-0.765310684,-0.090830135,-0.000971869
216408.755,TransLunarCoast,-340966.550,44254.923,1180.590,-372178.728,155263.777,13.945,-0.764524475,-0.090847587,-0.000975242
216648.755,TransLunarCoast,-341149.942,44233.117,1180.356,-372273.454,155049.723,13.894,-0.763739148,-0.090864502,-0.000978615
216888.755,TransLunarCoast,-341333.145,44211.308,1180.121,-372367.870,154835.543,13.844,-0.762954703,-0.090880880,-0.000981988
217128.755,TransLunarCoast,-341516.160,44189.495,1179.884,-372462.287,154621.363,13.793,-0.762171137,-0.090896720,-0.000985361
217368.755,TransLunarCoast,-341698.987,44167.678,1179.648,-372556.518,154407.108,13.744,-0.761388448,-0.090912021,-0.000988733
217608.755,TransLunarCoast,-341881.626,44145.857,1179.410,-372650.606,154192.795,13.693,-0.760606635,-0.090926781,-0.000992105
217848.755,TransLunarCoast,-342064.078,44124.033,1179.171,-372744.672,153978.474,13.643,-0.759825695,-0.090941000,-0.000995478
218088.755,TransLunarCoast,-342246.343,44102.205,1178.932,-372838.431,153764.029,13.594,-0.759045628,-0.090954675,-0.000998850
218328.755,TransLunarCoast,-342428.420,44080.375,1178.692,-372932.187,153549.584,13.544,-0.758266431,-0.090967807,-0.001002222
218568.755,TransLunarCoast,-342610.311,44058.541,1178.451,-373025.759,153335.063,13.494,-0.757488102,-0.090980393,-0.001005595
218808.755,TransLunarCoast,-342792.015,44036.704,1178.209,-373119.186,153120.486,13.444,-0.756710640,-0.090992432,-0.001008967
219048.755,TransLunarCoast,-342973.532,44014.864,1177.967,-373212.593,152905.900,13.395,-0.755934043,-0.091003923,-0.001012340
219288.755,TransLunarCoast,-343154.863,43993.022,1177.723,-373305.690,152691.192,13.346,-0.755158310,-0.091014866,-0.001015712
219528.755,TransLunarCoast,-343336.008,43971.177,1177.479,-373398.787,152476.482,13.297,-0.754383437,-0.091025258,-0.001019086
219768.755,TransLunarCoast,-343516.967,43949.330,1177.234,-373491.699,152261.699,13.248,-0.753609425,-0.091035098,-0.001022459
220008.755,TransLunarCoast,-343697.741,43927.480,1176.988,-373584.466,152046.858,13.199,-0.752836271,-0.091044384,-0.001025833
220248.755,TransLunarCoast,-343878.329,43905.629,1176.742,-373677.213,151832.010,13.150,-0.752063973,-0.091053117,-0.001029207
220488.755,TransLunarCoast,-344058.731,43883.775,1176.494,-373769.649,151617.039,13.102,-0.751292530,-0.091061293,-0.001032582
220728.755,TransLunarCoast,-344238.949,43861.919,1176.246,-373862.085,151402.067,13.053,-0.750521940,-0.091068913,-0.001035957
220968.755,TransLunarCoast,-344418.982,43840.062,1175.997,-373954.336,151187.023,13.005,-0.749752201,-0.091075973,-0.001039333
221208.755,TransLunarCoast,-344598.830,43818.203,1175.747,-374046.442,150971.922,12.956,-0.748983312,-0.091082474,-0.001042709
221448.755,TransLunarCoast,-344778.494,43796.342,1175.497,-374138.526,150756.813,12.907,-0.748215270,-0.091088413,-0.001046086
221688.755,TransLunarCoast,-344957.974,43774.481,1175.245,-374230.302,150541.582,12.860,-0.747448076,-0.091093789,-0.001049464
221928.755,TransLunarCoast,-345137.269,43752.617,1174.993,-374322.077,150326.351,12.812,-0.746681725,-0.091098600,-0.001052843
222168.755,TransLunarCoast,-345316.381,43730.753,1174.740,-374413.665,150111.047,12.764,-0.745916218,-0.091102846,-0.001056222
222408.755,TransLunarCoast,-345495.309,43708.888,1174.486,-374505.108,149895.687,12.716,-0.745151553,-0.091106524,-0.001059603
222648.755,TransLunarCoast,-345674.054,43687.022,1174.231,-374596.531,149680.319,12.668,-0.744387727,-0.091109633,-0.001062984
222746.666,TransLunarCoast,-345735.582,43752.507,1128.717,-374633.702,149592.407,12.649,-0.743865070,-0.089589411,-0.002012034
222986.666,TransLunarCoast,-345914.018,43731.006,1128.234,-374724.816,149376.919,12.601,-0.743102496,-0.089591773,-0.002015274
223226.666,TransLunarCoast,-346092.271,43709.503,1127.750,-374815.928,149161.430,12.554,-0.742340758,-0.089593561,-0.002018515
223466.666,TransLunarCoast,-346270.342,43688.001,1127.265,-374906.719,148945.816,12.506,-0.741579854,-0.089594775,-0.002021757
223706.666,TransLunarCoast,-346448.230,43666.498,1126.780,-374997.500,148730.199,12.459,-0.740819785,-0.089595411,-0.002024999
223946.666,TransLunarCoast,-346625.935,43644.995,1126.293,-375088.125,148514.522,12.412,-0.740060546,-0.089595469,-0.002028241
224186.666,TransLunarCoast,-346803.459,43623.492,1125.806,-375178.574,148298.777,12.365,-0.739302138,-0.089594947,-0.002031484
224426.666,TransLunarCoast,-346980.800,43601.990,1125.318,-375269.024,148083.033,12.318,-0.738544559,-0.089593843,-0.002034727
224666.666,TransLunarCoast,-347157.960,43580.487,1124.829,-375359.152,147867.164,12.272,-0.737787807,-0.089592155,-0.002037971
224906.666,TransLunarCoast,-347334.938,43558.985,1124.340,-375449.271,147651.292,12.225,-0.737031880,-0.089589882,-0.002041216
225146.666,TransLunarCoast,-347511.736,43537.484,1123.850,-375539.231,147435.360,12.178,-0.736276777,-0.089587022,-0.002044462
225386.666,TransLunarCoast,-347688.351,43515.984,1123.359,-375629.018,147219.361,12.132,-0.735522497,-0.089583574,-0.002047708
225626.666,TransLunarCoast,-347864.786,43494.484,1122.867,-375718.804,147003.362,12.085,-0.734769038,-0.089579534,-0.002050955
225866.666,TransLunarCoast,-348041.041,43472.986,1122.374,-375808.267,146787.241,12.039,-0.734016398,-0.089574903,-0.002054203
226106.666,TransLunarCoast,-348217.114,43451.488,1121.881,-375897.721,146571.116,11.993,-0.733264576,-0.089569676,-0.002057452
226346.666,TransLunarCoast,-348393.008,43429.992,1121.387,-375987.019,146354.931,11.947,-0.732513570,-0.089563854,-0.002060702
226586.666,TransLunarCoast,-348568.721,43408.498,1120.892,-376076.141,146138.680,11.901,-0.731763379,-0.089557434,-0.002063953
226826.666,TransLunarCoast,-348744.254,43387.005,1120.396,-376165.263,145922.429,11.856,-0.731014002,-0.089550413,-0.002067205
227066.666,TransLunarCoast,-348919.608,43365.513,1119.899,-376254.061,145706.056,11.810,-0.730265437,-0.089542791,-0.002070459
227306.666,TransLunarCoast,-349094.782,43344.024,1119.402,-376342.851,145489.680,11.765,-0.729517682,-0.089534565,-0.002073713
227546.666,TransLunarCoast,-349269.776,43322.537,1118.904,-376431.483,145273.245,11.719,-0.728770736,-0.089525732,-0.002076969
227786.666,TransLunarCoast,-349444.592,43301.052,1118.405,-376519.940,145056.744,11.674,-0.728024598,-0.089516292,-0.002080227
228026.666,TransLunarCoast,-349619.228,43279.569,1117.905,-376608.396,144840.243,11.628,-0.727279266,-0.089506242,-0.002083485
228266.666,TransLunarCoast,-349793.686,43258.089,1117.405,-376696.530,144623.621,11.583,-0.726534739,-0.089495580,-0.002086746
228506.666,TransLunarCoast,-349967.965,43236.611,1116.904,-376784.654,144406.996,11.538,-0.725791015,-0.089484304,-0.002090008
228746.666,TransLunarCoast,-350142.066,43215.136,1116.402,-376872.621,144190.311,11.493,-0.725048093,-0.089472412,-0.002093271
228986.666,TransLunarCoast,-350315.988,43193.665,1115.899,-376960.412,143973.562,11.448,-0.724305972,-0.089459901,-0.002096536
229226.666,TransLunarCoast,-350489.732,43172.196,1115.396,-377048.203,143756.813,11.403,-0.723564649,-0.089446770,-0.002099803
229466.666,TransLunarCoast,-350663.299,43150.730,1114.891,-377135.670,143539.943,11.359,-0.722824124,-0.089433016,-0.002103072
229706.666,TransLunarCoast,-350836.688,43129.268,1114.386,-377223.128,143323.071,11.315,-0.722084396,-0.089418638,-0.002106342
229946.666,TransLunarCoast,-351009.900,43107.809,1113.880,-377310.430,143106.140,11.270,-0.721345462,-0.089403632,-0.002109615
230186.666,TransLunarCoast,-351182.934,43086.354,1113.373,-377397.554,142889.145,11.226,-0.720607322,-0.089387997,-0.002112889
230426.666,TransLunarCoast,-351355.791,43064.903,1112.866,-377484.678,142672.150,11.182,-0.719869974,-0.089371731,-0.002116166
230666.666,TransLunarCoast,-351528.472,43043.456,1112.358,-377571.479,142455.035,11.138,-0.719133416,-0.089354830,-0.002119444
230906.666,TransLunarCoast,-351700.975,43022.013,1111.849,-377658.270,142237.917,11.094,-0.718397648,-0.089337294,-0.002122725
231146.666,TransLunarCoast,-351873.303,43000.574,1111.339,-377744.904,142020.742,11.050,-0.717662668,-0.089319118,-0.002126008
231386.666,TransLunarCoast,-352045.453,42979.140,1110.828,-377831.361,141803.502,11.007,-0.716928475,-0.089300302,-0.002129293
231626.666,TransLunarCoast,-352217.428,42957.710,1110.317,-377917.819,141586.262,10.963,-0.716195068,-0.089280842,-0.002132581
231866.666,TransLunarCoast,-352389.227,42936.285,1109.804,-378003.952,141368.904,10.919,-0.715462444,-0.089260737,-0.002135871
232106.666,TransLunarCoast,-352560.850,42914.865,1109.291,-378090.076,141151.543,10.877,-0.714730603,-0.089239983,-0.002139164
232346.666,TransLunarCoast,-352732.298,42893.450,1108.778,-378176.043,140934.124,10.832,-0.713999544,-0.089218579,-0.002142459
232586.666,TransLunarCoast,-352903.570,42872.040,1108.263,-378261.833,140716.642,10.790,-0.713269264,-0.089196521,-0.002145757
232826.666,TransLunarCoast,-353074.667,42850.635,1107.748,-378347.622,140499.160,10.747,-0.712539764,-0.089173807,-0.002149058
233066.666,TransLunarCoast,-353245.589,42829.237,1107.232,-378433.087,140281.561,10.704,-0.711811041,-0.089150434,-0.002152362
233306.666,TransLunarCoast,-353416.337,42807.843,1106.715,-378518.543,140063.958,10.661,-0.711083094,-0.089126401,-0.002155668
233546.666,TransLunarCoast,-353586.909,42786.456,1106.197,-378603.841,139846.300,10.619,-0.710355923,-0.089101704,-0.002158977
233786.666,TransLunarCoast,-353757.308,42765.075,1105.678,-378688.963,139628.576,10.576,-0.709629525,-0.089076341,-0.002162290
234026.666,TransLunarCoast,-353927.531,42743.699,1105.159,-378774.084,139410.854,10.534,-0.708903899,-0.089050308,-0.002165605
234266.666,TransLunarCoast,-354097.581,42722.330,1104.639,-378858.881,139193.015,10.491,-0.708179045,-0.089023604,-0.002168924
234506.666,TransLunarCoast,-354267.458,42700.968,1104.118,-378943.668,138975.174,10.449,-0.707454961,-0.088996225,-0.002172246
234746.666,TransLunarCoast,-354437.160,42679.612,1103.596,-379028.298,138757.275,10.406,-0.706731645,-0.088968169,-0.002175571
234986.666,TransLunarCoast,-354606.689,42658.263,1103.074,-379112.749,138539.314,10.364,-0.706009097,-0.088939432,-0.002178899
235226.666,TransLunarCoast,-354776.044,42636.921,1102.550,-379197.202,138321.353,10.323,-0.705287316,-0.088910013,-0.002182231
235466.666,TransLunarCoast,-354945.227,42615.587,1102.026,-379281.329,138103.277,10.281,-0.704566299,-0.088879908,-0.002185567
235706.666,TransLunarCoast,-355114.236,42594.259,1101.501,-379365.446,137885.197,10.239,-0.703846046,-0.088849114,-0.002188906
235946.666,TransLunarCoast,-355283.073,42572.939,1100.975,-379449.407,137667.062,10.198,-0.703126556,-0.088817628,-0.002192248
236186.666,TransLunarCoast,-355451.737,42551.627,1100.449,-379533.189,137448.865,10.156,-0.702407827,-0.088785447,-0.002195595
236426.666,TransLunarCoast,-355620.229,42530.322,1099.922,-379616.972,137230.667,10.114,-0.701689858,-0.088752569,-0.002198945
236666.666,TransLunarCoast,-355788.548,42509.026,1099.393,-379700.429,137012.356,10.073,-0.700972649,-0.088718989,-0.002202300
236906.666,TransLunarCoast,-355956.696,42487.737,1098.864,-379783.876,136794.041,10.032,-0.700256197,-0.088684706,-0.002205658
237146.666,TransLunarCoast,-356124.671,42466.457,1098.335,-379867.166,136575.671,9.992,-0.699540502,-0.088649716,-0.002209021
237386.666,TransLunarCoast,-356292.475,42445.185,1097.804,-379950.279,136357.239,9.951,-0.698825563,-0.088614016,-0.002212387
237626.666,TransLunarCoast,-356460.108,42423.922,1097.273,-380033.391,136138.807,9.909,-0.698111378,-0.088577602,-0.002215758
237866.666,TransLunarCoast,-356627.569,42402.668,1096.741,-380116.178,135920.262,9.868,-0.697397946,-0.088540472,-0.002219133
238106.666,TransLunarCoast,-356794.859,42381.423,1096.208,-380198.954,135701.713,9.828,-0.696685267,-0.088502622,-0.002222513
238346.666,TransLunarCoast,-356961.978,42360.187,1095.674,-380281.574,135483.110,9.787,-0.695973338,-0.088464049,-0.002225897
238586.666,TransLunarCoast,-357128.926,42338.960,1095.139,-380364.015,135264.445,9.747,-0.695262159,-0.088424749,-0.002229286
238826.666,TransLunarCoast,-357295.704,42317.743,1094.604,-380446.456,135045.781,9.707,-0.694551729,-0.088384720,-0.002232679
239066.666,TransLunarCoast,-357462.311,42296.536,1094.067,-380528.572,134827.004,9.667,-0.693842046,-0.088343957,-0.002236077
239306.666,TransLunarCoast,-357628.748,42275.338,1093.530,-380610.677,134608.224,9.627,-0.693133110,-0.088302458,-0.002239480
239546.666,TransLunarCoast,-357795.015,42254.151,1092.992,-380692.625,134389.390,9.587,-0.692424919,-0.088260219,-0.002242888
239786.666,TransLunarCoast,-357961.112,42232.973,1092.454,-380774.395,134170.495,9.547,-0.691717473,-0.088217236,-0.002246301
240026.666,TransLunarCoast,-358127.039,42211.806,1091.914,-380856.164,133951.600,9.507,-0.691010769,-0.088173506,-0.002249719
240266.666,TransLunarCoast,-358292.797,42190.650,1091.374,-380937.607,133732.593,9.468,-0.690304808,-0.088129025,-0.002253143
240506.666,TransLunarCoast,-358458.386,42169.504,1090.833,-381019.042,133513.584,9.428,-0.689599588,-0.088083789,-0.002256571
240746.666,TransLunarCoast,-358623.805,42148.370,1090.291,-381100.317,133294.520,9.388,-0.688895108,-0.088037796,-0.002260005
240986.666,TransLunarCoast,-358789.055,42127.246,1089.748,-381181.414,133075.396,9.349,-0.688191366,-0.087991040,-0.002263445
241226.666,TransLunarCoast,-358954.137,42106.134,1089.204,-381262.512,132856.272,9.310,-0.687488363,-0.087943519,-0.002266890
241466.666,TransLunarCoast,-359119.050,42085.034,1088.660,-381343.283,132637.038,9.271,-0.686786096,-0.087895229,-0.002270341
241706.666,TransLunarCoast,-359283.794,42063.945,1088.115,-381424.044,132417.801,9.232,-0.686084565,-0.087846165,-0.002273797
241946.666,TransLunarCoast,-359448.370,42042.867,1087.568,-381504.647,132198.510,9.193,-0.685383768,-0.087796325,-0.002277260
242186.666,TransLunarCoast,-359612.778,42021.802,1087.021,-381585.071,131979.160,9.154,-0.684683705,-0.087745703,-0.002280728
242426.666,TransLunarCoast,-359777.019,42000.750,1086.474,-381665.496,131759.809,9.115,-0.683984375,-0.087694296,-0.002284203
242666.666,TransLunarCoast,-359941.091,41979.709,1085.925,-381745.594,131540.349,9.077,-0.683285776,-0.087642101,-0.002287683
242906.666,TransLunarCoast,-360104.996,41958.681,1085.376,-381825.682,131320.887,9.039,-0.682587908,-0.087589112,-0.002291170
243146.666,TransLunarCoast,-360268.733,41937.666,1084.825,-381905.611,131101.370,9.000,-0.681890770,-0.087535326,-0.002294664
243386.666,TransLunarCoast,-360432.303,41916.665,1084.274,-381985.363,130881.795,8.962,-0.681194360,-0.087480739,-0.002298164
243626.666,TransLunarCoast,-360595.707,41895.676,1083.722,-382065.114,130662.220,8.924,-0.680498677,-0.087425346,-0.002301670
243866.666,TransLunarCoast,-360758.943,41874.700,1083.169,-382144.538,130442.537,8.886,-0.679803721,-0.087369143,-0.002305183
244106.666,TransLunarCoast,-360922.012,41853.739,1082.616,-382223.952,130222.850,8.848,-0.679109491,-0.087312126,-0.002308703
244346.666,TransLunarCoast,-361084.916,41832.791,1082.061,-382303.208,130003.111,8.810,-0.678415985,-0.087254291,-0.002312230
244586.666,TransLunarCoast,-361247.652,41811.857,1081.506,-382382.285,129783.313,8.773,-0.677723203,-0.087195634,-0.002315764
244826.666,TransLunarCoast,-361410.223,41790.937,1080.950,-382461.362,129563.515,8.735,-0.677031143,-0.087136148,-0.002319305
245066.666,TransLunarCoast,-361572.627,41770.031,1080.393,-382540.111,129343.610,8.698,-0.676339806,-0.087075832,-0.002322853
245306.666,TransLunarCoast,-361734.866,41749.141,1079.835,-382618.852,129123.701,8.661,-0.675649188,-0.087014679,-0.002326409
245546.666,TransLunarCoast,-361896.939,41728.264,1079.276,-382697.432,128903.741,8.623,-0.674959291,-0.086952685,-0.002329972
245786.666,TransLunarCoast,-362058.846,41707.403,1078.716,-382775.836,128683.722,8.586,-0.674270113,-0.086889846,-0.002333543
246026.666,TransLunarCoast,-362220.589,41686.557,1078.156,-382854.237,128463.703,8.548,-0.673581652,-0.086826156,-0.002337121
246266.666,TransLunarCoast,-362382.166,41665.727,1077.594,-382932.312,128243.578,8.512,-0.672893908,-0.086761612,-0.002340707
246506.666,TransLunarCoast,-362543.578,41644.912,1077.032,-383010.377,128023.449,8.475,-0.672206880,-0.086696208,-0.002344302
246746.666,TransLunarCoast,-362704.825,41624.113,1076.469,-383088.283,127803.271,8.438,-0.671520568,-0.086629939,-0.002347904
246986.666,TransLunarCoast,-362865.908,41603.330,1075.905,-383166.010,127583.032,8.401,-0.670834969,-0.086562802,-0.002351514
247226.666,TransLunarCoast,-363026.826,41582.563,1075.340,-383243.737,127362.795,8.365,-0.670150084,-0.086494789,-0.002355133
247466.666,TransLunarCoast,-363187.580,41561.812,1074.775,-383321.136,127142.452,8.329,-0.669465911,-0.086425898,-0.002358760
247706.666,TransLunarCoast,-363348.170,41541.078,1074.208,-383398.526,126922.106,8.293,-0.668782450,-0.086356121,-0.002362396
247946.666,TransLunarCoast,-363508.595,41520.361,1073.641,-383475.756,126701.709,8.257,-0.668099699,-0.086285456,-0.002366040
248186.666,TransLunarCoast,-363668.857,41499.661,1073.073,-383552.807,126481.254,8.220,-0.667417658,-0.086213895,-0.002369693
248426.666,TransLunarCoast,-363828.956,41478.979,1072.503,-383629.858,126260.800,8.185,-0.666736326,-0.086141434,-0.002373356
248666.666,TransLunarCoast,-363988.891,41458.313,1071.933,-383706.581,126040.241,8.149,-0.666055701,-0.086068068,-0.002377027
248906.666,TransLunarCoast,-364148.663,41437.666,1071.362,-383783.294,125819.679,8.113,-0.665375784,-0.085993792,-0.002380707
249146.666,TransLunarCoast,-364308.271,41417.037,1070.791,-383859.848,125599.067,8.077,-0.664696572,-0.085918599,-0.002384397
249295.623,TransLunarCoast,-364407.251,41404.242,1070.435,-383907.251,125462.108,8.056,-0.664275373,-0.085871467,-0.002386692
249415.933,TransLunarCoast,-364487.150,41393.913,1070.148,-383945.537,125351.488,8.037,-0.663935374,-0.085833139,-0.002388548
249536.244,TransLunarCoast,-364567.008,41383.589,1069.860,-383983.823,125240.867,8.019,-0.663595551,-0.085794578,-0.002390407
249656.554,TransLunarCoast,-364646.825,41373.269,1069.573,-384022.076,125130.237,8.001,-0.663255905,-0.085755784,-0.002392268
249776.864,TransLunarCoast,-364726.601,41362.954,1069.285,-384060.193,125019.564,7.984,-0.662916436,-0.085716754,-0.002394131
249897.175,TransLunarCoast,-364806.336,41352.644,1068.997,-384098.310,124908.890,7.967,-0.662577144,-0.085677489,-0.002395997
250017.485,TransLunarCoast,-364886.031,41342.338,1068.708,-384136.426,124798.217,7.949,-0.662238028,-0.085637989,-0.002397866
250137.796,TransLunarCoast,-364965.685,41332.037,1068.420,-384174.543,124687.543,7.931,-0.661899089,-0.085598251,-0.002399737
250258.106,TransLunarCoast,-365045.298,41321.742,1068.131,-384212.625,124576.859,7.913,-0.661560325,-0.085558276,-0.002401610
250378.417,TransLunarCoast,-365125.051,41310.966,1067.489,-384250.572,124466.132,7.896,-0.661292648,-0.085634056,-0.002531235
250618.417,TransLunarCoast,-365283.680,41290.424,1066.881,-384326.269,124245.249,7.861,-0.660617748,-0.085553123,-0.002534983
250858.417,TransLunarCoast,-365442.147,41269.901,1066.272,-384401.932,124024.357,7.826,-0.659943548,-0.085471234,-0.002538742
251098.417,TransLunarCoast,-365600.453,41249.398,1065.662,-384477.291,123803.369,7.791,-0.659270047,-0.085388382,-0.002542511
251338.417,TransLunarCoast,-365758.597,41228.915,1065.051,-384552.650,123582.381,7.757,-0.658597244,-0.085304562,-0.002546291
251578.417,TransLunarCoast,-365916.579,41208.452,1064.440,-384627.805,123361.330,7.723,-0.657925139,-0.085219766,-0.002550082
251818.417,TransLunarCoast,-366074.401,41188.009,1063.827,-384702.825,123140.237,7.688,-0.657253730,-0.085133991,-0.002553883
252058.417,TransLunarCoast,-366232.061,41167.587,1063.214,-384777.810,122919.133,7.654,-0.656583017,-0.085047228,-0.002557695
252298.417,TransLunarCoast,-366389.561,41147.187,1062.600,-384852.491,122697.935,7.620,-0.655913000,-0.084959471,-0.002561519
252538.417,TransLunarCoast,-366546.900,41126.807,1061.985,-384927.172,122476.738,7.585,-0.655243677,-0.084870715,-0.002565353
252778.417,TransLunarCoast,-366704.078,41106.449,1061.368,-385001.649,122255.476,7.551,-0.654575047,-0.084780953,-0.002569199
253018.417,TransLunarCoast,-366861.096,41086.112,1060.751,-385075.991,122034.174,7.517,-0.653907110,-0.084690178,-0.002573057
253258.417,TransLunarCoast,-367017.953,41065.797,1060.133,-385150.298,121812.862,7.484,-0.653239865,-0.084598384,-0.002576926
253498.417,TransLunarCoast,-367174.651,41045.505,1059.514,-385224.300,121591.456,7.450,-0.652573311,-0.084505563,-0.002580808
253738.417,TransLunarCoast,-367331.189,41025.235,1058.895,-385298.303,121370.050,7.416,-0.651907447,-0.084411710,-0.002584701
253978.417,TransLunarCoast,-367487.567,41004.987,1058.274,-385372.101,121148.582,7.383,-0.651242272,-0.084316818,-0.002588607
254218.417,TransLunarCoast,-367643.785,40984.763,1057.652,-385445.764,120927.073,7.349,-0.650577787,-0.084220879,-0.002592525
254458.417,TransLunarCoast,-367799.844,40964.562,1057.029,-385519.391,120705.554,7.316,-0.649913989,-0.084123887,-0.002596456
254698.417,TransLunarCoast,-367955.744,40944.384,1056.406,-385592.716,120483.942,7.284,-0.649250879,-0.084025834,-0.002600399
254938.417,TransLunarCoast,-368111.484,40924.229,1055.781,-385666.039,120262.330,7.250,-0.648588455,-0.083926713,-0.002604356
255178.417,TransLunarCoast,-368267.066,40904.099,1055.156,-385739.158,120040.657,7.217,-0.647926716,-0.083826517,-0.002608326
255418.417,TransLunarCoast,-368422.489,40883.993,1054.529,-385812.141,119818.942,7.184,-0.647265663,-0.083725240,-0.002612309
255658.417,TransLunarCoast,-368577.754,40863.911,1053.902,-385885.090,119597.218,7.151,-0.646605293,-0.083622872,-0.002616305
255898.417,TransLunarCoast,-368732.860,40843.854,1053.273,-385957.733,119375.402,7.119,-0.645945607,-0.083519407,-0.002620315
256138.417,TransLunarCoast,-368887.808,40823.822,1052.644,-386030.378,119153.586,7.087,-0.645286604,-0.083414838,-0.002624339
256378.417,TransLunarCoast,-369042.597,40803.815,1052.014,-386102.816,118931.710,7.055,-0.644628282,-0.083309156,-0.002628378
256618.417,TransLunarCoast,-369197.229,40783.833,1051.382,-386175.121,118709.793,7.022,-0.643970641,-0.083202354,-0.002632430
256858.417,TransLunarCoast,-369351.703,40763.878,1050.750,-386247.390,118487.865,6.990,-0.643313681,-0.083094424,-0.002636497
257098.417,TransLunarCoast,-369506.020,40743.948,1050.117,-386319.352,118265.847,6.958,-0.642657400,-0.082985357,-0.002640579
257338.417,TransLunarCoast,-369660.179,40724.045,1049.483,-386391.316,118043.830,6.926,-0.642001798,-0.082875147,-0.002644675
257578.417,TransLunarCoast,-369814.181,40704.168,1048.847,-386463.075,117821.751,6.894,-0.641346874,-0.082763784,-0.002648786
257818.417,TransLunarCoast,-369968.026,40684.318,1048.211,-386534.698,117599.632,6.862,-0.640692627,-0.082651261,-0.002652913
258058.417,TransLunarCoast,-370121.713,40664.496,1047.574,-386606.287,117377.505,6.830,-0.640039057,-0.082537569,-0.002657055
258298.417,TransLunarCoast,-370275.244,40644.700,1046.936,-386677.570,117155.286,6.799,-0.639386163,-0.082422699,-0.002661213
258538.417,TransLunarCoast,-370428.619,40624.933,1046.297,-386748.853,116933.068,6.767,-0.638733944,-0.082306644,-0.002665387
258778.417,TransLunarCoast,-370581.837,40605.193,1045.656,-386819.930,116710.790,6.736,-0.638082399,-0.082189394,-0.002669577
259018.417,TransLunarCoast,-370734.898,40585.482,1045.015,-386890.872,116488.473,6.705,-0.637431528,-0.082070941,-0.002673783
259250.571,TransLunarCoast,-370883.431,40564.925,1040.677,-386959.472,116273.417,6.675,-0.636821572,-0.081959970,-0.002727160
259490.571,TransLunarCoast,-371036.190,40545.269,1040.022,-387030.073,116051.001,6.644,-0.636172021,-0.081839127,-0.002731383
259730.571,TransLunarCoast,-371188.793,40525.642,1039.366,-387100.675,115828.585,6.613,-0.635523142,-0.081717053,-0.002735622
259970.571,TransLunarCoast,-371341.241,40506.045,1038.708,-387171.083,115606.113,6.582,-0.634874934,-0.081593741,-0.002739879
260210.571,TransLunarCoast,-371493.534,40486.477,1038.050,-387241.344,115383.599,6.551,-0.634227396,-0.081469180,-0.002744153
260450.571,TransLunarCoast,-371645.670,40466.940,1037.391,-387311.581,115161.078,6.520,-0.633580526,-0.081343361,-0.002748444
260690.571,TransLunarCoast,-371797.652,40447.433,1036.731,-387381.501,114938.465,6.490,-0.632934326,-0.081216275,-0.002752754
260930.571,TransLunarCoast,-371949.479,40427.956,1036.070,-387451.420,114715.853,6.460,-0.632288793,-0.081087911,-0.002757081
261170.571,TransLunarCoast,-372101.151,40408.511,1035.408,-387521.145,114493.185,6.430,-0.631643927,-0.080958261,-0.002761427
261410.571,TransLunarCoast,-372252.668,40389.096,1034.744,-387590.724,114270.476,6.400,-0.630999727,-0.080827314,-0.002765791
261650.571,TransLunarCoast,-372404.031,40369.714,1034.080,-387660.279,114047.759,6.369,-0.630356193,-0.080695061,-0.002770174
261890.571,TransLunarCoast,-372555.239,40350.363,1033.415,-387729.516,113824.953,6.340,-0.629713323,-0.080561490,-0.002774577
262130.571,TransLunarCoast,-372706.293,40331.044,1032.748,-387798.753,113602.147,6.310,-0.629071118,-0.080426592,-0.002778998
262370.571,TransLunarCoast,-372857.193,40311.758,1032.081,-387867.797,113379.286,6.280,-0.628429576,-0.080290357,-0.002783439
262610.571,TransLunarCoast,-373007.940,40292.505,1031.412,-387936.693,113156.383,6.250,-0.627788696,-0.080152773,-0.002787900
262850.571,TransLunarCoast,-373158.532,40273.285,1030.743,-388005.564,112933.474,6.221,-0.627148478,-0.080013831,-0.002792382
263090.571,TransLunarCoast,-373308.971,40254.098,1030.072,-388074.119,112710.475,6.191,-0.626508921,-0.079873519,-0.002796883
263330.571,TransLunarCoast,-373459.256,40234.946,1029.400,-388142.675,112487.477,6.161,-0.625870025,-0.079731827,-0.002801406
263570.571,TransLunarCoast,-373609.388,40215.827,1028.727,-388211.034,112264.423,6.132,-0.625231788,-0.079588742,-0.002805949
263810.571,TransLunarCoast,-373759.368,40196.743,1028.053,-388279.247,112041.329,6.103,-0.624594210,-0.079444255,-0.002810513
264050.571,TransLunarCoast,-373909.194,40177.694,1027.378,-388347.436,111818.229,6.074,-0.623957290,-0.079298354,-0.002815100
264290.571,TransLunarCoast,-374058.867,40158.680,1026.702,-388415.307,111595.040,6.046,-0.623321027,-0.079151027,-0.002819707
264530.571,TransLunarCoast,-374208.388,40139.702,1026.025,-388483.179,111371.852,6.017,-0.622685420,-0.079002262,-0.002824338
264770.571,TransLunarCoast,-374357.756,40120.759,1025.346,-388550.854,111148.609,5.988,-0.622050470,-0.078852048,-0.002828990
265010.571,TransLunarCoast,-374506.972,40101.853,1024.667,-388618.384,110925.326,5.959,-0.621416174,-0.078700373,-0.002833665
265250.571,TransLunarCoast,-374656.036,40082.983,1023.986,-388685.889,110702.036,5.931,-0.620782532,-0.078547225,-0.002838364
265490.571,TransLunarCoast,-374804.948,40064.150,1023.304,-388753.076,110478.660,5.902,-0.620149544,-0.078392591,-0.002843086
265730.571,TransLunarCoast,-374953.708,40045.355,1022.622,-388820.263,110255.283,5.874,-0.619517208,-0.078236459,-0.002847831
265970.571,TransLunarCoast,-375102.316,40026.597,1021.937,-388887.256,110031.853,5.846,-0.618885524,-0.078078816,-0.002852601
266099.895,TransLunarCoast,-375182.331,40016.505,1021.568,-388923.276,109911.435,5.831,-0.618545411,-0.077993239,-0.002855181
266167.855,TransLunarCoast,-375224.359,40011.115,1021.536,-388942.204,109848.156,5.823,-0.618331610,-0.079493299,-0.000092427
266229.321,TransLunarCoast,-375262.360,40006.231,1021.530,-388959.323,109790.923,5.816,-0.618170073,-0.079452359,-0.000093658
266481.614,TransLunarCoast,-375418.318,39986.170,1021.399,-389029.524,109555.988,5.787,-0.617530218,-0.079300421,-0.000129483
266721.614,TransLunarCoast,-375566.450,39967.158,1021.367,-389096.027,109332.426,5.758,-0.616900567,-0.079137971,-0.000134336
266961.614,TransLunarCoast,-375714.431,39948.184,1021.334,-389162.530,109108.862,5.731,-0.616271563,-0.078973959,-0.000139218
267201.614,TransLunarCoast,-375862.260,39929.250,1021.300,-389228.793,108885.235,5.703,-0.615643205,-0.078808370,-0.000144129
267441.614,TransLunarCoast,-376009.939,39910.356,1021.265,-389294.954,108661.579,5.676,-0.615015493,-0.078641192,-0.000149070
267681.614,LunarFlyby,-376157.468,39891.503,1021.228,-389361.045,108437.906,5.648,-0.614388426,-0.078472411,-0.000154041
267921.614,LunarFlyby,-376304.846,39872.690,1021.191,-389426.863,108214.158,5.621,-0.613762003,-0.078302011,-0.000159042
268161.614,LunarFlyby,-376452.074,39853.918,1021.152,-389492.682,107990.411,5.594,-0.613136223,-0.078129981,-0.000164074
268401.614,LunarFlyby,-376599.151,39835.188,1021.112,-389558.259,107766.600,5.567,-0.612511085,-0.077956304,-0.000169137
268641.614,LunarFlyby,-376746.079,39816.499,1021.071,-389623.734,107542.760,5.540,-0.611886589,-0.077780967,-0.000174232
268881.614,LunarFlyby,-376892.857,39797.853,1021.029,-389689.142,107318.903,5.513,-0.611262733,-0.077603955,-0.000179359
269121.614,LunarFlyby,-377039.485,39779.249,1020.985,-389754.274,107094.973,5.485,-0.610639516,-0.077425253,-0.000184518
269361.614,LunarFlyby,-377185.964,39760.689,1020.940,-389819.406,106871.044,5.459,-0.610016938,-0.077244845,-0.000189711
269601.614,LunarFlyby,-377332.293,39742.172,1020.894,-389884.299,106647.051,5.433,-0.609394997,-0.077062717,-0.000194936
269841.614,LunarFlyby,-377478.474,39723.699,1020.846,-389949.089,106423.031,5.407,-0.608773693,-0.076878852,-0.000200196
270081.614,LunarFlyby,-377624.505,39705.270,1020.798,-390013.809,106198.993,5.380,-0.608153025,-0.076693236,-0.000205490
270321.614,LunarFlyby,-377770.387,39686.886,1020.748,-390078.256,105974.883,5.354,-0.607532991,-0.076505852,-0.000210819
270561.614,LunarFlyby,-377916.121,39668.548,1020.697,-390142.703,105750.774,5.328,-0.606913591,-0.076316683,-0.000216183
270801.614,LunarFlyby,-378061.706,39650.254,1020.644,-390206.909,105526.601,5.301,-0.606294824,-0.076125714,-0.000221583
271041.614,LunarFlyby,-378207.142,39632.007,1020.590,-390271.012,105302.402,5.275,-0.605676687,-0.075932928,-0.000227020
271281.614,LunarFlyby,-378352.431,39613.807,1020.535,-390335.046,105078.184,5.250,-0.605059182,-0.075738308,-0.000232493
271521.614,LunarFlyby,-378497.571,39595.653,1020.479,-390398.807,104853.896,5.223,-0.604442306,-0.075541836,-0.000238003
271761.614,LunarFlyby,-378642.563,39577.547,1020.421,-390462.567,104629.608,5.198,-0.603826058,-0.075343496,-0.000243552
272001.614,LunarFlyby,-378787.407,39559.488,1020.362,-390526.087,104405.258,5.172,-0.603210437,-0.075143270,-0.000249139
272241.614,LunarFlyby,-378932.104,39541.478,1020.301,-390589.504,104180.881,5.148,-0.602595442,-0.074941140,-0.000254764
272481.614,LunarFlyby,-379076.653,39523.517,1020.239,-390652.851,103956.487,5.122,-0.601981072,-0.074737087,-0.000260429
272721.614,LunarFlyby,-379221.055,39505.605,1020.176,-390715.925,103732.023,5.096,-0.601367326,-0.074531094,-0.000266134
272961.614,LunarFlyby,-379365.310,39487.742,1020.112,-390778.998,103507.558,5.072,-0.600754202,-0.074323142,-0.000271880
273201.614,LunarFlyby,-379509.417,39469.930,1020.046,-390841.831,103283.032,5.046,-0.600141700,-0.074113212,-0.000277667
273441.614,LunarFlyby,-379653.378,39452.168,1019.978,-390904.560,103058.480,5.021,-0.599529818,-0.073901285,-0.000283496
273681.614,LunarFlyby,-379797.191,39434.457,1019.910,-390967.221,102833.911,4.996,-0.598918554,-0.073687341,-0.000289367
273921.614,LunarFlyby,-379940.859,39416.798,1019.839,-391029.607,102609.273,4.972,-0.598307908,-0.073471361,-0.000295282
274161.614,LunarFlyby,-380084.379,39399.191,1019.768,-391091.992,102384.633,4.947,-0.597697878,-0.073253324,-0.000301240
274401.614,LunarFlyby,-380227.754,39381.637,1019.695,-391154.137,102159.934,4.923,-0.597088462,-0.073033211,-0.000307242
274641.614,LunarFlyby,-380370.982,39364.135,1019.620,-391216.180,101935.209,4.898,-0.596479660,-0.072811001,-0.000313289
274881.614,LunarFlyby,-380514.064,39346.688,1019.544,-391278.152,101710.466,4.874,-0.595871470,-0.072586673,-0.000319382
275121.614,LunarFlyby,-380657.000,39329.294,1019.467,-391339.850,101485.656,4.850,-0.595263891,-0.072360205,-0.000325521
275361.614,LunarFlyby,-380799.791,39311.955,1019.388,-391401.548,101260.844,4.826,-0.594656920,-0.072131577,-0.000331707
275601.614,LunarFlyby,-380942.436,39294.671,1019.308,-391463.006,101035.973,4.802,-0.594050557,-0.071900767,-0.000337940
275841.614,LunarFlyby,-381084.935,39277.443,1019.226,-391524.359,100811.077,4.778,-0.593444801,-0.071667752,-0.000344222
276081.614,LunarFlyby,-381227.289,39260.271,1019.143,-391585.643,100586.163,4.754,-0.592839648,-0.071432509,-0.000350553
276321.614,LunarFlyby,-381369.498,39243.155,1019.058,-391646.653,100361.181,4.730,-0.592235098,-0.071195017,-0.000356934
276561.614,LunarFlyby,-381511.562,39226.097,1018.971,-391707.663,100136.200,4.707,-0.591631149,-0.070955252,-0.000363365
276801.614,LunarFlyby,-381653.481,39209.097,1018.883,-391768.431,99911.159,4.684,-0.591027800,-0.070713190,-0.000369848
277041.614,LunarFlyby,-381795.255,39192.155,1018.794,-391829.097,99686.093,4.660,-0.590425049,-0.070468808,-0.000376382
277281.614,LunarFlyby,-381936.885,39175.272,1018.703,-391889.692,99461.010,4.637,-0.589822893,-0.070222082,-0.000382969
277521.614,LunarFlyby,-382078.370,39158.449,1018.610,-391950.013,99235.860,4.614,-0.589221331,-0.069972986,-0.000389610
277761.614,LunarFlyby,-382219.711,39141.685,1018.516,-392010.333,99010.710,4.590,-0.588620362,-0.069721497,-0.000396306
278001.614,LunarFlyby,-382360.908,39124.982,1018.420,-392070.413,98785.502,4.568,-0.588019983,-0.069467588,-0.000403057
278241.614,LunarFlyby,-382501.961,39108.341,1018.322,-392130.389,98560.269,4.545,-0.587420192,-0.069211234,-0.000409863
278481.614,LunarFlyby,-382642.870,39091.761,1018.223,-392190.296,98335.019,4.522,-0.586820988,-0.068952409,-0.000416727
278721.614,LunarFlyby,-382783.635,39075.244,1018.122,-392249.927,98109.703,4.500,-0.586222367,-0.068691087,-0.000423648
278961.614,LunarFlyby,-382924.257,39058.790,1018.020,-392309.559,97884.386,4.477,-0.585624329,-0.068427240,-0.000430629
279201.614,LunarFlyby,-383064.735,39042.399,1017.915,-392368.949,97659.013,4.455,-0.585026871,-0.068160842,-0.000437669
279441.614,LunarFlyby,-383205.070,39026.073,1017.809,-392428.235,97433.614,4.432,-0.584429990,-0.067891864,-0.000444769
279681.614,LunarFlyby,-383345.261,39009.811,1017.702,-392487.453,97208.198,4.410,-0.583833685,-0.067620278,-0.000451931
279921.614,LunarFlyby,-383485.310,38993.615,1017.593,-392546.394,96982.718,4.388,-0.583237953,-0.067346056,-0.000459155
280161.614,LunarFlyby,-383625.216,38977.485,1017.481,-392605.336,96757.237,4.365,-0.582642792,-0.067069169,-0.000466443
280401.614,LunarFlyby,-383764.979,38961.422,1017.369,-392664.037,96531.700,4.344,-0.582048198,-0.066789587,-0.000473795
280641.614,LunarFlyby,-383904.599,38945.427,1017.254,-392722.633,96306.137,4.322,-0.581454170,-0.066507280,-0.000481212
280881.614,LunarFlyby,-384044.077,38929.499,1017.138,-392781.161,96080.559,4.300,-0.580860706,-0.066222218,-0.000488696
281121.614,LunarFlyby,-384183.412,38913.640,1017.019,-392839.412,95854.917,4.278,-0.580267801,-0.065934370,-0.000496248
281361.614,LunarFlyby,-384322.605,38897.851,1016.899,-392897.663,95629.273,4.257,-0.579675454,-0.065643704,-0.000503868
281601.614,LunarFlyby,-384461.656,38882.131,1016.778,-392955.673,95403.574,4.236,-0.579083661,-0.065350189,-0.000511557
281841.614,LunarFlyby,-384600.565,38866.483,1016.654,-393013.579,95177.850,4.214,-0.578492421,-0.065053791,-0.000519318
282081.614,LunarFlyby,-384739.333,38850.906,1016.528,-393071.416,94952.111,4.193,-0.577901728,-0.064754479,-0.000527150
282321.614,LunarFlyby,-384877.958,38835.401,1016.401,-393128.976,94726.307,4.172,-0.577311582,-0.064452218,-0.000535056
282561.614,LunarFlyby,-385016.442,38819.969,1016.272,-393186.538,94500.504,4.151,-0.576721978,-0.064146974,-0.000543035
282801.614,LunarFlyby,-385154.785,38804.611,1016.140,-393243.857,94274.645,4.130,-0.576132913,-0.063838713,-0.000551091
283041.614,LunarFlyby,-385292.986,38789.327,1016.007,-393301.072,94048.762,4.109,-0.575544383,-0.063527400,-0.000559222
283281.614,LunarFlyby,-385431.046,38774.118,1015.872,-393358.218,93822.863,4.089,-0.574956386,-0.063212999,-0.000567432
283521.614,LunarFlyby,-385568.965,38758.985,1015.735,-393415.088,93596.901,4.068,-0.574368918,-0.062895473,-0.000575721
283761.614,LunarFlyby,-385706.743,38743.928,1015.595,-393471.957,93370.940,4.048,-0.573781974,-0.062574785,-0.000584091
284001.614,LunarFlyby,-385844.381,38728.949,1015.454,-393528.585,93144.923,4.027,-0.573195552,-0.062250899,-0.000592542
284241.614,LunarFlyby,-385981.877,38714.048,1015.311,-393585.109,92918.882,4.007,-0.572609647,-0.061923775,-0.000601076
284481.614,LunarFlyby,-386119.233,38699.226,1015.166,-393641.564,92692.826,3.987,-0.572024255,-0.061593375,-0.000609695
284721.614,LunarFlyby,-386256.449,38684.483,1015.018,-393697.742,92466.708,3.967,-0.571439373,-0.061259659,-0.000618401
284961.614,LunarFlyby,-386393.524,38669.821,1014.869,-393753.920,92240.589,3.946,-0.570854995,-0.060922588,-0.000627193
285201.614,LunarFlyby,-386530.459,38655.241,1014.717,-393809.856,92014.417,3.926,-0.570271118,-0.060582119,-0.000636075
285441.614,LunarFlyby,-386667.254,38640.742,1014.564,-393865.688,91788.222,3.906,-0.569687737,-0.060238213,-0.000645046
285681.614,LunarFlyby,-386803.909,38626.327,1014.408,-393921.451,91562.010,3.887,-0.569104847,-0.059890826,-0.000654110
285921.614,LunarFlyby,-386940.425,38611.995,1014.250,-393976.938,91335.738,3.868,-0.568522444,-0.059539915,-0.000663268
286161.614,LunarFlyby,-387076.800,38597.748,1014.089,-394032.423,91109.465,3.848,-0.567940522,-0.059185437,-0.000672520
286401.614,LunarFlyby,-387213.036,38583.586,1013.927,-394087.668,90883.139,3.829,-0.567359077,-0.058827348,-0.000681869
286641.614,LunarFlyby,-387349.133,38569.511,1013.762,-394142.807,90656.790,3.809,-0.566778103,-0.058465601,-0.000691317
286881.614,LunarFlyby,-387485.090,38555.523,1013.595,-394197.878,90430.425,3.790,-0.566197595,-0.058100151,-0.000700865
287121.614,LunarFlyby,-387620.908,38541.623,1013.426,-394252.672,90204.000,3.771,-0.565617547,-0.057730951,-0.000710514
287361.614,LunarFlyby,-387756.586,38527.813,1013.254,-394307.466,89977.575,3.752,-0.565037954,-0.057357953,-0.000720268
287601.614,LunarFlyby,-387892.126,38514.092,1013.080,-394362.017,89751.096,3.733,-0.564458809,-0.056981109,-0.000730126
287841.614,LunarFlyby,-388027.526,38500.462,1012.903,-394416.465,89524.596,3.715,-0.563880107,-0.056600369,-0.000740092
288081.614,LunarFlyby,-388162.788,38486.924,1012.725,-394470.843,89298.081,3.696,-0.563301841,-0.056215683,-0.000750167
288321.614,LunarFlyby,-388297.911,38473.479,1012.543,-394524.943,89071.505,3.677,-0.562724004,-0.055827000,-0.000760354
288561.614,LunarFlyby,-388432.896,38460.127,1012.360,-394579.045,88844.929,3.658,-0.562146590,-0.055434267,-0.000770653
288801.614,LunarFlyby,-388567.742,38446.871,1012.173,-394632.902,88618.301,3.641,-0.561569593,-0.055037432,-0.000781068
289041.614,LunarFlyby,-388702.449,38433.710,1011.985,-394686.657,88391.652,3.622,-0.560993004,-0.054636441,-0.000791600
289281.614,LunarFlyby,-388837.018,38420.645,1011.793,-394740.342,88164.986,3.604,-0.560416817,-0.054231238,-0.000802251
289521.614,LunarFlyby,-388971.449,38407.679,1011.600,-394793.750,87938.262,3.586,-0.559841024,-0.053821767,-0.000813023
289761.614,LunarFlyby,-389105.742,38394.811,1011.403,-394847.158,87711.538,3.568,-0.559265616,-0.053407972,-0.000823919
290001.614,LunarFlyby,-389239.897,38382.043,1011.204,-394900.323,87484.763,3.550,-0.558690587,-0.052989794,-0.000834942
290241.614,LunarFlyby,-389373.914,38369.377,1011.002,-394953.384,87257.966,3.533,-0.558115927,-0.052567175,-0.000846092
290481.614,LunarFlyby,-389507.793,38356.812,1010.798,-395006.375,87031.153,3.515,-0.557541629,-0.052140053,-0.000857373
290721.614,LunarFlyby,-389641.534,38344.350,1010.591,-395059.089,86804.283,3.497,-0.556967682,-0.051708367,-0.000868787
290961.614,LunarFlyby,-389775.137,38331.992,1010.381,-395111.804,86577.413,3.480,-0.556394078,-0.051272055,-0.000880337
291201.614,LunarFlyby,-389908.603,38319.739,1010.168,-395164.275,86350.491,3.462,-0.555820808,-0.050831053,-0.000892024
291441.614,LunarFlyby,-390041.931,38307.593,1009.953,-395216.643,86123.549,3.445,-0.555247862,-0.050385296,-0.000903853
291681.614,LunarFlyby,-390175.122,38295.555,1009.734,-395268.940,85896.591,3.428,-0.554675228,-0.049934718,-0.000915824
291921.614,LunarFlyby,-390308.175,38283.625,1009.513,-395320.961,85669.576,3.411,-0.554102898,-0.049479251,-0.000927942
292161.614,LunarFlyby,-390441.091,38271.805,1009.289,-395372.980,85442.561,3.394,-0.553530861,-0.049018827,-0.000940208
292401.614,LunarFlyby,-390573.870,38260.097,1009.062,-395424.757,85215.497,3.377,-0.552959104,-0.048553375,-0.000952626
292641.614,LunarFlyby,-390706.512,38248.500,1008.832,-395476.430,84988.410,3.361,-0.552387617,-0.048082824,-0.000965198
292881.614,LunarFlyby,-390839.016,38237.017,1008.599,-395528.034,84761.309,3.344,-0.551816388,-0.047607101,-0.000977928
293121.614,LunarFlyby,-390971.384,38225.649,1008.362,-395579.359,84534.152,3.327,-0.551245405,-0.047126132,-0.000990819
293361.614,LunarFlyby,-391103.614,38214.397,1008.123,-395630.686,84306.994,3.311,-0.550674654,-0.046639841,-0.001003873
293601.614,LunarFlyby,-391235.707,38203.262,1007.880,-395681.768,84079.788,3.294,-0.550104123,-0.046148151,-0.001017094
293841.614,LunarFlyby,-391367.664,38192.246,1007.635,-395732.746,83852.560,3.278,-0.549533798,-0.045650982,-0.001030485
294081.614,LunarFlyby,-391499.484,38181.350,1007.386,-395783.654,83625.318,3.262,-0.548963665,-0.045148255,-0.001044049
294321.614,LunarFlyby,-391631.167,38170.576,1007.134,-395834.286,83398.020,3.246,-0.548393710,-0.044639888,-0.001057791
294561.614,LunarFlyby,-391762.713,38159.924,1006.878,-395884.917,83170.722,3.230,-0.547823917,-0.044125797,-0.001071713
294801.614,LunarFlyby,-391894.122,38149.396,1006.619,-395935.304,82943.376,3.214,-0.547254272,-0.043605896,-0.001085819
295041.614,LunarFlyby,-392025.395,38138.993,1006.357,-395985.587,82716.009,3.198,-0.546684757,-0.043080099,-0.001100113
295281.614,LunarFlyby,-392156.531,38128.718,1006.091,-396035.801,82488.627,3.183,-0.546115358,-0.042548317,-0.001114599
295521.614,LunarFlyby,-392287.530,38118.571,1005.822,-396085.737,82261.192,3.167,-0.545546056,-0.042010459,-0.001129280
295761.614,LunarFlyby,-392418.393,38108.553,1005.549,-396135.672,82033.755,3.151,-0.544976834,-0.041466433,-0.001144160
296001.614,LunarFlyby,-392549.119,38098.667,1005.273,-396185.364,81806.271,3.136,-0.544407673,-0.040916143,-0.001159244
296241.614,LunarFlyby,-392679.709,38088.914,1004.992,-396234.952,81578.766,3.121,-0.543838556,-0.040359495,-0.001174536
296481.614,LunarFlyby,-392810.161,38079.295,1004.709,-396284.471,81351.248,3.106,-0.543269461,-0.039796388,-0.001190040
296721.614,LunarFlyby,-392940.478,38069.812,1004.421,-396333.711,81123.674,3.091,-0.542700369,-0.039226724,-0.001205760
296961.614,LunarFlyby,-393070.658,38060.467,1004.130,-396382.951,80896.102,3.076,-0.542131259,-0.038650399,-0.001221702
297201.614,LunarFlyby,-393200.701,38051.261,1003.835,-396431.947,80668.482,3.061,-0.541562109,-0.038067308,-0.001237869
297441.614,LunarFlyby,-393330.607,38042.195,1003.536,-396480.839,80440.841,3.046,-0.540992896,-0.037477345,-0.001254266
297681.614,LunarFlyby,-393460.377,38033.272,1003.233,-396529.662,80213.188,3.031,-0.540423598,-0.036880399,-0.001270899
297921.614,LunarFlyby,-393590.011,38024.493,1002.926,-396578.206,79985.481,3.016,-0.539854191,-0.036276360,-0.001287773
298161.614,LunarFlyby,-393719.507,38015.860,1002.615,-396626.750,79757.773,3.002,-0.539284648,-0.035665113,-0.001304892
298401.614,LunarFlyby,-393848.867,38007.374,1002.299,-396675.050,79530.020,2.988,-0.538714946,-0.035046542,-0.001322262
298641.614,LunarFlyby,-393978.091,37999.038,1001.980,-396723.246,79302.246,2.974,-0.538145056,-0.034420528,-0.001339888
298881.614,LunarFlyby,-394107.177,37990.853,1001.656,-396771.372,79074.459,2.959,-0.537574952,-0.033786948,-0.001357776
299121.614,LunarFlyby,-394236.127,37982.821,1001.328,-396819.219,78846.620,2.946,-0.537004604,-0.033145679,-0.001375932
299361.614,LunarFlyby,-394364.939,37974.944,1000.996,-396867.068,78618.780,2.932,-0.536433984,-0.032496593,-0.001394361
299601.614,LunarFlyby,-394493.615,37967.223,1000.659,-396914.671,78390.894,2.918,-0.535863059,-0.031839560,-0.001413071
299841.614,LunarFlyby,-394622.153,37959.662,1000.317,-396962.170,78162.989,2.904,-0.535291799,-0.031174447,-0.001432066
300081.614,LunarFlyby,-394750.555,37952.260,999.971,-397009.601,77935.070,2.890,-0.534720170,-0.030501119,-0.001451353
300321.614,LunarFlyby,-394878.819,37945.022,999.621,-397056.751,77707.101,2.877,-0.534148138,-0.029819435,-0.001470940
300561.614,LunarFlyby,-395006.946,37937.948,999.265,-397103.902,77479.131,2.863,-0.533575668,-0.029129255,-0.001490832
300801.614,LunarFlyby,-395134.935,37931.040,998.905,-397150.809,77251.115,2.849,-0.533002723,-0.028430432,-0.001511037
301041.614,LunarFlyby,-395262.787,37924.302,998.540,-397197.612,77023.081,2.836,-0.532429264,-0.027722818,-0.001531562
301281.614,LunarFlyby,-395390.501,37917.734,998.170,-397244.345,76795.033,2.823,-0.531855252,-0.027006260,-0.001552414
301521.614,LunarFlyby,-395518.078,37911.339,997.795,-397290.799,76566.934,2.810,-0.531280647,-0.026280603,-0.001573602
301761.614,LunarFlyby,-395645.516,37905.120,997.415,-397337.252,76338.836,2.798,-0.530705405,-0.025545688,-0.001595132
302001.614,LunarFlyby,-395772.816,37899.078,997.029,-397383.462,76110.693,2.784,-0.530129483,-0.024801350,-0.001617012
302241.614,LunarFlyby,-395899.978,37893.216,996.638,-397429.567,75882.531,2.772,-0.529552834,-0.024047424,-0.001639252
302481.614,LunarFlyby,-396027.002,37887.536,996.242,-397475.603,75654.357,2.759,-0.528975412,-0.023283738,-0.001661860
302721.614,LunarFlyby,-396153.886,37882.041,995.841,-397521.360,75426.131,2.746,-0.528397167,-0.022510117,-0.001684844
302961.614,LunarFlyby,-396280.632,37876.732,995.434,-397567.115,75197.906,2.733,-0.527818047,-0.021726382,-0.001708214
303201.614,LunarFlyby,-396407.239,37871.613,995.021,-397612.628,74969.637,2.721,-0.527238000,-0.020932349,-0.001731978
303441.614,LunarFlyby,-396533.706,37866.686,994.602,-397658.035,74741.350,2.709,-0.526656970,-0.020127831,-0.001756147
303681.614,LunarFlyby,-396660.034,37861.953,994.178,-397703.374,74513.049,2.697,-0.526074901,-0.019312634,-0.001780730
303921.614,LunarFlyby,-396786.222,37857.416,993.747,-397748.432,74284.700,2.685,-0.525491732,-0.018486561,-0.001805738
304161.614,LunarFlyby,-396912.270,37853.080,993.311,-397793.490,74056.351,2.672,-0.524907403,-0.017649411,-0.001831181
304401.614,LunarFlyby,-397038.178,37848.946,992.868,-397838.304,73827.958,2.661,-0.524321848,-0.016800975,-0.001857070
304641.614,LunarFlyby,-397163.944,37845.016,992.419,-397883.015,73599.547,2.649,-0.523735001,-0.015941042,-0.001883416
304881.614,LunarFlyby,-397289.570,37841.295,991.964,-397927.655,73371.124,2.637,-0.523146793,-0.015069394,-0.001910231
305121.614,LunarFlyby,-397415.055,37837.784,991.503,-397972.015,73142.652,2.626,-0.522557152,-0.014185808,-0.001937527
305361.614,LunarFlyby,-397540.398,37834.487,991.034,-398016.375,72914.180,2.614,-0.521966002,-0.013290055,-0.001965316
305601.614,LunarFlyby,-397665.598,37831.406,990.559,-398060.491,72685.665,2.603,-0.521373266,-0.012381901,-0.001993610
305841.614,LunarFlyby,-397790.657,37828.544,990.077,-398104.502,72457.133,2.591,-0.520778863,-0.011461104,-0.002022423
306081.614,LunarFlyby,-397915.572,37825.905,989.588,-398148.444,72228.588,2.580,-0.520182709,-0.010527419,-0.002051768
306321.614,LunarFlyby,-398040.344,37823.492,989.092,-398192.106,71999.996,2.569,-0.519584716,-0.009580591,-0.002081660
306561.614,LunarFlyby,-398164.973,37821.308,988.589,-398235.768,71771.404,2.558,-0.518984793,-0.008620361,-0.002112113
306801.614,LunarFlyby,-398289.457,37819.356,988.078,-398279.185,71542.769,2.547,-0.518382845,-0.007646463,-0.002143141
307041.614,LunarFlyby,-398413.796,37817.639,987.560,-398322.497,71314.118,2.536,-0.517778773,-0.006658624,-0.002174760
307281.614,LunarFlyby,-398537.990,37816.161,987.035,-398365.741,71085.454,2.525,-0.517172474,-0.005656561,-0.002206986
307521.614,LunarFlyby,-398662.039,37814.925,986.501,-398408.704,70856.743,2.515,-0.516563842,-0.004639988,-0.002239836
307761.614,LunarFlyby,-398785.941,37813.935,985.959,-398451.667,70628.032,2.504,-0.515952764,-0.003608608,-0.002273326
308001.614,LunarFlyby,-398909.696,37813.194,985.410,-398494.386,70399.280,2.493,-0.515339125,-0.002562118,-0.002307474
308241.614,LunarFlyby,-399033.303,37812.706,984.852,-398536.999,70170.511,2.484,-0.514722803,-0.001500205,-0.002342299
308481.614,LunarFlyby,-399156.763,37812.475,984.285,-398579.542,69941.729,2.473,-0.514103672,-0.000422549,-0.002377818
308721.614,LunarFlyby,-399280.073,37812.504,983.710,-398621.806,69712.902,2.463,-0.513481602,0.000671179,-0.002414053
308961.614,LunarFlyby,-399403.234,37812.798,983.127,-398664.071,69484.075,2.452,-0.512856454,0.001781317,-0.002451022
309201.614,LunarFlyby,-399526.244,37813.361,982.534,-398706.090,69255.207,2.443,-0.512228086,0.002908214,-0.002488748
309441.614,LunarFlyby,-399649.103,37814.196,981.932,-398748.004,69026.322,2.433,-0.511596349,0.004052226,-0.002527250
309681.614,LunarFlyby,-399771.810,37815.307,981.321,-398789.848,68797.426,2.423,-0.510961087,0.005213721,-0.002566553
309921.614,LunarFlyby,-399894.364,37816.700,980.700,-398831.413,68568.484,2.414,-0.510322138,0.006393075,-0.002606679
310161.614,LunarFlyby,-400016.764,37818.377,980.069,-398872.977,68339.543,2.404,-0.509679332,0.007590678,-0.002647652
310401.614,LunarFlyby,-400139.010,37820.345,979.429,-398914.297,68110.561,2.394,-0.509032493,0.008806927,-0.002689497
310641.614,LunarFlyby,-400261.099,37822.606,978.778,-398955.512,67881.564,2.385,-0.508381436,0.010042234,-0.002732241
310881.614,LunarFlyby,-400383.032,37825.167,978.117,-398996.656,67652.554,2.375,-0.507725969,0.011297021,-0.002775910
311121.614,LunarFlyby,-400504.807,37828.030,977.446,-399037.522,67423.500,2.366,-0.507065889,0.012571722,-0.002820531
311361.614,LunarFlyby,-400626.423,37831.203,976.763,-399078.386,67194.445,2.357,-0.506400987,0.013866783,-0.002866134
311601.614,LunarFlyby,-400747.879,37834.688,976.070,-399119.006,66965.353,2.349,-0.505731042,0.015182665,-0.002912749
311841.614,LunarFlyby,-400869.174,37838.492,975.365,-399159.520,66736.242,2.340,-0.505055824,0.016519840,-0.002960408
312081.614,LunarFlyby,-400990.306,37842.619,974.649,-399199.966,66507.122,2.330,-0.504375093,0.017878797,-0.003009141
312321.614,LunarFlyby,-401111.274,37847.076,973.921,-399240.130,66277.957,2.322,-0.503688598,0.019260036,-0.003058983
312561.614,LunarFlyby,-401232.076,37851.866,973.181,-399280.294,66048.792,2.313,-0.502996075,0.020664073,-0.003109970
312801.614,LunarFlyby,-401352.711,37856.996,972.428,-399320.214,65819.589,2.305,-0.502297249,0.022091441,-0.003162136
313041.614,LunarFlyby,-401473.178,37862.472,971.663,-399360.028,65590.370,2.297,-0.501591832,0.023542687,-0.003215521
313281.614,LunarFlyby,-401593.475,37868.299,970.884,-399399.772,65361.140,2.288,-0.500879521,0.025018374,-0.003270162
313521.614,LunarFlyby,-401713.600,37874.483,970.093,-399439.237,65131.867,2.279,-0.500160001,0.026519085,-0.003326102
313761.614,LunarFlyby,-401833.551,37881.030,969.288,-399478.701,64902.594,2.272,-0.499432941,0.028045417,-0.003383382
314001.614,LunarFlyby,-401953.327,37887.947,968.469,-399517.920,64673.284,2.263,-0.498697993,0.029597987,-0.003442047
314241.614,LunarFlyby,-402072.925,37895.239,967.635,-399557.033,64443.958,2.255,-0.497954795,0.031177432,-0.003502142
314481.614,LunarFlyby,-402192.344,37902.914,966.788,-399596.078,64214.620,2.248,-0.497202963,0.032784406,-0.003563716
314721.614,LunarFlyby,-402311.582,37910.978,965.925,-399634.841,63985.240,2.240,-0.496442100,0.034419585,-0.003626819
314961.614,LunarFlyby,-402430.636,37919.438,965.047,-399673.605,63755.861,2.232,-0.495671784,0.036083665,-0.003691502
315201.614,LunarFlyby,-402549.504,37928.300,964.153,-399712.122,63526.445,2.225,-0.494891576,0.037777364,-0.003757820
315441.614,LunarFlyby,-402668.183,37937.573,963.243,-399750.535,63297.013,2.217,-0.494101013,0.039501423,-0.003825829
315681.614,LunarFlyby,-402786.671,37947.264,962.316,-399788.878,63067.571,2.210,-0.493299610,0.041256604,-0.003895588
315921.614,LunarFlyby,-402904.966,37957.379,961.373,-399826.941,62838.087,2.203,-0.492486858,0.043043696,-0.003967159
316161.614,LunarFlyby,-403023.064,37967.927,960.412,-399865.002,62608.602,2.196,-0.491662220,0.044863510,-0.004040606
316401.614,LunarFlyby,-403140.963,37978.916,959.433,-399902.820,62379.082,2.188,-0.490825134,0.046716884,-0.004115995
316641.614,LunarFlyby,-403258.659,37990.354,958.436,-399940.531,62149.547,2.182,-0.489975008,0.048604683,-0.004193398
316881.614,LunarFlyby,-403376.150,38002.249,957.420,-399978.173,61920.002,2.175,-0.489111218,0.050527798,-0.004272886
317121.614,LunarFlyby,-403493.431,38014.610,956.385,-400015.534,61690.416,2.167,-0.488233112,0.052487149,-0.004354536
317361.614,LunarFlyby,-403610.500,38027.446,955.330,-400052.895,61460.829,2.161,-0.487339999,0.054483685,-0.004438427
317601.614,LunarFlyby,-403727.353,38040.765,954.254,-400090.010,61231.207,2.155,-0.486431153,0.056518386,-0.004524644
317741.984,LunarFlyby,-403795.596,38048.784,953.615,-400111.657,61096.898,2.151,-0.485891998,0.057726523,-0.004576183
317807.233,LunarFlyby,-403827.292,38052.569,953.316,-400121.718,61034.467,2.148,-0.485639412,0.058292732,-0.004600426
317872.483,LunarFlyby,-403858.971,38056.391,953.015,-400131.781,60972.034,2.147,-0.485385556,0.058861902,-0.004624853
317937.732,LunarFlyby,-403890.634,38060.250,952.712,-400141.843,60909.603,2.145,-0.485130414,0.059434054,-0.004649466
318002.982,LunarFlyby,-403922.280,38064.147,952.408,-400151.906,60847.170,2.144,-0.484873969,0.060009211,-0.004674267
318068.231,LunarFlyby,-403953.909,38068.081,952.102,-400161.917,60784.732,2.142,-0.484616204,0.060587394,-0.004699258
318133.480,LunarFlyby,-403985.522,38072.054,951.795,-400171.883,60722.286,2.140,-0.484357101,0.061168624,-0.004724440
318198.730,LunarFlyby,-404017.117,38076.064,951.486,-400181.850,60659.840,2.139,-0.484096643,0.061752924,-0.004749816
318263.979,LunarFlyby,-404048.696,38080.112,951.175,-400191.817,60597.395,2.137,-0.483834811,0.062340315,-0.004775387
318329.229,LunarFlyby,-404080.257,38084.199,950.863,-400201.783,60534.949,2.135,-0.483571589,0.062930821,-0.004801157
318394.478,LunarFlyby,-404111.240,38083.740,949.552,-400211.750,60472.504,2.133,-0.483319726,0.063387779,-0.004884073
318634.478,LunarFlyby,-404227.119,38099.217,948.368,-400248.408,60242.817,2.127,-0.482334214,0.065597831,-0.004981185
318874.478,LunarFlyby,-404342.759,38115.230,947.161,-400284.716,60013.081,2.120,-0.481328437,0.067851760,-0.005081126
319114.478,LunarFlyby,-404458.155,38131.790,945.929,-400321.025,59783.345,2.114,-0.480301387,0.070150758,-0.005184007
319354.478,LunarFlyby,-404573.302,38148.906,944.673,-400357.157,59553.583,2.109,-0.479251998,0.072496056,-0.005289944
319594.478,LunarFlyby,-404688.194,38166.592,943.390,-400393.114,59323.799,2.103,-0.478179146,0.074888922,-0.005399059
319834.478,LunarFlyby,-404802.826,38184.857,942.081,-400429.071,59094.013,2.097,-0.477081644,0.077330665,-0.005511480
320074.478,LunarFlyby,-404917.191,38203.714,940.744,-400464.677,58864.179,2.091,-0.475958236,0.079822635,-0.005627340
320314.478,LunarFlyby,-405031.284,38223.176,939.379,-400500.283,58634.346,2.086,-0.474807597,0.082366224,-0.005746780
320554.478,LunarFlyby,-405145.096,38243.254,937.985,-400535.713,58404.489,2.080,-0.473628327,0.084962866,-0.005869947
320794.478,LunarFlyby,-405258.623,38263.963,936.561,-400570.968,58174.607,2.075,-0.472418942,0.087614040,-0.005996997
321034.478,LunarFlyby,-405371.855,38285.314,935.106,-400606.222,57944.725,2.070,-0.471177876,0.090321269,-0.006128090
321274.478,LunarFlyby,-405484.785,38307.321,933.620,-400641.126,57714.796,2.065,-0.469903470,0.093086122,-0.006263399
321514.478,LunarFlyby,-405597.406,38330.000,932.100,-400676.031,57484.867,2.059,-0.468593968,0.095910215,-0.006403103
321754.478,LunarFlyby,-405709.708,38353.363,930.546,-400710.758,57254.914,2.055,-0.467247510,0.098795210,-0.006547390
321994.478,LunarFlyby,-405821.682,38377.426,928.957,-400745.310,57024.938,2.050,-0.465862126,0.101742816,-0.006696458
322234.478,LunarFlyby,-405933.318,38402.205,927.331,-400779.862,56794.962,2.045,-0.464435731,0.104754791,-0.006850516
322474.478,LunarFlyby,-406044.607,38427.714,925.668,-400814.063,56564.940,2.040,-0.462966111,0.107832940,-0.007009783
322714.478,LunarFlyby,-406155.538,38453.970,923.966,-400848.265,56334.917,2.036,-0.461450922,0.110979117,-0.007174490
322954.478,LunarFlyby,-406266.100,38480.990,922.224,-400882.289,56104.872,2.032,-0.459887675,0.114195222,-0.007344880
323194.478,LunarFlyby,-406376.280,38508.790,920.440,-400916.139,55874.804,2.027,-0.458273733,0.117483202,-0.007521208
323434.478,LunarFlyby,-406486.067,38537.387,918.613,-400949.988,55644.735,2.022,-0.456606293,0.120845050,-0.007703743
323674.478,LunarFlyby,-406595.447,38566.801,916.742,-400983.486,55414.622,2.018,-0.454882384,0.124282805,-0.007892769
323914.478,LunarFlyby,-406704.406,38597.049,914.824,-401016.985,55184.508,2.014,-0.453098848,0.127798547,-0.008088584
324154.478,LunarFlyby,-406812.929,38628.151,912.858,-401050.307,54954.372,2.010,-0.451252334,0.131394394,-0.008291502
324394.478,LunarFlyby,-406921.002,38660.125,910.843,-401083.454,54724.212,2.006,-0.449339281,0.135072505,-0.008501855
324634.478,LunarFlyby,-407028.606,38692.993,908.777,-401116.600,54494.053,2.002,-0.447355905,0.138835069,-0.008719991
324874.478,LunarFlyby,-407135.726,38726.773,906.657,-401149.395,54263.851,1.998,-0.445298186,0.142684304,-0.008946278
325114.478,LunarFlyby,-407242.343,38761.488,904.482,-401182.191,54033.648,1.995,-0.443161851,0.146622451,-0.009181103
325354.478,LunarFlyby,-407348.437,38797.159,902.250,-401214.809,53803.422,1.991,-0.440942358,0.150651766,-0.009424874
325594.478,LunarFlyby,-407453.989,38833.808,899.957,-401247.252,53573.176,1.987,-0.438634878,0.154774514,-0.009678020
325834.478,LunarFlyby,-407558.975,38871.459,897.603,-401279.695,53342.928,1.984,-0.436234280,0.158992956,-0.009940994
326074.478,LunarFlyby,-407663.373,38910.133,895.185,-401311.787,53112.638,1.981,-0.433735107,0.163309343,-0.010214272
326314.478,LunarFlyby,-407767.159,38949.855,892.700,-401343.879,52882.347,1.978,-0.431131560,0.167725898,-0.010498356
326554.478,LunarFlyby,-407870.307,38990.650,890.145,-401375.794,52652.035,1.974,-0.428417472,0.172244803,-0.010793774
326794.478,LunarFlyby,-407972.790,39032.541,887.518,-401407.534,52421.702,1.971,-0.425586294,0.176868180,-0.011101081
327034.478,LunarFlyby,-408074.579,39075.555,884.815,-401439.273,52191.368,1.968,-0.422631063,0.181598076,-0.011420861
327274.478,LunarFlyby,-408175.643,39119.717,882.035,-401470.662,51960.992,1.965,-0.419544387,0.186436433,-0.011753727
327514.478,LunarFlyby,-408275.949,39165.053,879.172,-401502.050,51730.616,1.963,-0.416318416,0.191385064,-0.012100323
327754.478,LunarFlyby,-408375.464,39211.591,876.225,-401533.261,51500.220,1.960,-0.412944818,0.196445624,-0.012461325
327994.478,LunarFlyby,-408474.150,39259.356,873.190,-401564.298,51269.803,1.958,-0.409414760,0.201619575,-0.012837439
328234.478,LunarFlyby,-408571.970,39308.377,870.062,-401595.333,51039.385,1.955,-0.405718877,0.206908145,-0.013229408
328474.478,LunarFlyby,-408668.881,39358.681,866.838,-401626.017,50808.926,1.953,-0.401847255,0.212312284,-0.013638005
328714.478,LunarFlyby,-408764.841,39410.296,863.514,-401656.702,50578.467,1.950,-0.397789404,0.217832617,-0.014064037
328954.478,LunarFlyby,-408859.804,39463.250,860.086,-401687.209,50347.986,1.948,-0.393534242,0.223469382,-0.014508346
329194.478,LunarFlyby,-408953.721,39517.571,856.549,-401717.541,50117.487,1.946,-0.389070076,0.229222372,-0.014971807
329434.478,LunarFlyby,-409046.540,39573.286,852.898,-401747.872,49886.987,1.944,-0.384384587,0.235090864,-0.015455324
329674.478,LunarFlyby,-409138.207,39630.424,849.129,-401777.853,49656.446,1.942,-0.379464822,0.241073535,-0.015959835
329914.478,LunarFlyby,-409228.663,39689.010,845.236,-401807.833,49425.905,1.940,-0.374297189,0.247168383,-0.016486303
330154.478,LunarFlyby,-409317.849,39749.073,841.213,-401837.636,49195.345,1.938,-0.368867463,0.253372628,-0.017035718
330394.478,LunarFlyby,-409405.698,39810.638,837.056,-401867.265,48964.764,1.937,-0.363160795,0.259682605,-0.017609091
330634.478,LunarFlyby,-409492.142,39873.729,832.759,-401896.891,48734.184,1.935,-0.357161741,0.266093656,-0.018207447
330874.478,LunarFlyby,-409577.111,39938.370,828.315,-401926.167,48503.564,1.934,-0.350854295,0.272600002,-0.018831823
331114.478,LunarFlyby,-409660.526,40004.584,823.718,-401955.443,48272.945,1.932,-0.344221943,0.279194614,-0.019483255
331354.478,LunarFlyby,-409742.310,40072.390,818.961,-401984.542,48042.306,1.931,-0.337247734,0.285869074,-0.020162772
331594.478,LunarFlyby,-409822.377,40141.807,814.037,-402013.465,47811.647,1.930,-0.329914375,0.292613427,-0.020871386
331834.478,LunarFlyby,-409900.639,40212.849,808.940,-402042.388,47580.988,1.929,-0.322204344,0.299416029,-0.021610074
332074.478,LunarFlyby,-409977.003,40285.530,803.662,-402070.959,47350.291,1.928,-0.314100041,0.306263397,-0.022379765
332314.478,LunarFlyby,-410051.374,40359.858,798.195,-402099.531,47119.594,1.927,-0.305583959,0.313140051,-0.023181325
332554.478,LunarFlyby,-410123.649,40435.838,792.532,-402127.924,46888.878,1.926,-0.296638902,0.320028368,-0.024015532
332794.478,LunarFlyby,-410193.725,40513.471,786.665,-402156.144,46658.142,1.925,-0.287248225,0.326908447,-0.024883056
333034.478,LunarFlyby,-410261.491,40592.752,780.586,-402184.361,46427.407,1.924,-0.277396128,0.333757980,-0.025784434
333274.478,LunarFlyby,-410326.837,40673.670,774.286,-402212.228,46196.636,1.924,-0.267067981,0.340552164,-0.026720039
333514.478,LunarFlyby,-410389.645,40756.210,767.757,-402240.094,45965.863,1.923,-0.256250696,0.347263628,-0.027690055
333754.478,LunarFlyby,-410449.797,40840.348,760.992,-402267.783,45735.072,1.924,-0.244933131,0.353862414,-0.028694445
333994.478,LunarFlyby,-410507.172,40926.053,753.981,-402295.297,45504.263,1.923,-0.233106536,0.360316008,-0.029732914
334234.478,LunarFlyby,-410561.647,41013.285,746.717,-402322.810,45273.453,1.923,-0.220765023,0.366589433,-0.030804881
334474.478,LunarFlyby,-410613.098,41101.998,739.192,-402349.971,45042.608,1.922,-0.207906059,0.372645413,-0.031909445
334714.478,LunarFlyby,-410661.401,41192.134,731.398,-402377.133,44811.763,1.923,-0.194530964,0.378444633,-0.033045355
334954.478,LunarFlyby,-410706.432,41283.628,723.328,-402404.117,44580.899,1.922,-0.180645400,0.383946077,-0.034210983
335194.478,LunarFlyby,-410748.070,41376.401,714.975,-402430.925,44350.017,1.922,-0.166259834,0.389107474,-0.035404304
335434.478,LunarFlyby,-410786.198,41470.369,706.332,-402457.733,44119.136,1.923,-0.151389950,0.393885840,-0.036622877
335674.478,LunarFlyby,-410820.700,41565.433,697.394,-402484.189,43888.219,1.924,-0.136056983,0.398238120,-0.037863843
335914.478,LunarFlyby,-410851.470,41661.486,688.156,-402510.645,43657.302,1.924,-0.120287963,0.402121918,-0.039123924
336154.478,LunarFlyby,-410878.406,41758.410,678.613,-402536.924,43426.368,1.925,-0.104115822,0.405496301,-0.040399442
336394.478,LunarFlyby,-410901.417,41856.080,668.763,-402563.027,43195.416,1.925,-0.087579367,0.408322658,-0.041686344
336634.478,LunarFlyby,-410920.419,41954.358,658.603,-402589.129,42964.464,1.926,-0.070723077,0.410565582,-0.042980245
336874.478,LunarFlyby,-410935.342,42053.102,648.132,-402614.880,42733.477,1.926,-0.053596736,0.412193744,-0.044276477
337114.478,LunarFlyby,-410946.128,42152.160,637.351,-402640.631,42502.492,1.927,-0.036254877,0.413180727,-0.045570162
337354.478,LunarFlyby,-410952.732,42251.376,626.259,-402666.204,42271.488,1.928,-0.018756058,0.413505769,-0.046856281
337594.478,LunarFlyby,-410955.123,42350.589,614.861,-402691.601,42040.469,1.929,-0.001161980,0.413154391,-0.048129765
337834.478,LunarFlyby,-410953.287,42449.635,603.158,-402716.998,41809.448,1.930,0.016463517,0.412118867,-0.049385579
338074.478,LunarFlyby,-410947.224,42548.351,591.157,-402742.043,41578.395,1.931,0.034055559,0.410398510,-0.050618819
338314.478,LunarFlyby,-410936.948,42646.572,578.864,-402767.088,41347.342,1.933,0.051549391,0.407999768,-0.051824796
338554.478,LunarFlyby,-410922.493,42744.138,566.284,-402791.956,41116.272,1.935,0.068881527,0.404936099,-0.052999125
338794.478,LunarFlyby,-410903.903,42840.890,553.427,-402816.647,40885.186,1.936,0.085990864,0.401227659,-0.054137792
339034.478,LunarFlyby,-410881.240,42936.678,540.301,-402841.338,40654.099,1.937,0.102819702,0.396900798,-0.055237226
339274.478,LunarFlyby,-410854.576,43031.355,526.916,-402865.677,40422.980,1.939,0.119314644,0.391987395,-0.056294337
339514.478,LunarFlyby,-410823.999,43124.787,513.283,-402890.017,40191.862,1.941,0.135427330,0.386524070,-0.057306555
339754.478,LunarFlyby,-410789.605,43216.846,499.413,-402914.177,39960.728,1.942,0.151115006,0.380551310,-0.058271845
339994.478,LunarFlyby,-410751.501,43307.415,485.317,-402938.164,39729.577,1.945,0.166340900,0.374112546,-0.059188710
340234.478,LunarFlyby,-410709.801,43396.387,471.006,-402962.149,39498.427,1.947,0.181074415,0.367253222,-0.060056174
340474.478,LunarFlyby,-410664.627,43483.666,456.494,-402985.782,39267.245,1.949,0.195291153,0.360019890,-0.060873763
340714.478,LunarFlyby,-410616.104,43569.170,441.791,-403009.414,39036.062,1.951,0.208972777,0.352459371,-0.061641465
340954.478,LunarFlyby,-410564.363,43652.824,426.910,-403032.870,38804.866,1.953,0.222106745,0.344617981,-0.062359690
341194.478,LunarFlyby,-410509.537,43734.568,411.862,-403056.149,38573.653,1.955,0.234685938,0.336540873,-0.063029225
341434.478,LunarFlyby,-410451.759,43814.349,396.660,-403079.428,38342.441,1.958,0.246708201,0.328271476,-0.063651176
341674.478,LunarFlyby,-410391.162,43892.126,381.313,-403102.354,38111.197,1.961,0.258175837,0.319851042,-0.064226924
341914.478,LunarFlyby,-410327.878,43967.868,365.834,-403125.282,37879.954,1.964,0.269095072,0.311318307,-0.064758070
342154.478,LunarFlyby,-410262.039,44041.553,350.233,-403148.031,37648.696,1.966,0.279475506,0.302709252,-0.065246390
342394.478,LunarFlyby,-410193.772,44113.165,334.519,-403170.603,37417.423,1.970,0.289329583,0.294056953,-0.065693788
342634.478,LunarFlyby,-410123.202,44182.699,318.703,-403193.176,37186.150,1.972,0.298672070,0.285391518,-0.066102257
342874.478,LunarFlyby,-410050.449,44250.154,302.793,-403215.396,36954.849,1.976,0.307519586,0.276740083,-0.066473841
343114.478,LunarFlyby,-409975.631,44315.537,286.798,-403237.616,36723.546,1.978,0.315890156,0.268126874,-0.066810606
343354.478,LunarFlyby,-409898.859,44378.860,270.727,-403259.659,36492.230,1.981,0.323802824,0.259573309,-0.067114612
343594.478,LunarFlyby,-409820.240,44440.139,254.586,-403281.526,36260.898,1.985,0.331277300,0.251098129,-0.067387891
343834.478,LunarFlyby,-409739.879,44499.395,238.383,-403303.391,36029.567,1.988,0.338333659,0.242717565,-0.067632429
344074.478,LunarFlyby,-409657.872,44556.652,222.124,-403324.904,35798.208,1.992,0.344992084,0.234445512,-0.067850153
344314.478,LunarFlyby,-409574.313,44611.938,205.817,-403346.419,35566.849,1.996,0.351272649,0.226293708,-0.068042916
344554.478,LunarFlyby,-409489.290,44665.283,189.466,-403367.754,35335.475,1.999,0.357195141,0.218271923,-0.068212493
344794.478,LunarFlyby,-409402.886,44716.720,173.076,-403388.914,35104.088,2.003,0.362778920,0.210388142,-0.068360576
345034.478,LunarFlyby,-409315.181,44766.281,156.654,-403410.073,34872.700,2.006,0.368042800,0.202648745,-0.068488767
345274.478,LunarFlyby,-409226.250,44814.003,140.203,-403430.879,34641.286,2.010,0.373004971,0.195058676,-0.068598581
345514.478,LunarFlyby,-409136.162,44859.922,123.728,-403451.687,34409.872,2.015,0.377682928,0.187621607,-0.068691440
345754.478,LunarFlyby,-409044.983,44904.074,107.233,-403472.315,34178.444,2.019,0.382093434,0.180340085,-0.068768683
345994.478,LunarFlyby,-408952.777,44946.497,90.720,-403492.769,33947.002,2.022,0.386252491,0.173215673,-0.068831559
346234.478,LunarFlyby,-408859.601,44987.230,74.195,-403513.220,33715.561,2.027,0.390175327,0.166249076,-0.068881234
346474.478,LunarFlyby,-408765.511,45026.310,57.658,-403533.320,33484.093,2.032,0.393876394,0.159440258,-0.068918795
346714.478,LunarFlyby,-408670.557,45063.774,41.114,-403553.420,33252.625,2.036,0.397369378,0.152788544,-0.068945254
346954.478,LunarFlyby,-408574.789,45099.661,24.565,-403573.341,33021.144,2.040,0.400667210,0.146292720,-0.068961546
347194.478,LunarFlyby,-408478.252,45134.007,8.014,-403593.087,32789.652,2.045,0.403782086,0.139951109,-0.068968542
347434.478,LunarFlyby,-408380.987,45166.849,-8.539,-403612.833,32558.157,2.050,0.406725497,0.133761649,-0.068967046
347674.478,LunarFlyby,-408283.036,45198.224,-25.090,-403632.224,32326.639,2.054,0.409508248,0.127721960,-0.068957801
347914.478,LunarFlyby,-408184.435,45228.168,-41.638,-403651.617,32095.121,2.059,0.412140493,0.121829402,-0.068941494
348154.478,LunarFlyby,-408085.220,45256.714,-58.181,-403670.832,31863.589,2.064,0.414631761,0.116081126,-0.068918760
348394.478,LunarFlyby,-407985.423,45283.898,-74.719,-403689.871,31632.046,2.069,0.416990990,0.110474119,-0.068890182
348634.478,LunarFlyby,-407885.074,45309.753,-91.248,-403708.909,31400.501,2.074,0.419226556,0.105005243,-0.068856299
348874.478,LunarFlyby,-407784.203,45334.311,-107.769,-403727.594,31168.933,2.080,0.421346306,0.099671267,-0.068817607
349114.478,LunarFlyby,-407682.837,45357.605,-124.280,-403746.279,30937.365,2.085,0.423357586,0.094468898,-0.068774562
349354.478,LunarFlyby,-407581.000,45379.666,-140.781,-403764.787,30705.786,2.090,0.425267270,0.089394807,-0.068727585
349594.478,LunarFlyby,-407478.716,45400.525,-157.269,-403783.118,30474.194,2.096,0.427081793,0.084445647,-0.068677062
349834.478,LunarFlyby,-407376.008,45420.210,-173.745,-403801.447,30242.602,2.102,0.428807169,0.079618073,-0.068623347
350074.478,LunarFlyby,-407272.895,45438.751,-190.208,-403819.426,30010.987,2.107,0.430449028,0.074908759,-0.068566767
350314.478,LunarFlyby,-407169.398,45456.175,-206.657,-403837.403,29779.372,2.112,0.432012632,0.070314407,-0.068507620
350554.478,LunarFlyby,-407065.535,45472.511,-223.092,-403855.203,29547.746,2.118,0.433502902,0.065831762,-0.068446183
350794.478,LunarFlyby,-406961.322,45487.783,-239.511,-403872.827,29316.108,2.124,0.434924440,0.061457619,-0.068382708
351034.478,LunarFlyby,-406856.776,45502.019,-255.915,-403890.449,29084.470,2.130,0.436281551,0.057188828,-0.068317425
351274.478,LunarFlyby,-406751.912,45515.242,-272.303,-403907.720,28852.810,2.137,0.437578258,0.053022304,-0.068250549
351514.478,LunarFlyby,-406646.743,45527.478,-288.675,-403924.990,28621.150,2.142,0.438818328,0.048955028,-0.068182273
351754.478,LunarFlyby,-406541.284,45538.748,-305.031,-403942.081,28389.479,2.148,0.440005282,0.044984052,-0.068112776
351994.478,LunarFlyby,-406435.545,45549.077,-321.369,-403958.998,28157.797,2.156,0.441142415,0.041106502,-0.068042223
352234.478,LunarFlyby,-406329.539,45558.487,-337.691,-403975.913,27926.115,2.162,0.442232811,0.037319579,-0.067970763
352474.478,LunarFlyby,-406223.277,45566.998,-353.995,-403992.476,27694.412,2.168,0.443279355,0.033620560,-0.067898533
352714.478,LunarFlyby,-406116.768,45574.631,-370.282,-404009.037,27462.709,2.174,0.444284750,0.030006800,-0.067825661
352954.478,LunarFlyby,-406010.023,45581.408,-386.552,-404025.422,27230.995,2.181,0.445251526,0.026475730,-0.067752259
353194.478,LunarFlyby,-405903.050,45587.346,-402.803,-404041.630,26999.271,2.188,0.446182053,0.023024857,-0.067678435
353434.478,LunarFlyby,-405795.858,45592.466,-419.037,-404057.837,26767.547,2.195,0.447078551,0.019651766,-0.067604283
353674.478,LunarFlyby,-405688.455,45596.785,-435.253,-404073.691,26535.803,2.202,0.447943100,0.016354116,-0.067529893
353914.478,LunarFlyby,-405580.848,45600.322,-451.452,-404089.546,26304.058,2.209,0.448777652,0.013129639,-0.067455345
354154.478,LunarFlyby,-405473.044,45603.093,-467.632,-404105.222,26072.305,2.216,0.449584035,0.009976140,-0.067380711
354394.478,LunarFlyby,-405365.050,45605.116,-483.794,-404120.723,25840.541,2.223,0.450363964,0.006891497,-0.067306059
354634.478,LunarFlyby,-405256.871,45606.406,-499.939,-404136.221,25608.776,2.230,0.451119049,0.003873654,-0.067231450
354874.478,LunarFlyby,-405148.515,45606.980,-516.065,-404151.368,25376.993,2.238,0.451850800,0.000920626,-0.067156938
355114.478,LunarFlyby,-405039.985,45606.853,-532.174,-404166.514,25145.210,2.245,0.452560635,-0.001969509,-0.067082575
355354.478,LunarFlyby,-404931.287,45606.040,-548.265,-404181.482,24913.417,2.253,0.453249885,-0.004798607,-0.067008406
355594.478,LunarFlyby,-404822.426,45604.555,-564.338,-404196.275,24681.615,2.261,0.453919802,-0.007568462,-0.066934473
355834.478,LunarFlyby,-404713.407,45602.411,-580.394,-404211.065,24449.813,2.268,0.454571559,-0.010280809,-0.066860813
356074.478,LunarFlyby,-404604.233,45599.624,-596.431,-404225.503,24217.992,2.276,0.455206261,-0.012937323,-0.066787459
356314.478,LunarFlyby,-404494.909,45596.206,-612.452,-404239.942,23986.173,2.284,0.455824947,-0.015539622,-0.066714444
356554.478,LunarFlyby,-404385.439,45592.169,-628.454,-404254.202,23754.343,2.292,0.456428593,-0.018089271,-0.066641795
356794.478,LunarFlyby,-404275.825,45587.527,-644.440,-404268.285,23522.505,2.300,0.457018118,-0.020587780,-0.066569535
357034.478,LunarFlyby,-404166.071,45582.291,-660.408,-404282.369,23290.667,2.308,0.457594385,-0.023036611,-0.066497688
357274.478,LunarFlyby,-404056.180,45576.473,-676.359,-404296.098,23058.811,2.317,0.458158209,-0.025437172,-0.066426273
357514.478,LunarFlyby,-403946.156,45570.085,-692.292,-404309.828,22826.956,2.325,0.458710356,-0.027790827,-0.066355308
357754.478,LunarFlyby,-403836.000,45563.137,-708.209,-404323.380,22595.093,2.333,0.459251546,-0.030098892,-0.066284809
357994.478,LunarFlyby,-403725.716,45555.641,-724.109,-404336.755,22363.221,2.341,0.459782460,-0.032362640,-0.066214789
358234.478,LunarFlyby,-403615.306,45547.607,-739.992,-404350.129,22131.349,2.350,0.460303737,-0.034583299,-0.066145261
358474.478,LunarFlyby,-403504.771,45539.045,-755.859,-404363.151,21899.460,2.358,0.460815982,-0.036762059,-0.066076235
358714.478,LunarFlyby,-403394.115,45529.964,-771.709,-404376.173,21667.571,2.367,0.461319762,-0.038900066,-0.066007719
358954.478,LunarFlyby,-403283.338,45520.376,-787.543,-404389.015,21435.675,2.375,0.461815615,-0.040998431,-0.065939723
359194.478,LunarFlyby,-403172.444,45510.288,-803.360,-404401.682,21203.771,2.385,0.462304047,-0.043058227,-0.065872253
359434.478,LunarFlyby,-403061.433,45499.711,-819.161,-404414.348,20971.867,2.394,0.462785535,-0.045080492,-0.065805313
359674.478,LunarFlyby,-402950.307,45488.652,-834.947,-404426.661,20739.948,2.403,0.463260529,-0.047066227,-0.065738909
359914.478,LunarFlyby,-402839.068,45477.122,-850.716,-404438.974,20508.028,2.412,0.463729456,-0.049016403,-0.065673043
360154.478,LunarFlyby,-402727.717,45465.127,-866.470,-404451.109,20276.102,2.422,0.464192716,-0.050931959,-0.065607720
360394.478,LunarFlyby,-402616.256,45452.677,-882.208,-404463.066,20044.168,2.431,0.464650689,-0.052813800,-0.065542940
360634.478,LunarFlyby,-402504.685,45439.779,-897.931,-404475.024,19812.234,2.440,0.465103732,-0.054662806,-0.065478704
360874.478,LunarFlyby,-402393.007,45426.442,-913.638,-404486.629,19580.285,2.450,0.465552185,-0.056479826,-0.065415014
361114.478,LunarFlyby,-402281.221,45412.672,-929.330,-404498.233,19348.337,2.459,0.465996366,-0.058265681,-0.065351869
361354.478,LunarFlyby,-402169.329,45398.477,-945.007,-404509.658,19116.382,2.469,0.466436579,-0.060021167,-0.065289268
361594.478,LunarFlyby,-402057.332,45383.864,-960.669,-404520.909,18884.420,2.478,0.466873108,-0.061747055,-0.065227210
361834.478,LunarFlyby,-401945.230,45368.840,-976.316,-404532.157,18652.458,2.488,0.467306223,-0.063444090,-0.065165695
362074.478,LunarFlyby,-401833.025,45353.413,-991.948,-404543.052,18420.483,2.498,0.467736181,-0.065112994,-0.065104718
362314.478,LunarFlyby,-401720.717,45337.588,-1007.566,-404553.947,18188.507,2.508,0.468163221,-0.066754467,-0.065044279
362554.478,LunarFlyby,-401608.307,45321.373,-1023.170,-404564.665,17956.525,2.518,0.468587573,-0.068369185,-0.064984375
362794.478,LunarFlyby,-401495.795,45304.773,-1038.759,-404575.206,17724.538,2.529,0.469009453,-0.069957805,-0.064925002
363034.478,LunarFlyby,-401383.182,45287.795,-1054.334,-404585.745,17492.550,2.539,0.469429065,-0.071520963,-0.064866157
363274.478,LunarFlyby,-401270.469,45270.445,-1069.894,-404595.932,17260.550,2.549,0.469846602,-0.073059276,-0.064807836
363514.478,LunarFlyby,-401157.656,45252.729,-1085.441,-404606.118,17028.549,2.559,0.470262247,-0.074573340,-0.064750037
363754.478,LunarFlyby,-401044.743,45234.652,-1100.975,-404616.126,16796.544,2.570,0.470676174,-0.076063736,-0.064692754
363994.478,LunarFlyby,-400931.732,45216.220,-1116.494,-404625.959,16564.532,2.581,0.471088547,-0.077531023,-0.064635983
364234.478,LunarFlyby,-400818.621,45197.439,-1132.000,-404635.789,16332.520,2.591,0.471499520,-0.078975748,-0.064579721
364474.478,LunarFlyby,-400705.412,45178.313,-1147.492,-404645.267,16100.496,2.602,0.471909241,-0.080398438,-0.064523962
364714.478,LunarFlyby,-400592.105,45158.849,-1162.971,-404654.744,15868.473,2.613,0.472317849,-0.081799605,-0.064468702
364954.478,LunarFlyby,-400478.699,45139.051,-1178.437,-404664.043,15636.445,2.624,0.472725476,-0.083179748,-0.064413937
365194.478,LunarFlyby,-400365.197,45118.924,-1193.890,-404673.166,15404.411,2.635,0.473132245,-0.084539348,-0.064359661
365434.478,LunarFlyby,-400251.596,45098.474,-1209.330,-404682.289,15172.378,2.645,0.473538276,-0.085878874,-0.064305870
365674.478,LunarFlyby,-400137.898,45077.704,-1224.757,-404691.057,14940.333,2.656,0.473943680,-0.087198781,-0.064252558
365914.478,LunarFlyby,-400024.103,45056.620,-1240.171,-404699.826,14708.290,2.668,0.474348562,-0.088499510,-0.064199720
366154.478,LunarFlyby,-399910.211,45035.226,-1255.573,-404708.415,14476.241,2.679,0.474753025,-0.089781490,-0.064147352
366394.478,LunarFlyby,-399796.222,45013.526,-1270.962,-404716.829,14244.187,2.691,0.475157161,-0.091045137,-0.064095448
366634.478,LunarFlyby,-399682.136,44991.526,-1286.339,-404725.242,14012.133,2.702,0.475561061,-0.092290856,-0.064044003
366874.478,LunarFlyby,-399567.952,44969.228,-1301.703,-404733.301,13780.070,2.713,0.475964811,-0.093519040,-0.063993012
367114.478,LunarFlyby,-399453.672,44946.638,-1317.055,-404741.361,13548.007,2.725,0.476368491,-0.094730072,-0.063942470
367354.478,LunarFlyby,-399339.296,44923.759,-1332.396,-404749.242,13315.941,2.737,0.476772177,-0.095924321,-0.063892371
367594.478,LunarFlyby,-399224.822,44900.596,-1347.724,-404756.947,13083.869,2.749,0.477175941,-0.097102149,-0.063842711
367834.478,LunarFlyby,-399110.251,44877.151,-1363.040,-404764.650,12851.798,2.761,0.477579853,-0.098263907,-0.063793483
368074.478,LunarFlyby,-398995.583,44853.430,-1378.345,-404772.001,12619.717,2.772,0.477983976,-0.099409937,-0.063744683
368314.478,LunarFlyby,-398880.819,44829.436,-1393.638,-404779.351,12387.638,2.784,0.478388372,-0.100540569,-0.063696306
368554.478,LunarFlyby,-398765.957,44805.172,-1408.919,-404786.523,12155.555,2.796,0.478793099,-0.101656126,-0.063648346
368794.478,LunarFlyby,-398650.998,44780.642,-1424.189,-404793.518,11923.468,2.809,0.479198211,-0.102756924,-0.063600798
369034.478,LunarFlyby,-398535.942,44755.850,-1439.447,-404800.512,11691.379,2.821,0.479603762,-0.103843266,-0.063553658
369274.478,LunarFlyby,-398420.788,44730.798,-1454.695,-404807.154,11459.285,2.834,0.480009800,-0.104915451,-0.063506919
369514.478,LunarFlyby,-398305.537,44705.491,-1469.931,-404813.794,11227.190,2.846,0.480416370,-0.105973768,-0.063460578
369754.478,LunarFlyby,-398190.188,44679.932,-1485.156,-404820.257,10995.093,2.859,0.480823518,-0.107018499,-0.063414628
369994.478,LunarFlyby,-398074.742,44654.124,-1500.370,-404826.543,10762.991,2.871,0.481231285,-0.108049917,-0.063369065
370234.478,LunarFlyby,-397959.197,44628.069,-1515.573,-404832.828,10530.890,2.884,0.481639710,-0.109068290,-0.063323884
370474.478,LunarFlyby,-397843.555,44601.772,-1530.765,-404838.760,10298.783,2.897,0.482048830,-0.110073879,-0.063279081
370714.478,LunarFlyby,-397727.814,44575.235,-1545.947,-404844.691,10066.675,2.909,0.482458680,-0.111066935,-0.063234649
370954.478,LunarFlyby,-397611.974,44548.461,-1561.118,-404850.444,9834.565,2.922,0.482869293,-0.112047708,-0.063190584
371194.478,LunarFlyby,-397496.036,44521.453,-1576.278,-404856.021,9602.452,2.935,0.483280700,-0.113016435,-0.063146882
371434.478,LunarFlyby,-397380.000,44494.214,-1591.428,-404861.596,9370.339,2.948,0.483692931,-0.113973353,-0.063103538
371674.478,LunarFlyby,-397263.864,44466.746,-1606.568,-404866.819,9138.220,2.961,0.484106013,-0.114918690,-0.063060547
371914.478,LunarFlyby,-397147.629,44439.054,-1621.698,-404872.041,8906.102,2.975,0.484519973,-0.115852668,-0.063017904
372154.478,LunarFlyby,-397031.294,44411.138,-1636.817,-404877.084,8673.982,2.988,0.484934834,-0.116775504,-0.062975606
372394.478,LunarFlyby,-396914.860,44383.002,-1651.926,-404881.952,8441.859,3.001,0.485350621,-0.117687410,-0.062933646
372634.478,LunarFlyby,-396798.326,44354.649,-1667.025,-404886.818,8209.736,3.015,0.485767356,-0.118588593,-0.062892021
372874.478,LunarFlyby,-396681.691,44326.081,-1682.114,-404891.330,7977.609,3.029,0.486185057,-0.119479253,-0.062850726
373114.478,LunarFlyby,-396564.957,44297.300,-1697.193,-404895.843,7745.482,3.042,0.486603746,-0.120359588,-0.062809758
373354.478,LunarFlyby,-396448.122,44268.309,-1712.263,-404900.177,7513.353,3.056,0.487023439,-0.121229788,-0.062769110
373594.478,LunarFlyby,-396331.185,44239.110,-1727.322,-404904.334,7281.222,3.070,0.487444154,-0.122090041,-0.062728781
373834.478,LunarFlyby,-396214.148,44209.706,-1742.373,-404908.492,7049.092,3.083,0.487865907,-0.122940528,-0.062688764
374074.478,LunarFlyby,-396097.010,44180.100,-1757.413,-404912.295,6816.958,3.097,0.488288713,-0.123781429,-0.062649056
374314.478,LunarFlyby,-395979.770,44150.292,-1772.444,-404916.098,6584.824,3.111,0.488712585,-0.124612917,-0.062609652
374554.478,LunarFlyby,-395862.428,44120.286,-1787.466,-404919.722,6352.689,3.126,0.489137537,-0.125435161,-0.062570549
374794.478,LunarFlyby,-395744.983,44090.084,-1802.478,-404923.171,6120.552,3.140,0.489563580,-0.126248328,-0.062531743
375034.478,LunarFlyby,-395627.437,44059.688,-1817.481,-404926.618,5888.416,3.154,0.489990726,-0.127052578,-0.062493230
375274.478,LunarFlyby,-395509.788,44029.099,-1832.475,-404929.712,5656.277,3.169,0.490418986,-0.127848070,-0.062455005
375514.478,LunarFlyby,-395392.036,43998.321,-1847.459,-404932.804,5424.138,3.183,0.490848369,-0.128634959,-0.062417064
375754.478,LunarFlyby,-395274.181,43967.355,-1862.435,-404935.719,5192.000,3.198,0.491278884,-0.129413394,-0.062379405
375994.478,LunarFlyby,-395156.222,43936.203,-1877.402,-404938.458,4959.859,3.212,0.491710540,-0.130183524,-0.062342023
376234.478,LunarFlyby,-395038.159,43904.868,-1892.359,-404941.196,4727.719,3.227,0.492143344,-0.130945491,-0.062304914
376474.478,LunarFlyby,-394919.993,43873.350,-1907.308,-404943.580,4495.577,3.241,0.492577304,-0.131699438,-0.062268075
376714.478,LunarFlyby,-394801.722,43841.653,-1922.248,-404945.964,4263.436,3.256,0.493012425,-0.132445500,-0.062231502
376954.478,LunarFlyby,-394683.347,43809.777,-1937.179,-404948.169,4031.294,3.271,0.493448715,-0.133183813,-0.062195192
377194.478,LunarFlyby,-394564.867,43777.725,-1952.102,-404950.198,3799.152,3.286,0.493886178,-0.133914508,-0.062159141
377434.478,LunarFlyby,-394446.281,43745.499,-1967.016,-404952.225,3567.010,3.301,0.494324820,-0.134637713,-0.062123345
377607.496,LunarFlyby,-394362.109,43716.250,-1974.383,-404953.432,3399.657,3.312,0.494646118,-0.135286175,-0.062027756
377847.496,LunarFlyby,-394243.341,43683.695,-1989.266,-404955.107,3167.515,3.328,0.495086742,-0.135996969,-0.061992437
378087.496,LunarFlyby,-394124.467,43650.972,-2004.140,-404956.701,2935.373,3.343,0.495528556,-0.136700605,-0.061957364
378327.496,LunarFlyby,-394005.487,43618.080,-2019.005,-404958.021,2703.231,3.358,0.495971563,-0.137397203,-0.061922533
378567.496,LunarFlyby,-393886.400,43585.021,-2033.863,-404959.340,2471.089,3.374,0.496415765,-0.138086877,-0.061887942
378807.496,LunarFlyby,-393767.207,43551.799,-2048.712,-404960.402,2238.949,3.389,0.496861166,-0.138769742,-0.061853587
379047.496,LunarFlyby,-393647.907,43518.413,-2063.552,-404961.367,2006.807,3.405,0.497307768,-0.139445907,-0.061819464
379287.496,LunarFlyby,-393528.499,43484.865,-2078.385,-404962.252,1774.667,3.421,0.497755571,-0.140115481,-0.061785572
379527.496,LunarFlyby,-393408.984,43451.158,-2093.210,-404962.862,1542.528,3.437,0.498204579,-0.140778570,-0.061751905
379767.496,LunarFlyby,-393289.361,43417.292,-2108.026,-404963.471,1310.388,3.452,0.498654792,-0.141435278,-0.061718463
380007.496,LunarFlyby,-393169.630,43383.269,-2122.834,-404963.823,1078.250,3.468,0.499106211,-0.142085706,-0.061685241
380247.496,LunarFlyby,-393049.790,43349.091,-2137.635,-404964.079,846.112,3.484,0.499558836,-0.142729953,-0.061652237
380487.496,LunarFlyby,-392929.841,43314.759,-2152.427,-404964.254,613.976,3.500,0.500012669,-0.143368118,-0.061619448
380727.496,LunarFlyby,-392809.784,43280.275,-2167.212,-404964.153,381.840,3.516,0.500467709,-0.144000296,-0.061586870
380967.496,LunarFlyby,-392689.617,43245.640,-2181.989,-404964.054,149.705,3.532,0.500923956,-0.144626579,-0.061554501
381207.496,LunarFlyby,-392569.340,43210.855,-2196.758,-404963.696,-82.428,3.549,0.501381410,-0.145247059,-0.061522339
381447.496,LunarFlyby,-392448.954,43175.921,-2211.520,-404963.241,-314.560,3.565,0.501840071,-0.145861826,-0.061490380
381687.496,LunarFlyby,-392328.457,43140.841,-2226.274,-404962.707,-546.692,3.581,0.502299937,-0.146470968,-0.061458622
381927.496,LunarFlyby,-392207.850,43105.616,-2241.020,-404961.897,-778.821,3.598,0.502761008,-0.147074569,-0.061427062
382167.496,LunarFlyby,-392087.131,43070.246,-2255.759,-404961.087,-1010.949,3.615,0.503223283,-0.147672716,-0.061395697
382407.496,LunarFlyby,-391966.302,43034.733,-2270.490,-404960.020,-1243.075,3.631,0.503686761,-0.148265490,-0.061364525
382647.496,LunarFlyby,-391845.362,42999.079,-2285.214,-404958.855,-1475.201,3.648,0.504151439,-0.148852971,-0.061333544
382887.496,LunarFlyby,-391724.310,42963.284,-2299.930,-404957.611,-1707.325,3.665,0.504617318,-0.149435240,-0.061302750
383127.496,LunarFlyby,-391603.145,42927.351,-2314.639,-404956.091,-1939.445,3.681,0.505084394,-0.150012374,-0.061272141
383367.496,LunarFlyby,-391481.869,42891.279,-2329.341,-404954.572,-2171.565,3.699,0.505552666,-0.150584448,-0.061241715
383607.496,LunarFlyby,-391360.480,42855.070,-2344.035,-404952.796,-2403.682,3.716,0.506022133,-0.151151539,-0.061211470
383847.496,LunarFlyby,-391238.978,42818.727,-2358.722,-404950.920,-2635.798,3.733,0.506492792,-0.151713718,-0.061181402
384087.496,LunarFlyby,-391117.363,42782.248,-2373.402,-404948.967,-2867.912,3.750,0.506964641,-0.152271058,-0.061151510
384327.496,LunarFlyby,-390995.635,42745.637,-2388.075,-404946.737,-3100.022,3.768,0.507437678,-0.152823628,-0.061121791
384567.496,LunarFlyby,-390873.793,42708.893,-2402.741,-404944.508,-3332.133,3.785,0.507911900,-0.153371499,-0.061092243
384807.496,LunarFlyby,-390751.837,42672.019,-2417.399,-404942.021,-3564.238,3.803,0.508387305,-0.153914737,-0.061062863
385047.496,LunarFlyby,-390629.767,42635.015,-2432.051,-404939.437,-3796.342,3.820,0.508863890,-0.154453410,-0.061033650
385287.496,LunarFlyby,-390507.583,42597.882,-2446.696,-404936.773,-4028.445,3.838,0.509341654,-0.154987581,-0.061004601
385527.496,LunarFlyby,-390385.283,42560.621,-2461.333,-404933.834,-4260.543,3.855,0.509820592,-0.155517316,-0.060975714
385767.496,LunarFlyby,-390262.869,42523.234,-2475.964,-404930.894,-4492.641,3.873,0.510300703,-0.156042676,-0.060946987
386007.496,LunarFlyby,-390140.339,42485.721,-2490.588,-404927.698,-4724.733,3.891,0.510781984,-0.156563723,-0.060918418
386247.496,LunarFlyby,-390017.693,42448.083,-2505.205,-404924.404,-4956.824,3.909,0.511264431,-0.157080518,-0.060890005
386487.496,LunarFlyby,-389894.932,42410.322,-2519.815,-404921.030,-5188.914,3.927,0.511748042,-0.157593120,-0.060861745
386727.496,LunarFlyby,-389772.054,42372.439,-2534.418,-404917.381,-5420.997,3.945,0.512232813,-0.158101586,-0.060833636
386967.496,LunarFlyby,-389649.060,42334.434,-2549.015,-404913.732,-5653.080,3.963,0.512718743,-0.158605975,-0.060805678
387207.496,LunarFlyby,-389525.949,42296.308,-2563.605,-404909.826,-5885.158,3.981,0.513205827,-0.159106342,-0.060777866
387447.496,LunarFlyby,-389402.721,42258.063,-2578.188,-404905.821,-6117.233,4.000,0.513694062,-0.159602741,-0.060750201
387687.496,LunarFlyby,-389279.376,42219.699,-2592.765,-404901.738,-6349.307,4.018,0.514183446,-0.160095228,-0.060722679
387927.496,LunarFlyby,-389155.913,42181.218,-2607.335,-404897.380,-6581.374,4.037,0.514673975,-0.160583854,-0.060695299
388167.496,LunarFlyby,-389032.332,42142.619,-2621.899,-404893.020,-6813.441,4.055,0.515165646,-0.161068673,-0.060668059
388407.496,LunarFlyby,-388908.633,42103.905,-2636.456,-404888.405,-7045.502,4.073,0.515658456,-0.161549735,-0.060640956
388647.496,LunarFlyby,-388784.816,42065.076,-2651.007,-404883.691,-7277.559,4.092,0.516152401,-0.162027090,-0.060613991
388887.496,LunarFlyby,-388660.880,42026.132,-2665.551,-404878.897,-7509.615,4.111,0.516647478,-0.162500788,-0.060587159
389127.496,LunarFlyby,-388536.825,41987.076,-2680.089,-404873.829,-7741.664,4.130,0.517143684,-0.162970877,-0.060560461
389367.496,LunarFlyby,-388412.651,41947.907,-2694.620,-404868.760,-7973.713,4.148,0.517641016,-0.163437405,-0.060533893
389607.496,LunarFlyby,-388288.357,41908.626,-2709.145,-404863.435,-8205.754,4.168,0.518139470,-0.163900418,-0.060507454
389847.496,LunarFlyby,-388163.944,41869.235,-2723.663,-404858.011,-8437.793,4.187,0.518639043,-0.164359963,-0.060481143
390087.496,LunarFlyby,-388039.410,41829.734,-2738.176,-404852.508,-8669.829,4.206,0.519139731,-0.164816084,-0.060454958
390327.496,LunarFlyby,-387914.757,41790.123,-2752.682,-404846.729,-8901.857,4.225,0.519641531,-0.165268826,-0.060428897
390567.496,LunarFlyby,-387789.982,41750.405,-2767.182,-404840.951,-9133.886,4.244,0.520144440,-0.165718232,-0.060402958
390807.496,LunarFlyby,-387665.087,41710.579,-2781.675,-404834.916,-9365.905,4.263,0.520648454,-0.166164346,-0.060377140
391047.496,LunarFlyby,-387540.071,41670.646,-2796.163,-404828.782,-9597.923,4.283,0.521153570,-0.166607209,-0.060351442
391287.496,LunarFlyby,-387414.933,41630.608,-2810.644,-404822.569,-9829.937,4.303,0.521659785,-0.167046862,-0.060325861
391527.496,LunarFlyby,-387289.674,41590.464,-2825.119,-404816.081,-10061.943,4.322,0.522167095,-0.167483347,-0.060300396
391767.496,LunarFlyby,-387164.293,41550.216,-2839.588,-404809.593,-10293.949,4.342,0.522675496,-0.167916704,-0.060275046
392007.496,LunarFlyby,-387038.790,41509.864,-2854.051,-404802.848,-10525.946,4.362,0.523184986,-0.168346971,-0.060249809
392247.496,LunarFlyby,-386913.164,41469.410,-2868.508,-404796.005,-10757.940,4.381,0.523695562,-0.168774187,-0.060224683
392487.496,LunarFlyby,-386787.416,41428.853,-2882.959,-404789.082,-10989.931,4.402,0.524207219,-0.169198391,-0.060199668
392727.496,LunarFlyby,-386661.545,41388.195,-2897.404,-404781.884,-11221.912,4.421,0.524719954,-0.169619619,-0.060174761
392967.496,LunarFlyby,-386535.550,41347.436,-2911.843,-404774.686,-11453.893,4.441,0.525233764,-0.170037909,-0.060149962
393207.496,LunarFlyby,-386409.432,41306.577,-2926.276,-404767.232,-11685.865,4.461,0.525748646,-0.170453296,-0.060125268
393447.496,LunarFlyby,-386283.191,41265.618,-2940.703,-404759.678,-11917.834,4.481,0.526264596,-0.170865816,-0.060100678
393687.496,LunarFlyby,-386156.825,41224.561,-2955.124,-404752.046,-12149.799,4.501,0.526781611,-0.171275504,-0.060076192
393927.496,LunarFlyby,-386030.336,41183.406,-2969.540,-404744.139,-12381.753,4.522,0.527299688,-0.171682395,-0.060051807
394167.496,LunarFlyby,-385903.721,41142.154,-2983.949,-404736.231,-12613.708,4.543,0.527818824,-0.172086522,-0.060027522
394407.496,LunarFlyby,-385776.982,41100.805,-2998.353,-404728.066,-12845.652,4.562,0.528339014,-0.172487919,-0.060003336
394647.496,LunarFlyby,-385650.119,41059.360,-3012.751,-404719.804,-13077.593,4.583,0.528860257,-0.172886617,-0.059979248
394887.496,LunarFlyby,-385523.129,41017.820,-3027.143,-404711.462,-13309.531,4.604,0.529382548,-0.173282651,-0.059955256
395127.496,LunarFlyby,-385396.015,40976.185,-3041.529,-404702.844,-13541.458,4.624,0.529905885,-0.173676050,-0.059931359
395367.496,LunarFlyby,-385268.775,40934.455,-3055.910,-404694.227,-13773.384,4.645,0.530430264,-0.174066847,-0.059907556
395607.496,LunarFlyby,-385141.408,40892.633,-3070.285,-404685.353,-14005.300,4.666,0.530955682,-0.174455072,-0.059883845
395847.496,LunarFlyby,-385013.916,40850.717,-3084.654,-404676.381,-14237.210,4.688,0.531482136,-0.174840755,-0.059860226
396087.496,LunarFlyby,-384886.297,40808.709,-3099.018,-404667.329,-14469.119,4.708,0.532009623,-0.175223927,-0.059836696
396327.496,LunarFlyby,-384758.551,40766.610,-3113.376,-404658.003,-14701.014,4.729,0.532538139,-0.175604615,-0.059813255
396567.496,LunarFlyby,-384630.678,40724.419,-3127.728,-404648.675,-14932.909,4.751,0.533067682,-0.175982850,-0.059789902
396807.496,LunarFlyby,-384502.678,40682.138,-3142.075,-404639.092,-15164.794,4.771,0.533598249,-0.176358659,-0.059766635
397047.496,LunarFlyby,-384374.551,40639.767,-3156.416,-404629.410,-15396.674,4.793,0.534129836,-0.176732071,-0.059743453
397287.496,LunarFlyby,-384246.296,40597.307,-3170.752,-404619.648,-15628.550,4.814,0.534662440,-0.177103112,-0.059720356
397527.496,LunarFlyby,-384117.913,40554.758,-3185.082,-404609.611,-15860.413,4.835,0.535196059,-0.177471811,-0.059697341
397767.496,LunarFlyby,-383989.402,40512.121,-3199.407,-404599.575,-16092.277,4.857,0.535730689,-0.177838193,-0.059674408
398007.496,LunarFlyby,-383860.762,40469.396,-3213.726,-404589.282,-16324.127,4.879,0.536266327,-0.178202285,-0.059651555
398247.496,LunarFlyby,-383731.994,40426.584,-3228.039,-404578.890,-16555.973,4.900,0.536802971,-0.178564112,-0.059628783
398487.496,LunarFlyby,-383603.097,40383.685,-3242.347,-404568.419,-16787.815,4.922,0.537340618,-0.178923701,-0.059606088
398727.496,LunarFlyby,-383474.070,40340.701,-3256.650,-404557.673,-17019.645,4.943,0.537879264,-0.179281076,-0.059583471
398967.496,LunarFlyby,-383344.915,40297.631,-3270.948,-404546.927,-17251.473,4.965,0.538418907,-0.179636262,-0.059560931
399207.496,LunarFlyby,-383215.629,40254.475,-3285.239,-404535.925,-17483.289,4.988,0.538959544,-0.179989283,-0.059538465
399447.496,LunarFlyby,-383086.214,40211.236,-3299.526,-404524.824,-17715.100,5.009,0.539501172,-0.180340163,-0.059516074
399687.496,LunarFlyby,-382956.669,40167.912,-3313.807,-404513.643,-17946.907,5.032,0.540043789,-0.180688926,-0.059493757
399927.496,LunarFlyby,-382826.993,40124.505,-3328.083,-404502.187,-18178.699,5.054,0.540587390,-0.181035595,-0.059471511
400167.496,LunarFlyby,-382697.187,40081.015,-3342.354,-404490.732,-18410.490,5.076,0.541131975,-0.181380193,-0.059449336
400407.496,LunarFlyby,-382567.249,40037.443,-3356.619,-404479.020,-18642.269,5.098,0.541677540,-0.181722742,-0.059427232
400647.496,LunarFlyby,-382437.181,39993.789,-3370.879,-404467.209,-18874.042,5.120,0.542224083,-0.182063266,-0.059405197
400887.496,LunarFlyby,-382306.982,39950.053,-3385.133,-404455.320,-19105.812,5.143,0.542771600,-0.182401784,-0.059383230
401127.496,LunarFlyby,-382176.651,39906.236,-3399.383,-404443.155,-19337.565,5.165,0.543320089,-0.182738320,-0.059361330
401367.496,LunarFlyby,-382046.188,39862.339,-3413.627,-404430.990,-19569.318,5.188,0.543869547,-0.183072894,-0.059339497
401607.496,LunarFlyby,-381915.593,39818.361,-3427.866,-404418.568,-19801.057,5.210,0.544419973,-0.183405528,-0.059317729
401847.496,LunarFlyby,-381784.866,39774.304,-3442.099,-404406.048,-20032.791,5.233,0.544971363,-0.183736242,-0.059296026
402087.496,LunarFlyby,-381654.007,39730.168,-3456.328,-404393.448,-20264.520,5.256,0.545523714,-0.184065056,-0.059274386
402327.496,LunarFlyby,-381523.015,39685.953,-3470.551,-404380.575,-20496.233,5.279,0.546077025,-0.184391991,-0.059252809
402567.496,LunarFlyby,-381391.890,39641.660,-3484.769,-404367.700,-20727.946,5.301,0.546631293,-0.184717066,-0.059231293
402807.496,LunarFlyby,-381260.632,39597.289,-3498.982,-404354.569,-20959.644,5.324,0.547186515,-0.185040301,-0.059209839
403047.496,LunarFlyby,-381129.240,39552.841,-3513.190,-404341.340,-21191.336,5.347,0.547742689,-0.185361715,-0.059188444
403287.496,LunarFlyby,-380997.715,39508.315,-3527.392,-404328.032,-21423.024,5.371,0.548299812,-0.185681326,-0.059167108
403527.496,LunarFlyby,-380866.056,39463.714,-3541.590,-404314.447,-21654.693,5.394,0.548857883,-0.185999155,-0.059145831
403767.496,LunarFlyby,-380734.263,39419.036,-3555.782,-404300.864,-21886.364,5.418,0.549416898,-0.186315219,-0.059124611
404007.496,LunarFlyby,-380602.336,39374.283,-3569.970,-404287.023,-22118.018,5.441,0.549976856,-0.186629535,-0.059103447
404247.496,LunarFlyby,-380470.274,39329.454,-3584.152,-404273.086,-22349.667,5.464,0.550537754,-0.186942123,-0.059082340
404487.496,LunarFlyby,-380338.078,39284.551,-3598.329,-404259.068,-22581.310,5.487,0.551099589,-0.187253000,-0.059061287
404727.496,LunarFlyby,-380205.747,39239.573,-3612.501,-404244.774,-22812.936,5.511,0.551662360,-0.187562183,-0.059040288
404967.496,LunarFlyby,-380073.280,39194.521,-3626.669,-404230.482,-23044.562,5.535,0.552226065,-0.187869690,-0.059019343
405207.496,LunarFlyby,-379940.678,39149.395,-3640.831,-404215.932,-23276.171,5.559,0.552790701,-0.188175537,-0.058998450
405447.496,LunarFlyby,-379807.940,39104.197,-3654.988,-404201.285,-23507.774,5.582,0.553356266,-0.188479741,-0.058977609
405687.496,LunarFlyby,-379675.067,39058.925,-3669.140,-404186.558,-23739.372,5.606,0.553922758,-0.188782318,-0.058956819
405927.496,LunarFlyby,-379542.057,39013.581,-3683.287,-404171.556,-23970.950,5.630,0.554490174,-0.189083286,-0.058936078
406167.496,LunarFlyby,-379408.912,38968.165,-3697.429,-404156.554,-24202.530,5.654,0.555058513,-0.189382659,-0.058915388
406407.496,LunarFlyby,-379275.629,38922.678,-3711.567,-404141.295,-24434.092,5.678,0.555627773,-0.189680454,-0.058894745
406647.496,LunarFlyby,-379142.210,38877.119,-3725.699,-404125.938,-24665.647,5.702,0.556197952,-0.189976686,-0.058874151
406887.496,LunarFlyby,-379008.654,38831.489,-3739.826,-404110.502,-24897.196,5.726,0.556769046,-0.190271371,-0.058853604
407127.496,LunarFlyby,-378874.961,38785.789,-3753.949,-404094.791,-25128.727,5.750,0.557341056,-0.190564524,-0.058833103
407367.496,LunarFlyby,-378741.130,38740.018,-3768.066,-404079.080,-25360.257,5.775,0.557913978,-0.190856159,-0.058812648
407607.496,LunarFlyby,-378607.162,38694.178,-3782.179,-404063.113,-25591.770,5.799,0.558487811,-0.191146293,-0.058792237
407847.496,LunarFlyby,-378473.056,38648.268,-3796.286,-404047.047,-25823.275,5.824,0.559062552,-0.191434938,-0.058771871
408087.496,LunarFlyby,-378338.812,38602.289,-3810.389,-404030.902,-26054.775,5.848,0.559638200,-0.191722110,-0.058751548
408327.496,LunarFlyby,-378204.430,38556.242,-3824.487,-404014.482,-26286.255,5.872,0.560214754,-0.192007823,-0.058731269
408567.496,EarthReturn,-378069.909,38510.126,-3838.580,-403998.062,-26517.736,5.897,0.560792210,-0.192292090,-0.058711031
408807.496,EarthReturn,-377935.249,38463.942,-3852.668,-403981.385,-26749.197,5.922,0.561370568,-0.192574927,-0.058690834
409047.496,EarthReturn,-377800.451,38417.690,-3866.752,-403964.611,-26980.650,5.947,0.561949825,-0.192856346,-0.058670679
409287.496,EarthReturn,-377665.513,38371.371,-3880.830,-403947.757,-27212.098,5.971,0.562529980,-0.193136360,-0.058650563
409527.496,EarthReturn,-377530.436,38324.984,-3894.904,-403930.628,-27443.525,5.997,0.563111031,-0.193414984,-0.058630487
409767.496,EarthReturn,-377395.220,38278.532,-3908.973,-403913.499,-27674.953,6.022,0.563692977,-0.193692229,-0.058610450
410054.566,EarthReturn,-377233.680,38222.662,-3925.608,-403892.685,-27951.744,6.052,0.564360523,-0.194065945,-0.058612698
410294.566,EarthReturn,-377098.163,38176.053,-3939.673,-403875.201,-28183.144,6.077,0.564944426,-0.194340212,-0.058592745
410534.566,EarthReturn,-376962.506,38129.379,-3953.733,-403857.568,-28414.533,6.102,0.565529217,-0.194613142,-0.058572827
410774.566,EarthReturn,-376826.709,38082.639,-3967.788,-403839.731,-28645.905,6.128,0.566114896,-0.194884748,-0.058552946
411014.566,EarthReturn,-376690.771,38035.834,-3981.838,-403821.894,-28877.278,6.153,0.566701460,-0.195155042,-0.058533101
411254.566,EarthReturn,-376554.692,37988.965,-3995.884,-403803.730,-29108.625,6.178,0.567288909,-0.195424036,-0.058513290
411494.566,EarthReturn,-376418.472,37942.031,-4009.924,-403785.537,-29339.969,6.204,0.567877240,-0.195691741,-0.058493513
411734.566,EarthReturn,-376282.111,37895.033,-4023.961,-403767.197,-29571.302,6.229,0.568466453,-0.195958170,-0.058473770
411974.566,EarthReturn,-376145.608,37847.971,-4037.992,-403748.650,-29802.617,6.254,0.569056545,-0.196223335,-0.058454059
412214.566,EarthReturn,-376008.964,37800.846,-4052.018,-403730.104,-30033.933,6.281,0.569647515,-0.196487247,-0.058434381
412454.566,EarthReturn,-375872.177,37753.657,-4066.040,-403711.231,-30265.223,6.306,0.570239362,-0.196749917,-0.058414735
412694.566,EarthReturn,-375735.249,37706.406,-4080.058,-403692.331,-30496.510,6.333,0.570832084,-0.197011356,-0.058395120
412932.529,EarthReturn,-375599.342,37659.494,-4093.951,-403673.445,-30725.821,6.358,0.571420638,-0.197269373,-0.058375701
413172.529,EarthReturn,-375462.130,37612.118,-4107.959,-403654.190,-30957.078,6.383,0.572015100,-0.197528394,-0.058356147
413412.529,EarthReturn,-375324.775,37564.680,-4121.962,-403634.935,-31188.335,6.410,0.572610432,-0.197786219,-0.058336621
413652.529,EarthReturn,-375187.277,37517.181,-4135.961,-403615.358,-31419.565,6.436,0.573206634,-0.198042856,-0.058317125
413892.529,EarthReturn,-375049.635,37469.620,-4149.954,-403595.748,-31650.792,6.462,0.573803705,-0.198298316,-0.058297657
414132.529,EarthReturn,-374911.851,37421.998,-4163.943,-403575.993,-31882.006,6.489,0.574401643,-0.198552611,-0.058278216
414372.529,EarthReturn,-374773.923,37374.315,-4177.928,-403556.029,-32113.203,6.514,0.575000447,-0.198805750,-0.058258803
414612.529,EarthReturn,-374635.851,37326.571,-4191.908,-403536.066,-32344.399,6.541,0.575600115,-0.199057743,-0.058239416
414852.529,EarthReturn,-374497.634,37278.767,-4205.883,-403515.779,-32575.567,6.567,0.576200647,-0.199308601,-0.058220056
415092.529,EarthReturn,-374359.274,37230.903,-4219.853,-403495.462,-32806.734,6.594,0.576802042,-0.199558333,-0.058200721
415332.529,EarthReturn,-374220.769,37182.979,-4233.819,-403474.998,-33037.885,6.621,0.577404297,-0.199806950,-0.058181411
415572.529,EarthReturn,-374082.120,37134.996,-4247.780,-403454.327,-33269.020,6.648,0.578007412,-0.200054460,-0.058162126
415812.529,EarthReturn,-373943.326,37086.953,-4261.737,-403433.655,-33500.153,6.674,0.578611386,-0.200300874,-0.058142864
416052.529,EarthReturn,-373804.386,37038.851,-4275.689,-403412.661,-33731.258,6.701,0.579216218,-0.200546201,-0.058123626
416292.529,EarthReturn,-373665.302,36990.691,-4289.636,-403391.635,-33962.360,6.727,0.579821906,-0.200790451,-0.058104411
416532.529,EarthReturn,-373526.072,36942.472,-4303.579,-403370.463,-34193.448,6.755,0.580428450,-0.201033632,-0.058085219
416772.529,EarthReturn,-373386.696,36894.195,-4317.517,-403349.083,-34424.517,6.781,0.581035848,-0.201275753,-0.058066048
417012.529,EarthReturn,-373247.175,36845.860,-4331.451,-403327.703,-34655.586,6.809,0.581644100,-0.201516824,-0.058046899
417252.529,EarthReturn,-373107.507,36797.467,-4345.380,-403306.001,-34886.624,6.835,0.582253204,-0.201756854,-0.058027771
417492.529,EarthReturn,-372967.693,36749.017,-4359.304,-403284.267,-35117.660,6.862,0.582863159,-0.201995852,-0.058008663
417732.529,EarthReturn,-372827.733,36700.509,-4373.224,-403262.387,-35348.682,6.890,0.583473964,-0.202233825,-0.057989575
417972.529,EarthReturn,-372687.625,36651.944,-4387.139,-403240.299,-35579.684,6.917,0.584085620,-0.202470783,-0.057970506
418212.529,EarthReturn,-372547.371,36603.323,-4401.050,-403218.211,-35810.687,6.944,0.584698123,-0.202706735,-0.057951457
418452.529,EarthReturn,-372406.970,36554.645,-4414.956,-403195.800,-36041.658,6.972,0.585311474,-0.202941687,-0.057932426
418692.529,EarthReturn,-372266.422,36505.911,-4428.857,-403173.358,-36272.626,7.000,0.585925672,-0.203175650,-0.057913413
418917.577,EarthReturn,-372134.528,36460.225,-4441.912,-403152.191,-36489.193,7.025,0.586497480,-0.203396664,-0.057904836
419157.577,EarthReturn,-371993.695,36411.382,-4455.807,-403129.395,-36720.126,7.053,0.587113316,-0.203628731,-0.057885857
419397.577,EarthReturn,-371852.713,36362.483,-4469.697,-403106.599,-36951.060,7.081,0.587729996,-0.203859833,-0.057866894
419637.577,EarthReturn,-371711.584,36313.529,-4483.583,-403083.503,-37181.963,7.108,0.588347520,-0.204089976,-0.057847947
419877.577,EarthReturn,-371570.307,36264.520,-4497.464,-403060.352,-37412.862,7.136,0.588965886,-0.204319169,-0.057829016
420117.577,EarthReturn,-371428.880,36215.456,-4511.341,-403037.079,-37643.748,7.164,0.589585094,-0.204547419,-0.057810101
420357.577,EarthReturn,-371287.306,36166.338,-4525.213,-403013.575,-37874.610,7.192,0.590205143,-0.204774734,-0.057791200
420597.577,EarthReturn,-371145.582,36117.165,-4539.081,-402990.071,-38105.474,7.220,0.590826032,-0.205001121,-0.057772313
420837.577,EarthReturn,-371003.709,36067.937,-4552.944,-402966.268,-38336.305,7.248,0.591447760,-0.205226589,-0.057753441
421077.577,EarthReturn,-370861.687,36018.656,-4566.802,-402942.409,-38567.132,7.276,0.592070328,-0.205451144,-0.057734582
421317.577,EarthReturn,-370719.515,35969.321,-4580.656,-402918.428,-38797.946,7.304,0.592693733,-0.205674793,-0.057715736
421557.577,EarthReturn,-370577.194,35919.932,-4594.506,-402894.217,-39028.736,7.333,0.593317976,-0.205897545,-0.057696902
421797.577,EarthReturn,-370434.723,35870.490,-4608.351,-402870.006,-39259.525,7.361,0.593943056,-0.206119406,-0.057678081
422037.577,EarthReturn,-370292.101,35820.995,-4622.191,-402845.493,-39490.284,7.389,0.594568972,-0.206340383,-0.057659272
422277.577,EarthReturn,-370149.329,35771.447,-4636.027,-402820.928,-39721.037,7.418,0.595195723,-0.206560483,-0.057640474
422517.577,EarthReturn,-370006.407,35721.846,-4649.859,-402796.240,-39951.777,7.447,0.595823310,-0.206779714,-0.057621686
422757.577,EarthReturn,-369863.334,35672.192,-4663.686,-402771.321,-40182.492,7.475,0.596451731,-0.206998081,-0.057602910
422997.577,EarthReturn,-369720.110,35622.487,-4677.508,-402746.402,-40413.207,7.504,0.597080985,-0.207215593,-0.057584143
423237.577,EarthReturn,-369576.735,35572.729,-4691.326,-402721.182,-40643.890,7.532,0.597711073,-0.207432254,-0.057565386
423477.577,EarthReturn,-369433.209,35522.919,-4705.140,-402695.910,-40874.567,7.562,0.598341994,-0.207648073,-0.057546639
423717.577,EarthReturn,-369289.531,35473.058,-4718.949,-402670.514,-41105.231,7.590,0.598973747,-0.207863055,-0.057527900
423957.577,EarthReturn,-369145.701,35423.145,-4732.753,-402644.888,-41335.869,7.619,0.599606332,-0.208077208,-0.057509170
424197.577,EarthReturn,-369001.720,35373.181,-4746.553,-402619.262,-41566.507,7.648,0.600239748,-0.208290537,-0.057490447
424437.577,EarthReturn,-368857.586,35323.166,-4760.348,-402593.335,-41797.112,7.677,0.600873994,-0.208503049,-0.057471733
424677.577,EarthReturn,-368713.300,35273.100,-4774.139,-402567.355,-42027.711,7.706,0.601509071,-0.208714750,-0.057453025
424917.577,EarthReturn,-368568.862,35222.983,-4787.926,-402541.251,-42258.296,7.735,0.602144978,-0.208925646,-0.057434325
425157.577,EarthReturn,-368424.271,35172.815,-4801.708,-402514.918,-42488.856,7.765,0.602781715,-0.209135743,-0.057415631
425397.577,EarthReturn,-368279.526,35122.598,-4815.485,-402488.585,-42719.416,7.794,0.603419281,-0.209345048,-0.057396943
425637.577,EarthReturn,-368134.629,35072.330,-4829.258,-402461.951,-42949.942,7.823,0.604057675,-0.209553567,-0.057378261
425877.577,EarthReturn,-367989.579,35022.012,-4843.027,-402435.264,-43180.461,7.853,0.604696898,-0.209761305,-0.057359584
426117.577,EarthReturn,-367844.375,34971.644,-4856.791,-402408.454,-43410.966,7.882,0.605336949,-0.209968268,-0.057340912
426357.577,EarthReturn,-367699.017,34921.227,-4870.551,-402381.413,-43641.445,7.911,0.605977828,-0.210174462,-0.057322245
426597.577,EarthReturn,-367553.505,34870.761,-4884.306,-402354.372,-43871.924,7.942,0.606619534,-0.210379893,-0.057303581
426837.577,EarthReturn,-367407.839,34820.245,-4898.056,-402327.031,-44102.367,7.971,0.607262067,-0.210584567,-0.057284922
427077.577,EarthReturn,-367262.019,34769.680,-4911.802,-402299.638,-44332.805,8.001,0.607905427,-0.210788488,-0.057266266
427317.577,EarthReturn,-367116.045,34719.067,-4925.544,-402272.120,-44563.228,8.030,0.608549614,-0.210991664,-0.057247613
427557.577,EarthReturn,-366969.916,34668.404,-4939.281,-402244.374,-44793.624,8.060,0.609194627,-0.211194098,-0.057228963
427797.577,EarthReturn,-366823.631,34617.694,-4953.014,-402216.625,-45024.020,8.090,0.609840466,-0.211395797,-0.057210316
428037.577,EarthReturn,-366677.192,34566.934,-4966.742,-402188.579,-45254.380,8.120,0.610487131,-0.211596767,-0.057191670
428099.895,EarthReturn,-366639.142,34553.747,-4970.306,-402181.281,-45314.193,8.128,0.610655178,-0.211648831,-0.057186829
428358.120,EarthReturn,-366481.363,34499.164,-4985.145,-402151.047,-45562.039,8.160,0.611364206,-0.211469457,-0.057466379
428598.120,EarthReturn,-366334.558,34448.387,-4998.935,-402122.704,-45792.364,8.190,0.612012800,-0.211668741,-0.057447736
428838.120,EarthReturn,-366187.597,34397.563,-5012.720,-402094.250,-46022.675,8.221,0.612662219,-0.211867314,-0.057429094
429078.120,EarthReturn,-366040.480,34346.691,-5026.501,-402065.731,-46252.978,8.251,0.613312463,-0.212065178,-0.057410452
429318.120,EarthReturn,-365893.207,34295.772,-5040.277,-402036.924,-46483.245,8.282,0.613963532,-0.212262341,-0.057391810
429558.120,EarthReturn,-365745.778,34244.805,-5054.049,-402008.116,-46713.513,8.312,0.614615426,-0.212458806,-0.057373167
429798.120,EarthReturn,-365598.191,34193.792,-5067.816,-401979.067,-46943.752,8.343,0.615268146,-0.212654579,-0.057354524
430038.120,EarthReturn,-365450.449,34142.731,-5081.579,-401949.907,-47173.976,8.372,0.615921690,-0.212849665,-0.057335879
430278.120,EarthReturn,-365302.549,34091.624,-5095.337,-401920.680,-47404.192,8.403,0.616576059,-0.213044069,-0.057317233
430518.120,EarthReturn,-365154.492,34040.470,-5109.091,-401891.167,-47634.372,8.434,0.617231252,-0.213237795,-0.057298585
430758.120,EarthReturn,-365006.278,33989.270,-5122.841,-401861.653,-47864.552,8.465,0.617887271,-0.213430848,-0.057279935
430998.120,EarthReturn,-364857.906,33938.023,-5136.586,-401831.897,-48094.701,8.496,0.618544114,-0.213623233,-0.057261282
431238.120,EarthReturn,-364709.377,33886.731,-5150.326,-401802.030,-48324.837,8.526,0.619201781,-0.213814954,-0.057242627
431478.120,EarthReturn,-364560.689,33835.392,-5164.062,-401772.099,-48554.964,8.557,0.619860273,-0.214006017,-0.057223968
431718.120,EarthReturn,-364411.844,33784.008,-5177.794,-401741.878,-48785.054,8.588,0.620519590,-0.214196426,-0.057205306
431958.120,EarthReturn,-364262.840,33732.578,-5191.521,-401711.659,-49015.144,8.619,0.621179731,-0.214386185,-0.057186640
432198.120,EarthReturn,-364113.677,33681.103,-5205.243,-401681.197,-49245.203,8.650,0.621840697,-0.214575300,-0.057167970
432438.120,EarthReturn,-363964.356,33629.582,-5218.961,-401650.624,-49475.248,8.681,0.622502488,-0.214763773,-0.057149295
432678.120,EarthReturn,-363814.876,33578.016,-5232.675,-401619.986,-49705.283,8.712,0.623165104,-0.214951611,-0.057130616
432918.120,EarthReturn,-363665.237,33526.405,-5246.384,-401589.060,-49935.281,8.743,0.623828544,-0.215138816,-0.057111931
433158.120,EarthReturn,-363515.438,33474.749,-5260.089,-401558.134,-50165.280,8.775,0.624492810,-0.215325394,-0.057093241
433398.120,EarthReturn,-363365.480,33423.049,-5273.789,-401526.965,-50395.246,8.806,0.625157900,-0.215511349,-0.057074546
433638.120,EarthReturn,-363215.362,33371.304,-5287.484,-401495.687,-50625.198,8.838,0.625823816,-0.215696685,-0.057055844
433878.120,EarthReturn,-363065.085,33319.515,-5301.176,-401464.343,-50855.140,8.869,0.626490557,-0.215881406,-0.057037135
434118.120,EarthReturn,-362914.647,33267.681,-5314.862,-401432.711,-51085.045,8.900,0.627158124,-0.216065516,-0.057018420
434358.120,EarthReturn,-362764.049,33215.803,-5328.544,-401401.079,-51314.949,8.932,0.627826516,-0.216249020,-0.056999698
434598.120,EarthReturn,-362613.290,33163.882,-5342.222,-401369.205,-51544.821,8.963,0.628495735,-0.216431921,-0.056980969
434838.120,EarthReturn,-362462.371,33111.916,-5355.895,-401337.221,-51774.678,8.996,0.629165779,-0.216614224,-0.056962232
435078.120,EarthReturn,-362311.291,33059.907,-5369.564,-401305.171,-52004.526,9.027,0.629836649,-0.216795933,-0.056943487
435318.120,EarthReturn,-362160.049,33007.854,-5383.228,-401272.834,-52234.334,9.059,0.630508347,-0.216977051,-0.056924734
435558.120,EarthReturn,-362008.646,32955.758,-5396.888,-401240.496,-52464.143,9.091,0.631180870,-0.217157582,-0.056905972
435798.120,EarthReturn,-361857.082,32903.618,-5410.543,-401207.916,-52693.918,9.123,0.631854221,-0.217337530,-0.056887202
436038.120,EarthReturn,-361705.356,32851.436,-5424.194,-401175.227,-52923.678,9.155,0.632528399,-0.217516900,-0.056868422
436278.120,EarthReturn,-361553.469,32799.210,-5437.840,-401142.471,-53153.428,9.187,0.633203404,-0.217695695,-0.056849633
436518.120,EarthReturn,-361401.419,32746.942,-5451.482,-401109.428,-53383.139,9.219,0.633879238,-0.217873918,-0.056830834
436758.120,EarthReturn,-361249.206,32694.631,-5465.119,-401076.386,-53612.849,9.252,0.634555899,-0.218051574,-0.056812025
436998.120,EarthReturn,-361096.832,32642.277,-5478.751,-401043.101,-53842.526,9.284,0.635233389,-0.218228665,-0.056793205
437238.120,EarthReturn,-360944.294,32589.881,-5492.379,-401009.706,-54072.188,9.316,0.635911707,-0.218405197,-0.056774375
437478.120,EarthReturn,-360791.594,32537.443,-5506.003,-400976.245,-54301.839,9.349,0.636590855,-0.218581171,-0.056755534
437718.120,EarthReturn,-360638.731,32484.962,-5519.622,-400942.497,-54531.450,9.381,0.637270832,-0.218756593,-0.056736682
437958.120,EarthReturn,-360485.704,32432.440,-5533.237,-400908.748,-54761.061,9.413,0.637951638,-0.218931465,-0.056717818
438198.120,EarthReturn,-360332.514,32379.875,-5546.847,-400874.759,-54990.636,9.446,0.638633275,-0.219105791,-0.056698942
438438.120,EarthReturn,-360179.160,32327.269,-5560.452,-400840.658,-55220.196,9.478,0.639315743,-0.219279574,-0.056680055
438678.120,EarthReturn,-360025.642,32274.621,-5574.053,-400806.493,-55449.747,9.511,0.639999041,-0.219452818,-0.056661155
438918.120,EarthReturn,-359871.960,32221.932,-5587.650,-400772.040,-55679.256,9.544,0.640683171,-0.219625527,-0.056642242
439158.120,EarthReturn,-359718.114,32169.201,-5601.241,-400737.587,-55908.764,9.577,0.641368132,-0.219797703,-0.056623316
439398.120,EarthReturn,-359564.104,32116.429,-5614.829,-400702.892,-56138.238,9.610,0.642053926,-0.219969350,-0.056604377
439638.120,EarthReturn,-359409.928,32063.616,-5628.411,-400668.086,-56367.695,9.642,0.642740553,-0.220140472,-0.056585425
439878.120,EarthReturn,-359255.588,32010.761,-5641.990,-400633.216,-56597.143,9.676,0.643428012,-0.220311071,-0.056566458
440118.120,EarthReturn,-359101.083,31957.866,-5655.563,-400598.058,-56826.548,9.708,0.644116305,-0.220481150,-0.056547478
440358.120,EarthReturn,-358946.412,31904.930,-5669.132,-400562.900,-57055.952,9.741,0.644805433,-0.220650714,-0.056528483
440598.120,EarthReturn,-358791.576,31851.954,-5682.697,-400527.501,-57285.321,9.775,0.645495395,-0.220819765,-0.056509473
440838.120,EarthReturn,-358636.574,31798.937,-5696.257,-400491.990,-57514.673,9.807,0.646186192,-0.220988307,-0.056490449
441078.120,EarthReturn,-358481.407,31745.880,-5709.812,-400456.415,-57744.016,9.841,0.646877824,-0.221156342,-0.056471409
441318.120,EarthReturn,-358326.073,31692.782,-5723.363,-400420.553,-57973.315,9.874,0.647570293,-0.221323873,-0.056452354
441558.120,EarthReturn,-358170.573,31639.644,-5736.910,-400384.691,-58202.614,9.907,0.648263599,-0.221490904,-0.056433283
441798.120,EarthReturn,-358014.906,31586.466,-5750.451,-400348.587,-58431.876,9.941,0.648957742,-0.221657438,-0.056414196
442038.120,EarthReturn,-357859.073,31533.249,-5763.988,-400312.372,-58661.121,9.975,0.649652723,-0.221823478,-0.056395093
442278.120,EarthReturn,-357703.073,31479.991,-5777.521,-400276.092,-58890.356,10.008,0.650348542,-0.221989026,-0.056375973
442518.120,EarthReturn,-357546.906,31426.694,-5791.049,-400239.526,-59119.548,10.042,0.651045200,-0.222154086,-0.056356836
442758.120,EarthReturn,-357390.571,31373.357,-5804.572,-400202.959,-59348.738,10.075,0.651742698,-0.222318661,-0.056337682
442998.120,EarthReturn,-357234.069,31319.981,-5818.091,-400166.150,-59577.892,10.109,0.652441037,-0.222482753,-0.056318511
443238.120,EarthReturn,-357077.399,31266.566,-5831.605,-400129.232,-59807.028,10.143,0.653140216,-0.222646365,-0.056299322
443478.120,EarthReturn,-356920.562,31213.111,-5845.115,-400092.248,-60036.155,10.176,0.653840237,-0.222809500,-0.056280115
443718.120,EarthReturn,-356763.556,31159.617,-5858.620,-400054.977,-60265.235,10.211,0.654541100,-0.222972162,-0.056260890
443958.120,EarthReturn,-356606.382,31106.084,-5872.120,-400017.707,-60494.316,10.245,0.655242806,-0.223134352,-0.056241647
444198.120,EarthReturn,-356449.039,31052.513,-5885.616,-399980.194,-60723.360,10.278,0.655945355,-0.223296074,-0.056222384
444438.120,EarthReturn,-356291.528,30998.902,-5899.107,-399942.571,-60952.385,10.312,0.656648749,-0.223457330,-0.056203103
444626.626,EarthReturn,-356167.689,30954.216,-5912.663,-399913.021,-61132.271,10.339,0.657214979,-0.223638888,-0.056275264
444866.626,EarthReturn,-356009.873,30900.523,-5926.166,-399875.057,-61361.242,10.374,0.657919880,-0.223799318,-0.056255939
445106.626,EarthReturn,-355851.887,30846.792,-5939.665,-399837.083,-61590.211,10.408,0.658625627,-0.223959289,-0.056236593
445346.626,EarthReturn,-355693.732,30793.023,-5953.160,-399798.943,-61819.154,10.442,0.659332221,-0.224118805,-0.056217227
445586.626,EarthReturn,-355535.408,30739.215,-5966.650,-399760.616,-62048.066,10.476,0.660039663,-0.224277867,-0.056197841
445826.626,EarthReturn,-355376.913,30685.369,-5980.135,-399722.289,-62276.978,10.511,0.660747954,-0.224436479,-0.056178435
446066.626,EarthReturn,-355218.249,30631.485,-5993.615,-399683.621,-62505.836,10.545,0.661457094,-0.224594644,-0.056159007
446306.626,EarthReturn,-355059.414,30577.564,-6007.091,-399644.943,-62734.691,10.580,0.662167084,-0.224752363,-0.056139559
446546.626,EarthReturn,-354900.408,30523.604,-6020.562,-399606.099,-62963.519,10.614,0.662877925,-0.224909639,-0.056120089
446786.626,EarthReturn,-354741.232,30469.607,-6034.029,-399567.069,-63192.317,10.648,0.663589618,-0.225066475,-0.056100597
447026.626,EarthReturn,-354581.885,30415.573,-6047.491,-399528.039,-63421.114,10.683,0.664302163,-0.225222873,-0.056081084
447266.626,EarthReturn,-354422.367,30361.500,-6060.948,-399488.668,-63649.855,10.718,0.665015561,-0.225378835,-0.056061548
447506.626,EarthReturn,-354262.678,30307.391,-6074.400,-399449.287,-63878.595,10.753,0.665729814,-0.225534365,-0.056041990
447746.626,EarthReturn,-354102.817,30253.244,-6087.848,-399409.740,-64107.306,10.788,0.666444921,-0.225689464,-0.056022410
447986.626,EarthReturn,-353942.784,30199.060,-6101.291,-399370.006,-64335.987,10.823,0.667160884,-0.225844135,-0.056002806
448226.626,EarthReturn,-353782.580,30144.839,-6114.729,-399330.273,-64564.668,10.857,0.667877705,-0.225998381,-0.055983180
448466.626,EarthReturn,-353622.203,30090.581,-6128.163,-399290.199,-64793.291,10.893,0.668595382,-0.226152203,-0.055963530
448746.845,EarthReturn,-353434.732,30027.183,-6143.842,-399243.397,-65060.224,10.934,0.669434414,-0.226331269,-0.055940557
448986.845,EarthReturn,-353273.982,29972.845,-6157.265,-399203.088,-65288.807,10.968,0.670153954,-0.226484181,-0.055920855
449226.845,EarthReturn,-353113.058,29918.471,-6170.684,-399162.652,-65517.369,11.004,0.670874354,-0.226636677,-0.055901129
449466.845,EarthReturn,-352951.962,29864.060,-6184.098,-399122.167,-65745.922,11.039,0.671595616,-0.226788759,-0.055881379
449706.845,EarthReturn,-352790.692,29809.612,-6197.507,-399081.380,-65974.423,11.074,0.672317740,-0.226940429,-0.055861604
449946.845,EarthReturn,-352629.249,29755.129,-6210.911,-399040.592,-66202.925,11.109,0.673040728,-0.227091690,-0.055841804
450186.845,EarthReturn,-352467.633,29700.608,-6224.311,-398999.581,-66431.388,11.145,0.673764579,-0.227242543,-0.055821979
450426.845,EarthReturn,-352305.842,29646.052,-6237.706,-398958.441,-66659.828,11.180,0.674489296,-0.227392992,-0.055802128
450666.845,EarthReturn,-352143.878,29591.460,-6251.096,-398917.255,-66888.261,11.216,0.675214879,-0.227543037,-0.055782251
450906.845,EarthReturn,-351981.739,29536.832,-6264.481,-398875.765,-67116.641,11.251,0.675941330,-0.227692682,-0.055762349
451146.845,EarthReturn,-351819.426,29482.167,-6277.862,-398834.275,-67345.020,11.287,0.676668648,-0.227841928,-0.055742420
451386.845,EarthReturn,-351656.938,29427.467,-6291.238,-398792.560,-67573.360,11.323,0.677396836,-0.227990778,-0.055722465
451626.845,EarthReturn,-351494.275,29372.732,-6304.609,-398750.719,-67801.678,11.358,0.678125894,-0.228139232,-0.055702484
451866.845,EarthReturn,-351331.437,29317.961,-6317.975,-398708.829,-68029.987,11.393,0.678855824,-0.228287295,-0.055682475
452106.845,EarthReturn,-351168.424,29263.154,-6331.336,-398666.637,-68258.242,11.430,0.679586625,-0.228434967,-0.055662439
452346.845,EarthReturn,-351005.236,29208.312,-6344.693,-398624.444,-68486.498,11.466,0.680318301,-0.228582251,-0.055642375
452586.845,EarthReturn,-350841.872,29153.435,-6358.044,-398582.028,-68714.714,11.501,0.681050850,-0.228729148,-0.055622284
452826.845,EarthReturn,-350678.331,29098.522,-6371.391,-398539.485,-68942.907,11.537,0.681784276,-0.228875661,-0.055602165
453066.845,EarthReturn,-350514.615,29043.574,-6384.733,-398496.893,-69171.091,11.573,0.682518578,-0.229021791,-0.055582018
453306.845,EarthReturn,-350350.722,28988.591,-6398.071,-398453.999,-69399.220,11.610,0.683253758,-0.229167541,-0.055561842
453546.845,EarthReturn,-350186.653,28933.574,-6411.403,-398411.104,-69627.349,11.646,0.683989816,-0.229312913,-0.055541638
453786.845,EarthReturn,-350022.407,28878.521,-6424.731,-398367.987,-69855.438,11.681,0.684726755,-0.229457907,-0.055521405
454026.845,EarthReturn,-349857.984,28823.434,-6438.053,-398324.741,-70083.504,11.718,0.685464575,-0.229602527,-0.055501142
454266.845,EarthReturn,-349693.384,28768.312,-6451.371,-398281.447,-70311.562,11.755,0.686203277,-0.229746774,-0.055480850
454506.845,EarthReturn,-349528.607,28713.156,-6464.684,-398237.852,-70539.563,11.790,0.686942863,-0.229890651,-0.055460529
454746.845,EarthReturn,-349363.651,28657.965,-6477.992,-398194.255,-70767.565,11.827,0.687683333,-0.230034158,-0.055440177
454986.845,EarthReturn,-349198.519,28602.739,-6491.296,-398150.435,-70995.525,11.863,0.688424689,-0.230177297,-0.055419795
455226.845,EarthReturn,-349033.208,28547.480,-6504.594,-398106.489,-71223.461,11.900,0.689166932,-0.230320071,-0.055399383
455466.845,EarthReturn,-348867.718,28492.186,-6517.887,-398062.493,-71451.389,11.936,0.689910064,-0.230462482,-0.055378941
455706.845,EarthReturn,-348702.051,28436.858,-6531.176,-398018.196,-71679.261,11.973,0.690654085,-0.230604530,-0.055358467
455946.845,EarthReturn,-348536.204,28381.496,-6544.459,-397973.898,-71907.133,12.009,0.691398996,-0.230746218,-0.055337962
456186.845,EarthReturn,-348370.179,28326.099,-6557.738,-397929.378,-72134.963,12.046,0.692144799,-0.230887548,-0.055317426
456426.845,EarthReturn,-348203.975,28270.670,-6571.012,-397884.729,-72362.769,12.084,0.692891496,-0.231028521,-0.055296859
456666.845,EarthReturn,-348037.591,28215.206,-6584.280,-397840.033,-72590.566,12.120,0.693639086,-0.231169140,-0.055276259
456906.845,EarthReturn,-347871.028,28159.708,-6597.544,-397795.034,-72818.305,12.157,0.694387573,-0.231309405,-0.055255628
457146.845,EarthReturn,-347704.285,28104.177,-6610.803,-397750.035,-73046.045,12.193,0.695136956,-0.231449318,-0.055234964
457386.845,EarthReturn,-347537.362,28048.613,-6624.057,-397704.813,-73273.742,12.230,0.695887238,-0.231588881,-0.055214267
457626.845,EarthReturn,-347370.259,27993.015,-6637.306,-397659.463,-73501.415,12.268,0.696638419,-0.231728097,-0.055193538
457866.845,EarthReturn,-347202.976,27937.383,-6650.550,-397614.066,-73729.079,12.305,0.697390501,-0.231866965,-0.055172775
458106.845,EarthReturn,-347035.512,27881.719,-6663.789,-397568.367,-73956.685,12.343,0.698143484,-0.232005489,-0.055151979
458346.845,EarthReturn,-346867.867,27826.021,-6677.023,-397522.668,-74184.290,12.379,0.698897372,-0.232143669,-0.055131150
458586.845,EarthReturn,-346700.041,27770.290,-6690.252,-397476.745,-74411.853,12.416,0.699652164,-0.232281507,-0.055110287
458826.845,EarthReturn,-346532.034,27714.526,-6703.476,-397430.695,-74639.391,12.453,0.700407862,-0.232419005,-0.055089390
459066.845,EarthReturn,-346363.845,27658.729,-6716.695,-397384.597,-74866.919,12.491,0.701164468,-0.232556165,-0.055068458
459306.845,EarthReturn,-346195.474,27602.899,-6729.909,-397338.197,-75094.389,12.529,0.701921983,-0.232692988,-0.055047493
459546.845,EarthReturn,-346026.922,27547.036,-6743.118,-397291.797,-75321.859,12.566,0.702680408,-0.232829475,-0.055026492
459786.845,EarthReturn,-345858.188,27491.141,-6756.321,-397245.174,-75549.285,12.603,0.703439745,-0.232965628,-0.055005456
460026.845,EarthReturn,-345689.271,27435.212,-6769.520,-397198.423,-75776.686,12.641,0.704199994,-0.233101448,-0.054984385
460266.845,EarthReturn,-345520.172,27379.252,-6782.714,-397151.625,-76004.078,12.679,0.704961159,-0.233236938,-0.054963279
460506.845,EarthReturn,-345350.890,27323.259,-6795.903,-397104.524,-76231.410,12.716,0.705723239,-0.233372098,-0.054942137
460746.845,EarthReturn,-345181.425,27267.233,-6809.086,-397057.424,-76458.742,12.754,0.706486236,-0.233506930,-0.054920959
460986.845,EarthReturn,-345011.776,27211.175,-6822.265,-397010.101,-76686.029,12.792,0.707250152,-0.233641435,-0.054899745
461226.845,EarthReturn,-344841.944,27155.085,-6835.438,-396962.651,-76913.292,12.829,0.708014989,-0.233775615,-0.054878494
461466.845,EarthReturn,-344671.929,27098.963,-6848.606,-396915.151,-77140.544,12.867,0.708780747,-0.233909472,-0.054857207
461706.845,EarthReturn,-344501.730,27042.809,-6861.769,-396867.351,-77367.736,12.905,0.709547428,-0.234043007,-0.054835882
461946.845,EarthReturn,-344331.346,26986.623,-6874.928,-396819.551,-77594.928,12.943,0.710315034,-0.234176220,-0.054814521
462186.845,EarthReturn,-344160.778,26930.404,-6888.080,-396771.528,-77822.075,12.980,0.711083566,-0.234309114,-0.054793122
462426.845,EarthReturn,-343990.026,26874.154,-6901.228,-396723.378,-78049.196,13.019,0.711853026,-0.234441690,-0.054771686
462666.845,EarthReturn,-343819.089,26817.872,-6914.371,-396675.180,-78276.307,13.058,0.712623415,-0.234573949,-0.054750211
462906.845,EarthReturn,-343647.967,26761.559,-6927.508,-396626.680,-78503.357,13.095,0.713394735,-0.234705893,-0.054728699
463146.845,EarthReturn,-343476.659,26705.214,-6940.641,-396578.180,-78730.407,13.133,0.714166987,-0.234837523,-0.054707148
463386.845,EarthReturn,-343305.166,26648.837,-6953.768,-396529.457,-78957.412,13.171,0.714940173,-0.234968841,-0.054685558
463626.845,EarthReturn,-343133.488,26592.429,-6966.890,-396480.608,-79184.389,13.210,0.715714294,-0.235099847,-0.054663930
463866.845,EarthReturn,-342961.623,26535.989,-6980.006,-396431.709,-79411.358,13.248,0.716489352,-0.235230543,-0.054642263
464106.845,EarthReturn,-342789.573,26479.518,-6993.118,-396382.511,-79638.264,13.287,0.717265349,-0.235360930,-0.054620556
464346.845,EarthReturn,-342617.336,26423.016,-7006.224,-396333.312,-79865.170,13.325,0.718042286,-0.235491010,-0.054598809
464586.845,EarthReturn,-342444.912,26366.482,-7019.325,-396283.890,-80092.029,13.364,0.718820165,-0.235620783,-0.054577023
464826.845,EarthReturn,-342272.302,26309.918,-7032.421,-396234.341,-80318.863,13.402,0.719598987,-0.235750252,-0.054555197
465066.845,EarthReturn,-342099.505,26253.322,-7045.512,-396184.744,-80545.687,13.440,0.720378754,-0.235879417,-0.054533331
465306.845,EarthReturn,-341926.520,26196.696,-7058.597,-396134.847,-80772.446,13.479,0.721159467,-0.236008279,-0.054511424
465546.845,EarthReturn,-341753.348,26140.038,-7071.677,-396084.949,-80999.206,13.518,0.721941129,-0.236136841,-0.054489476
465786.845,EarthReturn,-341579.989,26083.350,-7084.752,-396034.827,-81225.919,13.557,0.722723741,-0.236265102,-0.054467487
466026.845,EarthReturn,-341406.441,26026.631,-7097.822,-395984.580,-81452.606,13.595,0.723507305,-0.236393065,-0.054445457
466266.845,EarthReturn,-341232.705,25969.881,-7110.886,-395934.284,-81679.282,13.634,0.724291822,-0.236520730,-0.054423385
466506.845,EarthReturn,-341058.781,25913.101,-7123.945,-395883.688,-81905.895,13.673,0.725077294,-0.236648098,-0.054401272
466746.845,EarthReturn,-340884.668,25856.290,-7136.999,-395833.091,-82132.506,13.712,0.725863722,-0.236775172,-0.054379116
466986.845,EarthReturn,-340710.366,25799.449,-7150.047,-395782.271,-82359.071,13.751,0.726651109,-0.236901951,-0.054356919
467226.845,EarthReturn,-340535.875,25742.577,-7163.090,-395731.326,-82585.608,13.790,0.727439456,-0.237028438,-0.054334679
467466.845,EarthReturn,-340361.195,25685.675,-7176.128,-395680.332,-82812.136,13.829,0.728228765,-0.237154633,-0.054312396
467706.845,EarthReturn,-340186.325,25628.743,-7189.160,-395629.037,-83038.598,13.868,0.729019038,-0.237280537,-0.054290070
467946.845,EarthReturn,-340011.266,25571.781,-7202.187,-395577.742,-83265.060,13.908,0.729810276,-0.237406151,-0.054267701
468186.845,EarthReturn,-339836.016,25514.788,-7215.208,-395526.225,-83491.475,13.947,0.730602481,-0.237531478,-0.054245288
468426.845,EarthReturn,-339660.576,25457.766,-7228.225,-395474.580,-83717.860,13.986,0.731395655,-0.237656516,-0.054222832
468666.845,EarthReturn,-339484.946,25400.713,-7241.235,-395422.888,-83944.237,14.025,0.732189800,-0.237781269,-0.054200332
468906.845,EarthReturn,-339309.125,25343.631,-7254.241,-395370.896,-84170.547,14.064,0.732984918,-0.237905737,-0.054177788
469146.845,EarthReturn,-339133.113,25286.518,-7267.241,-395318.903,-84396.857,14.104,0.733781009,-0.238029920,-0.054155199
469386.845,EarthReturn,-338956.910,25229.376,-7280.235,-395266.687,-84623.119,14.143,0.734578077,-0.238153821,-0.054132565
469626.845,EarthReturn,-338780.516,25172.205,-7293.224,-395214.346,-84849.352,14.183,0.735376123,-0.238277439,-0.054109887
469866.845,EarthReturn,-338603.930,25115.003,-7306.208,-395161.955,-85075.575,14.222,0.736175149,-0.238400777,-0.054087163
470106.845,EarthReturn,-338427.152,25057.772,-7319.186,-395109.266,-85301.732,14.262,0.736975156,-0.238523835,-0.054064394
470346.845,EarthReturn,-338250.182,25000.512,-7332.159,-395056.575,-85527.889,14.301,0.737776148,-0.238646614,-0.054041580
470586.845,EarthReturn,-338073.019,24943.222,-7345.126,-395003.662,-85753.995,14.342,0.738578124,-0.238769115,-0.054018719
470826.845,EarthReturn,-337895.664,24885.903,-7358.088,-394950.623,-85980.074,14.381,0.739381088,-0.238891339,-0.053995812
471066.845,EarthReturn,-337718.116,24828.554,-7371.044,-394897.536,-86206.142,14.420,0.740185041,-0.239013287,-0.053972859
471306.845,EarthReturn,-337540.375,24771.176,-7383.995,-394844.148,-86432.142,14.460,0.740989985,-0.239134961,-0.053949859
471546.845,EarthReturn,-337362.441,24713.769,-7396.940,-394790.760,-86658.142,14.500,0.741795922,-0.239256360,-0.053926812
471786.845,EarthReturn,-337184.313,24656.333,-7409.880,-394737.150,-86884.093,14.540,0.742602855,-0.239377487,-0.053903719
472026.845,EarthReturn,-337005.991,24598.868,-7422.814,-394683.414,-87110.015,14.580,0.743410784,-0.239498341,-0.053880577
472266.845,EarthReturn,-336827.476,24541.374,-7435.742,-394629.629,-87335.926,14.620,0.744219712,-0.239618925,-0.053857388
472506.845,EarthReturn,-336648.766,24483.851,-7448.665,-394575.545,-87561.769,14.660,0.745029641,-0.239739238,-0.053834151
472746.845,EarthReturn,-336469.861,24426.299,-7461.583,-394521.460,-87787.610,14.700,0.745840573,-0.239859283,-0.053810866
472986.845,EarthReturn,-336290.762,24368.719,-7474.495,-394467.153,-88013.403,14.741,0.746652510,-0.239979059,-0.053787533
473226.845,EarthReturn,-336111.468,24311.109,-7487.401,-394412.721,-88239.165,14.781,0.747465454,-0.240098567,-0.053764151
473466.845,EarthReturn,-335931.979,24253.471,-7500.301,-394358.240,-88464.918,14.821,0.748279407,-0.240217809,-0.053740720
473706.845,EarthReturn,-335752.294,24195.805,-7513.196,-394303.459,-88690.600,14.861,0.749094370,-0.240336786,-0.053717239
473946.845,EarthReturn,-335572.413,24138.110,-7526.086,-394248.678,-88916.283,14.902,0.749910347,-0.240455498,-0.053693710
474186.845,EarthReturn,-335392.337,24080.386,-7538.969,-394193.675,-89141.914,14.942,0.750727338,-0.240573946,-0.053670130
474426.845,EarthReturn,-335212.064,24022.634,-7551.847,-394138.545,-89367.516,14.982,0.751545347,-0.240692131,-0.053646501
474666.845,EarthReturn,-335031.595,23964.854,-7564.720,-394083.368,-89593.107,15.022,0.752364374,-0.240810054,-0.053622822
474906.845,EarthReturn,-334850.929,23907.045,-7577.586,-394027.890,-89818.628,15.063,0.753184423,-0.240927716,-0.053599092
475146.845,EarthReturn,-334670.066,23849.209,-7590.447,-393972.414,-90044.149,15.104,0.754005495,-0.241045117,-0.053575311
475386.845,EarthReturn,-334489.006,23791.344,-7603.302,-393916.714,-90269.617,15.144,0.754827593,-0.241162259,-0.053551480
475626.845,EarthReturn,-334307.749,23733.451,-7616.152,-393860.889,-90495.057,15.185,0.755650718,-0.241279142,-0.053527597
475866.845,EarthReturn,-334126.294,23675.530,-7628.996,-393805.016,-90720.484,15.226,0.756474873,-0.241395767,-0.053503663
476106.845,EarthReturn,-333944.641,23617.581,-7641.834,-393748.842,-90945.841,15.266,0.757300059,-0.241512135,-0.053479677
476346.845,EarthReturn,-333762.790,23559.604,-7654.666,-393692.670,-91171.199,15.308,0.758126280,-0.241628247,-0.053455640
476586.845,EarthReturn,-333580.740,23501.599,-7667.492,-393636.275,-91396.502,15.348,0.758953537,-0.241744103,-0.053431549
476826.845,EarthReturn,-333398.492,23443.567,-7680.313,-393579.754,-91621.777,15.388,0.759781831,-0.241859705,-0.053407407
477066.845,EarthReturn,-333216.045,23385.507,-7693.128,-393523.185,-91847.039,15.430,0.760611167,-0.241975052,-0.053383212
477306.845,EarthReturn,-333033.399,23327.419,-7705.937,-393466.317,-92072.230,15.471,0.761441545,-0.242090146,-0.053358963
477546.845,EarthReturn,-332850.553,23269.303,-7718.740,-393409.448,-92297.422,15.512,0.762272968,-0.242204988,-0.053334662
477786.845,EarthReturn,-332667.508,23211.160,-7731.538,-393352.357,-92522.560,15.553,0.763105438,-0.242319578,-0.053310307
478026.845,EarthReturn,-332484.262,23152.990,-7744.329,-393295.142,-92747.667,15.594,0.763938957,-0.242433917,-0.053285898
478266.845,EarthReturn,-332300.817,23094.792,-7757.115,-393237.878,-92972.762,15.635,0.764773529,-0.242548006,-0.053261435
478506.845,EarthReturn,-332117.171,23036.567,-7769.895,-393180.315,-93197.786,15.676,0.765609153,-0.242661845,-0.053236918
478746.845,EarthReturn,-331933.324,22978.315,-7782.668,-393122.751,-93422.809,15.717,0.766445835,-0.242775435,-0.053212346
478986.845,EarthReturn,-331749.277,22920.035,-7795.436,-393064.966,-93647.778,15.759,0.767283574,-0.242888778,-0.053187720
479226.845,EarthReturn,-331565.028,22861.728,-7808.199,-393007.055,-93872.717,15.799,0.768122374,-0.243001873,-0.053163038
479466.845,EarthReturn,-331380.578,22803.394,-7820.955,-392949.096,-94097.643,15.842,0.768962237,-0.243114721,-0.053138301
479706.845,EarthReturn,-331195.926,22745.033,-7833.705,-392890.838,-94322.497,15.882,0.769803166,-0.243227323,-0.053113508
479946.845,EarthReturn,-331011.072,22686.645,-7846.449,-392832.580,-94547.351,15.924,0.770645162,-0.243339680,-0.053088660
480138.721,EarthReturn,-330863.395,22636.942,-7857.735,-392785.852,-94727.079,15.957,0.771306574,-0.243524968,-0.053102964
480378.721,EarthReturn,-330678.180,22578.483,-7870.477,-392727.247,-94951.847,15.999,0.772150496,-0.243636880,-0.053078010
480618.721,EarthReturn,-330492.762,22519.997,-7883.213,-392668.641,-95176.615,16.041,0.772995492,-0.243748548,-0.053053000
480858.721,EarthReturn,-330307.142,22461.484,-7895.943,-392609.711,-95401.301,16.081,0.773841564,-0.243859973,-0.053027933
481098.721,EarthReturn,-330121.318,22402.944,-7908.666,-392550.758,-95625.984,16.123,0.774688716,-0.243971156,-0.053002809
481338.721,EarthReturn,-329935.291,22344.377,-7921.384,-392491.654,-95850.627,16.165,0.775536949,-0.244082097,-0.052977627
481578.721,EarthReturn,-329749.061,22285.784,-7934.096,-392432.355,-96075.222,16.207,0.776386266,-0.244192797,-0.052952388
481818.721,EarthReturn,-329562.626,22227.165,-7946.801,-392373.056,-96299.816,16.248,0.777236669,-0.244303257,-0.052927090
482058.721,EarthReturn,-329375.987,22168.519,-7959.501,-392313.431,-96524.330,16.291,0.778088161,-0.244413477,-0.052901734
482298.721,EarthReturn,-329189.143,22109.846,-7972.194,-392253.784,-96748.838,16.332,0.778940744,-0.244523459,-0.052876320
482538.721,EarthReturn,-329002.095,22051.148,-7984.881,-392193.987,-96973.307,16.373,0.779794420,-0.244633201,-0.052850847
482778.721,EarthReturn,-328814.842,21992.422,-7997.562,-392133.994,-97197.727,16.416,0.780649193,-0.244742706,-0.052825315
483018.721,EarthReturn,-328627.383,21933.671,-8010.237,-392074.001,-97422.148,16.458,0.781505064,-0.244851974,-0.052799723
483258.721,EarthReturn,-328439.719,21874.894,-8022.906,-392013.683,-97646.485,16.500,0.782362037,-0.244961004,-0.052774072
483498.721,EarthReturn,-328251.850,21816.090,-8035.569,-391953.343,-97870.816,16.541,0.783220113,-0.245069799,-0.052748361
483738.721,EarthReturn,-328063.774,21757.260,-8048.225,-391892.852,-98095.110,16.584,0.784079295,-0.245178358,-0.052722589
483978.721,EarthReturn,-327875.491,21698.404,-8060.876,-391832.166,-98319.353,16.626,0.784939586,-0.245286682,-0.052696757
484218.721,EarthReturn,-327687.003,21639.522,-8073.520,-391771.480,-98543.597,16.668,0.785800988,-0.245394771,-0.052670865
484458.721,EarthReturn,-327498.307,21580.615,-8086.158,-391710.468,-98767.756,16.711,0.786663504,-0.245502627,-0.052644911
484698.721,EarthReturn,-327309.404,21521.681,-8098.789,-391649.437,-98991.910,16.753,0.787527137,-0.245610249,-0.052618896
484938.721,EarthReturn,-327120.294,21462.722,-8111.415,-391588.252,-99216.025,16.795,0.788391888,-0.245717639,-0.052592819
485178.721,EarthReturn,-326930.976,21403.737,-8124.034,-391526.873,-99440.090,16.838,0.789257761,-0.245824796,-0.052566681
485418.721,EarthReturn,-326741.450,21344.726,-8136.647,-391465.494,-99664.154,16.879,0.790124758,-0.245931721,-0.052540480
485658.721,EarthReturn,-326551.716,21285.690,-8149.253,-391403.791,-99888.134,16.922,0.790992882,-0.246038415,-0.052514217
485898.721,EarthReturn,-326361.773,21226.628,-8161.854,-391342.065,-100112.108,16.965,0.791862136,-0.246144878,-0.052487891
486138.721,EarthReturn,-326171.622,21167.540,-8174.448,-391280.188,-100336.043,17.007,0.792732522,-0.246251111,-0.052461503
486378.721,EarthReturn,-325981.262,21108.427,-8187.035,-391218.117,-100559.926,17.050,0.793604042,-0.246357114,-0.052435050
486618.721,EarthReturn,-325790.692,21049.289,-8199.616,-391156.046,-100783.810,17.093,0.794476700,-0.246462888,-0.052408535
486858.721,EarthReturn,-325599.913,20990.125,-8212.191,-391093.650,-101007.608,17.135,0.795350498,-0.246568433,-0.052381955
487098.721,EarthReturn,-325408.924,20930.936,-8224.760,-391031.233,-101231.401,17.178,0.796225440,-0.246673749,-0.052355311
487338.721,EarthReturn,-325217.724,20871.722,-8237.322,-390968.663,-101455.154,17.221,0.797101526,-0.246778838,-0.052328603
487578.721,EarthReturn,-325026.315,20812.482,-8249.877,-390905.900,-101678.855,17.264,0.797978762,-0.246883699,-0.052301830
487818.721,EarthReturn,-324834.695,20753.217,-8262.427,-390843.136,-101902.556,17.306,0.798857148,-0.246988334,-0.052274992
488058.721,EarthReturn,-324642.863,20693.928,-8274.969,-390780.049,-102126.170,17.350,0.799736688,-0.247092742,-0.052248089
488298.721,EarthReturn,-324450.821,20634.613,-8287.506,-390716.940,-102349.779,17.392,0.800617385,-0.247196923,-0.052221120
488538.721,EarthReturn,-324258.567,20575.273,-8300.036,-390653.680,-102573.347,17.435,0.801499242,-0.247300880,-0.052194086
488778.721,EarthReturn,-324066.101,20515.908,-8312.559,-390590.225,-102796.863,17.477,0.802382261,-0.247404610,-0.052166985
489018.721,EarthReturn,-323873.423,20456.519,-8325.076,-390526.769,-103020.379,17.521,0.803266445,-0.247508117,-0.052139817
489258.721,EarthReturn,-323680.533,20397.105,-8337.586,-390462.991,-103243.808,17.564,0.804151797,-0.247611399,-0.052112583
489498.721,EarthReturn,-323487.430,20337.665,-8350.090,-390399.190,-103467.232,17.607,0.805038319,-0.247714456,-0.052085282
489738.721,EarthReturn,-323294.115,20278.202,-8362.587,-390335.238,-103690.613,17.650,0.805926016,-0.247817291,-0.052057913
489978.721,EarthReturn,-323100.586,20218.713,-8375.078,-390271.092,-103913.943,17.693,0.806814889,-0.247919902,-0.052030477
490218.721,EarthReturn,-322906.843,20159.200,-8387.562,-390206.946,-104137.273,17.737,0.807704941,-0.248022291,-0.052002972
490458.721,EarthReturn,-322712.887,20099.663,-8400.039,-390142.476,-104360.514,17.779,0.808596176,-0.248124457,-0.051975400
490698.721,EarthReturn,-322518.717,20040.100,-8412.510,-390077.985,-104583.749,17.823,0.809488596,-0.248226401,-0.051947758
490938.721,EarthReturn,-322324.333,19980.514,-8424.974,-390013.342,-104806.943,17.866,0.810382204,-0.248328123,-0.051920048
491178.721,EarthReturn,-322129.734,19920.903,-8437.431,-389948.505,-105030.084,17.910,0.811277004,-0.248429625,-0.051892269
491418.721,EarthReturn,-321934.920,19861.268,-8449.882,-389883.669,-105253.225,17.953,0.812172997,-0.248530905,-0.051864420
491658.721,EarthReturn,-321739.890,19801.608,-8462.326,-389818.508,-105476.276,17.997,0.813070188,-0.248631965,-0.051836502
491898.721,EarthReturn,-321544.646,19741.924,-8474.764,-389753.326,-105699.322,18.040,0.813968579,-0.248732805,-0.051808513
492138.721,EarthReturn,-321349.185,19682.216,-8487.194,-389687.993,-105922.326,18.084,0.814868173,-0.248833425,-0.051780454
492378.721,EarthReturn,-321153.509,19622.484,-8499.618,-389622.466,-106145.276,18.127,0.815768973,-0.248933826,-0.051752324
492618.721,EarthReturn,-320957.616,19562.728,-8512.035,-389556.939,-106368.226,18.170,0.816670982,-0.249034007,-0.051724123
492858.721,EarthReturn,-320761.507,19502.948,-8524.446,-389491.088,-106591.086,18.213,0.817574203,-0.249133970,-0.051695851
493098.721,EarthReturn,-320565.180,19443.144,-8536.849,-389425.216,-106813.940,18.258,0.818478640,-0.249233714,-0.051667507
493338.721,EarthReturn,-320368.637,19383.316,-8549.246,-389359.194,-107036.751,18.301,0.819384295,-0.249333240,-0.051639092
493578.721,EarthReturn,-320171.876,19323.464,-8561.636,-389292.977,-107259.509,18.345,0.820291172,-0.249432548,-0.051610603
493818.721,EarthReturn,-319974.897,19263.588,-8574.019,-389226.760,-107482.266,18.388,0.821199273,-0.249531638,-0.051582043
494058.721,EarthReturn,-319777.700,19203.689,-8586.396,-389160.220,-107704.932,18.433,0.822108602,-0.249630512,-0.051553409
494298.721,EarthReturn,-319580.285,19143.766,-8598.765,-389093.658,-107927.593,18.476,0.823019161,-0.249729168,-0.051524702
494538.721,EarthReturn,-319382.651,19083.819,-8611.127,-389026.946,-108150.211,18.520,0.823930955,-0.249827608,-0.051495922
494778.721,EarthReturn,-319184.798,19023.848,-8623.483,-388960.039,-108372.773,18.564,0.824843986,-0.249925831,-0.051467068
495018.721,EarthReturn,-318986.726,18963.854,-8635.832,-388893.133,-108595.336,18.608,0.825758257,-0.250023838,-0.051438139
495258.721,EarthReturn,-318788.434,18903.837,-8648.173,-388825.904,-108817.806,18.652,0.826673772,-0.250121629,-0.051409136
495498.721,EarthReturn,-318589.922,18843.796,-8660.508,-388758.653,-109040.272,18.696,0.827590533,-0.250219205,-0.051380058
495738.721,EarthReturn,-318391.190,18783.732,-8672.836,-388691.252,-109262.693,18.740,0.828508545,-0.250316565,-0.051350906
495978.721,EarthReturn,-318192.238,18723.644,-8685.156,-388623.657,-109485.059,18.784,0.829427810,-0.250413710,-0.051321677
496218.721,EarthReturn,-317993.065,18663.533,-8697.470,-388556.062,-109707.425,18.828,0.830348331,-0.250510641,-0.051292373
496458.721,EarthReturn,-317793.671,18603.399,-8709.777,-388488.143,-109929.698,18.873,0.831270113,-0.250607357,-0.051262992
496698.721,EarthReturn,-317594.055,18543.242,-8722.076,-388420.205,-110151.965,18.917,0.832193157,-0.250703858,-0.051233536
496938.721,EarthReturn,-317394.218,18483.061,-8734.369,-388352.114,-110374.189,18.961,0.833117468,-0.250800146,-0.051204002
497178.721,EarthReturn,-317194.159,18422.858,-8746.654,-388283.831,-110596.356,19.005,0.834043048,-0.250896219,-0.051174391
497418.721,EarthReturn,-316993.877,18362.631,-8758.933,-388215.547,-110818.523,19.049,0.834969902,-0.250992079,-0.051144703
497658.721,EarthReturn,-316793.373,18302.381,-8771.204,-388146.942,-111040.597,19.094,0.835898032,-0.251087725,-0.051114937
497898.721,EarthReturn,-316592.646,18242.109,-8783.468,-388078.314,-111262.664,19.138,0.836827442,-0.251183158,-0.051085092
498138.721,EarthReturn,-316391.696,18181.814,-8795.725,-388009.535,-111484.687,19.183,0.837758135,-0.251278378,-0.051055170
498378.721,EarthReturn,-316190.522,18121.495,-8807.974,-387940.564,-111706.655,19.227,0.838690115,-0.251373386,-0.051025168
498618.721,EarthReturn,-315989.124,18061.154,-8820.217,-387871.592,-111928.622,19.272,0.839623385,-0.251468180,-0.050995088
498858.721,EarthReturn,-315787.503,18000.791,-8832.452,-387802.298,-112150.493,19.316,0.840557948,-0.251562762,-0.050964927
499098.721,EarthReturn,-315585.656,17940.404,-8844.680,-387732.983,-112372.359,19.361,0.841493809,-0.251657132,-0.050934687
499338.721,EarthReturn,-315383.585,17879.995,-8856.901,-387663.517,-112594.181,19.406,0.842430969,-0.251751289,-0.050904367
499578.721,EarthReturn,-315181.289,17819.564,-8869.114,-387593.859,-112815.945,19.450,0.843369434,-0.251845235,-0.050873967
499818.721,EarthReturn,-314978.768,17759.109,-8881.320,-387524.200,-113037.710,19.495,0.844309206,-0.251938969,-0.050843485
500058.721,EarthReturn,-314776.021,17698.633,-8893.519,-387454.218,-113259.378,19.540,0.845250290,-0.252032491,-0.050812922
500298.721,EarthReturn,-314573.048,17638.134,-8905.710,-387384.216,-113481.040,19.585,0.846192687,-0.252125802,-0.050782278
500538.721,EarthReturn,-314369.848,17577.613,-8917.894,-387314.062,-113702.658,19.629,0.847136403,-0.252218901,-0.050751552
500778.721,EarthReturn,-314166.422,17517.069,-8930.071,-387243.717,-113924.217,19.673,0.848081440,-0.252311790,-0.050720743
501018.721,EarthReturn,-313962.769,17456.503,-8942.240,-387173.371,-114145.777,19.719,0.849027803,-0.252404467,-0.050689852
501258.721,EarthReturn,-313758.889,17395.915,-8954.402,-387102.702,-114367.240,19.764,0.849975495,-0.252496933,-0.050658878
501498.721,EarthReturn,-313554.781,17335.304,-8966.556,-387032.013,-114588.697,19.809,0.850924519,-0.252589189,-0.050627820
501738.721,EarthReturn,-313350.445,17274.672,-8978.703,-386961.174,-114810.109,19.853,0.851874879,-0.252681233,-0.050596679
501978.721,EarthReturn,-313145.881,17214.017,-8990.843,-386890.141,-115031.462,19.899,0.852826579,-0.252773067,-0.050565454
502218.721,EarthReturn,-312941.088,17153.341,-9002.975,-386819.109,-115252.815,19.943,0.853779622,-0.252864691,-0.050534144
502458.721,EarthReturn,-312736.066,17092.642,-9015.099,-386747.754,-115474.071,19.989,0.854734013,-0.252956105,-0.050502750
502698.721,EarthReturn,-312530.816,17031.922,-9027.216,-386676.379,-115695.320,20.034,0.855689755,-0.253047308,-0.050471270
502938.721,EarthReturn,-312325.335,16971.180,-9039.325,-386604.852,-115916.523,20.079,0.856646851,-0.253138301,-0.050439705
503178.721,EarthReturn,-312119.625,16910.416,-9051.427,-386533.134,-116137.668,20.124,0.857605305,-0.253229084,-0.050408054
503418.721,EarthReturn,-311913.685,16849.630,-9063.521,-386461.415,-116358.813,20.169,0.858565122,-0.253319656,-0.050376317
503658.721,EarthReturn,-311707.514,16788.822,-9075.608,-386389.376,-116579.859,20.214,0.859526305,-0.253410019,-0.050344493
503898.721,EarthReturn,-311501.112,16727.993,-9087.687,-386317.314,-116800.898,20.260,0.860488857,-0.253500172,-0.050312582
504138.721,EarthReturn,-311294.479,16667.142,-9099.758,-386245.103,-117021.892,20.305,0.861452783,-0.253590116,-0.050280584
504378.721,EarthReturn,-311087.614,16606.270,-9111.821,-386172.698,-117242.827,20.350,0.862418087,-0.253679849,-0.050248499
504618.721,EarthReturn,-310880.518,16545.376,-9123.877,-386100.294,-117463.760,20.396,0.863384771,-0.253769373,-0.050216325
504858.721,EarthReturn,-310673.190,16484.460,-9135.925,-386027.568,-117684.596,20.441,0.864352841,-0.253858688,-0.050184062
505098.721,EarthReturn,-310465.629,16423.524,-9147.965,-385954.822,-117905.423,20.486,0.865322300,-0.253947792,-0.050151711
505338.721,EarthReturn,-310257.835,16362.566,-9159.998,-385881.925,-118126.206,20.532,0.866293152,-0.254036688,-0.050119270
505578.721,EarthReturn,-310049.808,16301.586,-9172.023,-385808.836,-118346.927,20.577,0.867265401,-0.254125373,-0.050086740
505818.721,EarthReturn,-309841.547,16240.585,-9184.040,-385735.746,-118567.649,20.623,0.868239051,-0.254213850,-0.050054120
506058.721,EarthReturn,-309633.053,16179.563,-9196.049,-385662.336,-118788.270,20.669,0.869214105,-0.254302116,-0.050021410
506298.721,EarthReturn,-309424.324,16118.520,-9208.050,-385588.904,-119008.885,20.714,0.870190569,-0.254390174,-0.049988608
506538.721,EarthReturn,-309215.361,16057.456,-9220.043,-385515.323,-119229.453,20.760,0.871168445,-0.254478022,-0.049955716
506778.721,EarthReturn,-309006.163,15996.371,-9232.029,-385441.549,-119449.961,20.806,0.872147738,-0.254565660,-0.049922732
507018.721,EarthReturn,-308796.730,15935.265,-9244.006,-385367.775,-119670.467,20.851,0.873128453,-0.254653089,-0.049889656
507258.721,EarthReturn,-308587.062,15874.137,-9255.976,-385293.681,-119890.874,20.897,0.874110592,-0.254740309,-0.049856488
507498.721,EarthReturn,-308377.157,15812.989,-9267.937,-385219.565,-120111.273,20.942,0.875094160,-0.254827319,-0.049823227
507738.721,EarthReturn,-308167.016,15751.820,-9279.891,-385145.299,-120331.625,20.988,0.876079162,-0.254914120,-0.049789872
507978.721,EarthReturn,-307956.639,15690.631,-9291.836,-385070.841,-120551.916,21.034,0.877065601,-0.255000711,-0.049756425
508218.721,EarthReturn,-307746.025,15629.420,-9303.774,-384996.383,-120772.206,21.080,0.878053481,-0.255087093,-0.049722883
508458.721,EarthReturn,-307535.173,15568.189,-9315.703,-384921.604,-120992.396,21.126,0.879042807,-0.255173265,-0.049689247
508698.721,EarthReturn,-307324.084,15506.937,-9327.625,-384846.805,-121212.577,21.172,0.880033583,-0.255259228,-0.049655516
508938.721,EarthReturn,-307112.757,15445.664,-9339.538,-384771.855,-121432.712,21.218,0.881025813,-0.255344981,-0.049621690
509178.721,EarthReturn,-306901.192,15384.371,-9351.443,-384696.713,-121652.784,21.264,0.882019501,-0.255430524,-0.049587769
509418.721,EarthReturn,-306689.387,15323.058,-9363.340,-384621.573,-121872.857,21.310,0.883014652,-0.255515858,-0.049553751
509658.721,EarthReturn,-306477.344,15261.724,-9375.229,-384546.111,-122092.826,21.356,0.884011270,-0.255600982,-0.049519638
509898.721,EarthReturn,-306265.062,15200.369,-9387.109,-384470.628,-122312.789,21.402,0.885009359,-0.255685896,-0.049485427
510138.721,EarthReturn,-306052.540,15138.995,-9398.982,-384394.995,-122532.703,21.448,0.886008923,-0.255770600,-0.049451119
510378.721,EarthReturn,-305839.778,15077.599,-9410.846,-384319.171,-122752.555,21.494,0.887009968,-0.255855094,-0.049416714
510618.721,EarthReturn,-305626.775,15016.184,-9422.702,-384243.346,-122972.408,21.541,0.888012496,-0.255939378,-0.049382210
510858.721,EarthReturn,-305413.531,14954.749,-9434.549,-384167.201,-123192.155,21.586,0.889016513,-0.256023452,-0.049347608
511098.721,EarthReturn,-305200.047,14893.293,-9446.389,-384091.035,-123411.897,21.633,0.890022022,-0.256107316,-0.049312907
511338.721,EarthReturn,-304986.321,14831.817,-9458.220,-384014.720,-123631.590,21.679,0.891029029,-0.256190969,-0.049278107
511578.721,EarthReturn,-304772.353,14770.321,-9470.042,-383938.214,-123851.220,21.725,0.892037538,-0.256274412,-0.049243207
511818.721,EarthReturn,-304558.143,14708.805,-9481.856,-383861.706,-124070.850,21.771,0.893047553,-0.256357644,-0.049208207
512058.721,EarthReturn,-304343.690,14647.270,-9493.662,-383784.880,-124290.375,21.817,0.894059079,-0.256440666,-0.049173106
512298.721,EarthReturn,-304128.994,14585.714,-9505.459,-383708.031,-124509.893,21.864,0.895072120,-0.256523477,-0.049137904
512538.721,EarthReturn,-303914.055,14524.138,-9517.248,-383631.035,-124729.361,21.911,0.896086681,-0.256606077,-0.049102601
512778.721,EarthReturn,-303698.872,14462.543,-9529.029,-383553.845,-124948.767,21.957,0.897102766,-0.256688466,-0.049067196
513018.721,EarthReturn,-303483.446,14400.928,-9540.801,-383476.656,-125168.172,22.003,0.898120380,-0.256770644,-0.049031688
513258.721,EarthReturn,-303267.774,14339.293,-9552.564,-383399.147,-125387.472,22.050,0.899139528,-0.256852610,-0.048996078
513498.721,EarthReturn,-303051.859,14277.639,-9564.319,-383321.618,-125606.765,22.097,0.900160214,-0.256934365,-0.048960364
513738.721,EarthReturn,-302835.697,14215.965,-9576.065,-383243.939,-125826.008,22.143,0.901182442,-0.257015909,-0.048924547
513978.721,EarthReturn,-302619.291,14154.271,-9587.802,-383166.068,-126045.187,22.190,0.902206218,-0.257097240,-0.048888626
514218.721,EarthReturn,-302402.638,14092.558,-9599.531,-383088.198,-126264.367,22.236,0.903231546,-0.257178360,-0.048852600
514458.721,EarthReturn,-302185.740,14030.825,-9611.252,-383010.008,-126483.440,22.283,0.904258430,-0.257259267,-0.048816468
514698.721,EarthReturn,-301968.594,13969.073,-9622.963,-382931.797,-126702.505,22.330,0.905286877,-0.257339963,-0.048780232
514938.721,EarthReturn,-301751.202,13907.302,-9634.666,-382853.438,-126921.520,22.376,0.906316889,-0.257420446,-0.048743889
515178.721,EarthReturn,-301533.562,13845.512,-9646.360,-382774.886,-127140.472,22.423,0.907348473,-0.257500716,-0.048707441
515418.721,EarthReturn,-301315.674,13783.702,-9658.046,-382696.335,-127359.423,22.470,0.908381632,-0.257580773,-0.048670885
515658.721,EarthReturn,-301097.539,13721.873,-9669.722,-382617.464,-127578.266,22.516,0.909416373,-0.257660617,-0.048634222
515898.721,EarthReturn,-300879.154,13660.025,-9681.390,-382538.573,-127797.102,22.564,0.910452698,-0.257740248,-0.048597451
516138.721,EarthReturn,-300660.521,13598.158,-9693.049,-382459.532,-128015.888,22.611,0.911490614,-0.257819666,-0.048560571
516378.721,EarthReturn,-300441.639,13536.271,-9704.699,-382380.300,-128234.609,22.658,0.912530126,-0.257898870,-0.048523584
516618.721,EarthReturn,-300222.507,13474.366,-9716.340,-382301.069,-128453.330,22.704,0.913571238,-0.257977860,-0.048486486
516858.721,EarthReturn,-300003.124,13412.442,-9727.973,-382221.518,-128671.942,22.751,0.914613955,-0.258056635,-0.048449280
517098.721,EarthReturn,-299783.492,13350.499,-9739.596,-382141.946,-128890.547,22.799,0.915658282,-0.258135197,-0.048411963
517338.721,EarthReturn,-299563.608,13288.537,-9751.210,-382062.225,-129109.102,22.845,0.916704224,-0.258213544,-0.048374535
517578.721,EarthReturn,-299343.474,13226.557,-9762.816,-381982.314,-129327.591,22.892,0.917751787,-0.258291676,-0.048336996
517818.721,EarthReturn,-299123.087,13164.557,-9774.412,-381902.402,-129546.080,22.939,0.918800974,-0.258369593,-0.048299346
517911.443,EarthReturn,-299037.875,13140.599,-9778.890,-381871.418,-129630.452,22.957,0.919206755,-0.258399638,-0.048284770
518151.443,EarthReturn,-298817.140,13078.574,-9790.474,-381791.168,-129848.825,23.005,0.920258205,-0.258477256,-0.048246964
518391.443,EarthReturn,-298596.151,13016.530,-9802.049,-381710.916,-130067.197,23.052,0.921311291,-0.258554659,-0.048209045
518631.443,EarthReturn,-298374.910,12954.468,-9813.614,-381630.385,-130285.472,23.098,0.922366020,-0.258631845,-0.048171013
518871.443,EarthReturn,-298153.416,12892.387,-9825.171,-381549.794,-130503.727,23.146,0.923422397,-0.258708816,-0.048132867
519111.443,EarthReturn,-297931.667,12830.288,-9836.718,-381469.094,-130721.943,23.193,0.924480426,-0.258785570,-0.048094607
519351.443,EarthReturn,-297709.665,12768.170,-9848.256,-381388.163,-130940.080,23.240,0.925540114,-0.258862107,-0.048056233
519591.443,EarthReturn,-297487.408,12706.034,-9859.785,-381307.233,-131158.217,23.287,0.926601465,-0.258938427,-0.048017743
519831.443,EarthReturn,-297264.896,12643.879,-9871.305,-381226.023,-131376.256,23.335,0.927664484,-0.259014529,-0.047979137
520071.443,EarthReturn,-297042.129,12581.707,-9882.815,-381144.753,-131594.275,23.383,0.928729177,-0.259090414,-0.047940415
520311.443,EarthReturn,-296819.106,12519.516,-9894.316,-381063.374,-131812.255,23.430,0.929795549,-0.259166081,-0.047901576
520551.443,EarthReturn,-296595.827,12457.307,-9905.808,-380981.765,-132030.155,23.477,0.930863606,-0.259241530,-0.047862620
520791.443,EarthReturn,-296372.291,12395.080,-9917.290,-380900.157,-132248.055,23.524,0.931933353,-0.259316759,-0.047823546
521031.443,EarthReturn,-296148.499,12332.835,-9928.763,-380818.268,-132465.856,23.571,0.933004794,-0.259391770,-0.047784354
521271.443,EarthReturn,-295924.449,12270.572,-9940.226,-380736.320,-132683.636,23.619,0.934077937,-0.259466562,-0.047745042
521511.443,EarthReturn,-295700.141,12208.291,-9951.681,-380654.263,-132901.378,23.666,0.935152785,-0.259541134,-0.047705612
521751.443,EarthReturn,-295475.575,12145.992,-9963.125,-380571.976,-133119.039,23.714,0.936229345,-0.259615485,-0.047666061
521991.443,EarthReturn,-295250.751,12083.676,-9974.560,-380489.689,-133336.700,23.761,0.937307622,-0.259689617,-0.047626391
522231.443,EarthReturn,-295025.667,12021.341,-9985.986,-380407.124,-133554.261,23.810,0.938387622,-0.259763528,-0.047586599
522471.443,EarthReturn,-294800.325,11958.989,-9997.402,-380324.499,-133771.802,23.856,0.939469350,-0.259837217,-0.047546685
522711.443,EarthReturn,-294574.722,11896.620,-10008.808,-380241.763,-133989.303,23.904,0.940552811,-0.259910685,-0.047506650
522951.443,EarthReturn,-294348.859,11834.232,-10020.205,-380158.800,-134206.723,23.952,0.941638012,-0.259983932,-0.047466492
523191.443,EarthReturn,-294122.736,11771.827,-10031.592,-380075.836,-134424.143,23.999,0.942724958,-0.260056956,-0.047426211
523431.443,EarthReturn,-293896.351,11709.405,-10042.970,-379992.593,-134641.463,24.047,0.943813654,-0.260129757,-0.047385806
523671.443,EarthReturn,-293669.705,11646.965,-10054.337,-379909.291,-134858.762,24.095,0.944904107,-0.260202335,-0.047345277
523911.443,EarthReturn,-293442.797,11584.508,-10065.695,-379825.878,-135076.020,24.143,0.945996322,-0.260274690,-0.047304623
524151.443,EarthReturn,-293215.627,11522.033,-10077.043,-379742.238,-135293.198,24.190,0.947090304,-0.260346822,-0.047263844
524391.443,EarthReturn,-292988.193,11459.541,-10088.382,-379658.597,-135510.374,24.238,0.948186061,-0.260418729,-0.047222939
524631.443,EarthReturn,-292760.497,11397.032,-10099.710,-379574.677,-135727.450,24.286,0.949283596,-0.260490411,-0.047181908
524871.443,EarthReturn,-292532.537,11334.506,-10111.029,-379490.699,-135944.505,24.334,0.950382917,-0.260561868,-0.047140750
525111.443,EarthReturn,-292304.313,11271.962,-10122.338,-379406.611,-136161.520,24.382,0.951484029,-0.260633099,-0.047099464
525351.443,EarthReturn,-292075.825,11209.402,-10133.637,-379322.294,-136378.452,24.430,0.952586938,-0.260704105,-0.047058050
525591.443,EarthReturn,-291847.071,11146.825,-10144.926,-379237.977,-136595.383,24.478,0.953691650,-0.260774884,-0.047016507
525831.443,EarthReturn,-291618.053,11084.230,-10156.205,-379153.382,-136812.214,24.526,0.954798171,-0.260845437,-0.046974835
526071.443,EarthReturn,-291388.768,11021.619,-10167.474,-379068.727,-137029.023,24.573,0.955906507,-0.260915762,-0.046933033
526311.443,EarthReturn,-291159.217,10958.991,-10178.733,-378983.964,-137245.792,24.621,0.957016664,-0.260985859,-0.046891100
526551.443,EarthReturn,-290929.400,10896.346,-10189.981,-378898.970,-137462.477,24.669,0.958128648,-0.261055728,-0.046849037
526791.443,EarthReturn,-290699.315,10833.684,-10201.220,-378813.979,-137679.161,24.718,0.959242465,-0.261125368,-0.046806842
527031.443,EarthReturn,-290468.963,10771.005,-10212.449,-378728.708,-137895.744,24.765,0.960358121,-0.261194779,-0.046764515
527271.443,EarthReturn,-290238.343,10708.310,-10223.667,-378643.378,-138112.305,24.813,0.961475623,-0.261263960,-0.046722055
527511.443,EarthReturn,-290007.455,10645.599,-10234.875,-378557.939,-138328.826,24.862,0.962594976,-0.261332910,-0.046679461
527751.443,EarthReturn,-289776.298,10582.871,-10246.073,-378472.272,-138545.261,24.910,0.963716187,-0.261401630,-0.046636734
527991.443,EarthReturn,-289544.871,10520.126,-10257.261,-378386.604,-138761.698,24.957,0.964839262,-0.261470119,-0.046593872
528231.443,EarthReturn,-289313.175,10457.365,-10268.438,-378300.659,-138978.031,25.006,0.965964207,-0.261538376,-0.046550874
528471.443,EarthReturn,-289081.208,10394.588,-10279.605,-378214.654,-139194.342,25.054,0.967091029,-0.261606401,-0.046507741
528711.443,EarthReturn,-288848.971,10331.794,-10290.762,-378128.540,-139410.612,25.103,0.968219733,-0.261674193,-0.046464472
528951.443,EarthReturn,-288616.462,10268.984,-10301.908,-378042.199,-139626.798,25.150,0.969350327,-0.261741751,-0.046421065
529191.443,EarthReturn,-288383.682,10206.158,-10313.044,-377955.857,-139842.983,25.199,0.970482817,-0.261809075,-0.046377521
529431.443,EarthReturn,-288150.631,10143.316,-10324.170,-377869.237,-140059.064,25.247,0.971617209,-0.261876165,-0.046333838
529671.443,EarthReturn,-287917.306,10080.457,-10335.284,-377782.559,-140275.124,25.295,0.972753509,-0.261943020,-0.046290016
529911.443,EarthReturn,-287683.709,10017.583,-10346.389,-377695.771,-140491.142,25.343,0.973891725,-0.262009639,-0.046246055
530151.443,EarthReturn,-287449.838,9954.693,-10357.482,-377608.756,-140707.075,25.392,0.975031862,-0.262076022,-0.046201954
530391.443,EarthReturn,-287215.693,9891.787,-10368.566,-377521.740,-140923.008,25.440,0.976173928,-0.262142168,-0.046157712
530631.443,EarthReturn,-286981.274,9828.864,-10379.638,-377434.448,-141138.835,25.489,0.977317928,-0.262208077,-0.046113328
530871.443,EarthReturn,-286746.580,9765.927,-10390.700,-377347.095,-141354.641,25.537,0.978463870,-0.262273748,-0.046068803
531111.443,EarthReturn,-286511.611,9702.973,-10401.751,-377259.634,-141570.405,25.585,0.979611760,-0.262339180,-0.046024134
531351.443,EarthReturn,-286276.367,9640.004,-10412.792,-377171.945,-141786.083,25.634,0.980761605,-0.262404373,-0.045979322
531591.443,EarthReturn,-286040.846,9577.019,-10423.821,-377084.257,-142001.761,25.682,0.981913412,-0.262469326,-0.045934366
531831.443,EarthReturn,-285805.048,9514.019,-10434.840,-376996.291,-142217.333,25.731,0.983067187,-0.262534038,-0.045889265
532071.443,EarthReturn,-285568.973,9451.003,-10445.848,-376908.266,-142432.883,25.779,0.984222937,-0.262598509,-0.045844019
532311.443,EarthReturn,-285332.621,9387.971,-10456.845,-376820.132,-142648.391,25.829,0.985380670,-0.262662739,-0.045798627
532551.443,EarthReturn,-285095.990,9324.925,-10467.831,-376731.770,-142863.812,25.877,0.986540391,-0.262726726,-0.045753088
532791.443,EarthReturn,-284859.081,9261.863,-10478.807,-376643.409,-143079.234,25.926,0.987702109,-0.262790470,-0.045707402
533031.443,EarthReturn,-284621.893,9198.785,-10489.771,-376554.771,-143294.549,25.974,0.988865829,-0.262853971,-0.045661567
533271.443,EarthReturn,-284384.426,9135.693,-10500.724,-376466.074,-143509.841,26.023,0.990031559,-0.262917227,-0.045615584
533511.443,EarthReturn,-284146.678,9072.585,-10511.666,-376377.268,-143725.091,26.071,0.991199306,-0.262980237,-0.045569451
533751.443,EarthReturn,-283908.650,9009.462,-10522.598,-376288.235,-143940.254,26.120,0.992369078,-0.263043002,-0.045523168
533991.443,EarthReturn,-283670.341,8946.324,-10533.518,-376199.202,-144155.417,26.169,0.993540880,-0.263105521,-0.045476734
534231.443,EarthReturn,-283431.750,8883.172,-10544.426,-376109.891,-144370.472,26.218,0.994714721,-0.263167792,-0.045430149
534471.443,EarthReturn,-283192.877,8820.004,-10555.324,-376020.522,-144585.505,26.266,0.995890607,-0.263229816,-0.045383412
534711.443,EarthReturn,-282953.722,8756.821,-10566.210,-375931.045,-144800.496,26.315,0.997068546,-0.263291590,-0.045336521
534951.443,EarthReturn,-282714.284,8693.624,-10577.085,-375841.340,-145015.397,26.364,0.998248545,-0.263353116,-0.045289477
535191.443,EarthReturn,-282474.563,8630.412,-10587.949,-375751.636,-145230.300,26.412,0.999430611,-0.263414391,-0.045242278
535431.443,EarthReturn,-282234.557,8567.185,-10598.802,-375661.655,-145445.093,26.462,1.000614752,-0.263475416,-0.045194924
535671.443,EarthReturn,-281994.268,8503.944,-10609.643,-375571.615,-145659.865,26.510,1.001800975,-0.263536189,-0.045147415
535911.443,EarthReturn,-281753.693,8440.688,-10620.473,-375481.466,-145874.593,26.559,1.002989288,-0.263596709,-0.045099749
536151.443,EarthReturn,-281512.833,8377.417,-10631.291,-375391.091,-146089.233,26.608,1.004179697,-0.263656976,-0.045051925
536391.443,EarthReturn,-281271.686,8314.132,-10642.097,-375300.716,-146303.872,26.657,1.005372211,-0.263716990,-0.045003944
536631.443,EarthReturn,-281030.254,8250.833,-10652.893,-375210.065,-146518.403,26.706,1.006566836,-0.263776748,-0.044955803
536871.443,EarthReturn,-280788.534,8187.519,-10663.676,-375119.355,-146732.911,26.755,1.007763582,-0.263836252,-0.044907504
537111.443,EarthReturn,-280546.527,8124.192,-10674.448,-375028.536,-146947.375,26.804,1.008962454,-0.263895499,-0.044859044
537351.443,EarthReturn,-280304.232,8060.850,-10685.209,-374937.490,-147161.750,26.852,1.010163462,-0.263954488,-0.044810423
537591.443,EarthReturn,-280061.648,7997.494,-10695.957,-374846.445,-147376.126,26.902,1.011366612,-0.264013220,-0.044761640
537831.443,EarthReturn,-279818.776,7934.123,-10706.694,-374755.124,-147590.391,26.951,1.012571912,-0.264071693,-0.044712694
538071.443,EarthReturn,-279575.614,7870.739,-10717.419,-374663.744,-147804.634,27.000,1.013779370,-0.264129907,-0.044663586
538311.443,EarthReturn,-279332.162,7807.341,-10728.133,-374572.255,-148018.833,27.049,1.014988995,-0.264187860,-0.044614313
538551.443,EarthReturn,-279088.419,7743.929,-10738.834,-374480.541,-148232.941,27.098,1.016200793,-0.264245551,-0.044564875
538791.443,EarthReturn,-278844.385,7680.503,-10749.524,-374388.826,-148447.050,27.147,1.017414773,-0.264302981,-0.044515272
539031.443,EarthReturn,-278600.060,7617.064,-10760.201,-374296.835,-148661.048,27.196,1.018630943,-0.264360147,-0.044465502
539271.443,EarthReturn,-278355.442,7553.610,-10770.867,-374204.787,-148875.023,27.245,1.019849310,-0.264417050,-0.044415565
539511.443,EarthReturn,-278110.532,7490.143,-10781.521,-374112.629,-149088.954,27.294,1.021069883,-0.264473688,-0.044365460
539751.443,EarthReturn,-277865.328,7426.663,-10792.163,-374020.246,-149302.795,27.343,1.022292670,-0.264530060,-0.044315186
539991.443,EarthReturn,-277619.831,7363.169,-10802.792,-373927.862,-149516.635,27.393,1.023517679,-0.264586165,-0.044264743
540231.443,EarthReturn,-277374.040,7299.662,-10813.410,-373835.203,-149730.364,27.442,1.024744919,-0.264642003,-0.044214129
540471.443,EarthReturn,-277127.953,7236.141,-10824.015,-373742.486,-149944.069,27.491,1.025974397,-0.264697572,-0.044163344
540711.443,EarthReturn,-276881.572,7172.607,-10834.608,-373649.660,-150157.730,27.541,1.027206121,-0.264752872,-0.044112387
540951.443,EarthReturn,-276634.894,7109.060,-10845.189,-373556.608,-150371.301,27.590,1.028440101,-0.264807901,-0.044061257
541191.443,EarthReturn,-276387.920,7045.499,-10855.757,-373463.557,-150584.871,27.639,1.029676344,-0.264862659,-0.044009953
541431.443,EarthReturn,-276140.649,6981.925,-10866.314,-373370.230,-150798.329,27.688,1.030914859,-0.264917145,-0.043958475
541671.443,EarthReturn,-275893.081,6918.339,-10876.857,-373276.845,-151011.763,27.738,1.032155654,-0.264971358,-0.043906821
541911.443,EarthReturn,-275645.215,6854.739,-10887.389,-373183.351,-151225.153,27.787,1.033398738,-0.265025296,-0.043854991
542151.443,EarthReturn,-275397.049,6791.127,-10897.908,-373089.632,-151438.451,27.837,1.034644119,-0.265078959,-0.043802984
542391.443,EarthReturn,-275148.585,6727.501,-10908.414,-372995.913,-151651.749,27.886,1.035891807,-0.265132346,-0.043750799
542631.443,EarthReturn,-274899.821,6663.863,-10918.908,-372901.919,-151864.933,27.936,1.037141809,-0.265185455,-0.043698435
542871.443,EarthReturn,-274650.757,6600.212,-10929.390,-372807.866,-152078.095,27.985,1.038394134,-0.265238287,-0.043645891
543111.443,EarthReturn,-274401.392,6536.549,-10939.858,-372713.706,-152291.211,28.034,1.039648792,-0.265290839,-0.043593167
543351.443,EarthReturn,-274151.725,6472.873,-10950.314,-372619.320,-152504.234,28.084,1.040905790,-0.265343110,-0.043540262
543591.443,EarthReturn,-273901.757,6409.184,-10960.758,-372524.933,-152717.257,28.133,1.042165138,-0.265395100,-0.043487174
543831.443,EarthReturn,-273651.486,6345.483,-10971.188,-372430.273,-152930.167,28.183,1.043426844,-0.265446808,-0.043433903
544071.443,EarthReturn,-273400.912,6281.770,-10981.606,-372335.554,-153143.053,28.232,1.044690919,-0.265498232,-0.043380447
544311.443,EarthReturn,-273150.034,6218.044,-10992.011,-372240.728,-153355.894,28.281,1.045957370,-0.265549371,-0.043326807
544551.443,EarthReturn,-272898.852,6154.306,-11002.403,-372145.676,-153568.641,28.331,1.047226206,-0.265600225,-0.043272981
544791.443,EarthReturn,-272647.365,6090.556,-11012.782,-372050.623,-153781.389,28.380,1.048497437,-0.265650791,-0.043218968
545031.443,EarthReturn,-272395.573,6026.794,-11023.148,-371955.297,-153994.022,28.430,1.049771072,-0.265701070,-0.043164768
545271.443,EarthReturn,-272143.475,5963.019,-11033.501,-371859.912,-154206.631,28.480,1.051047120,-0.265751059,-0.043110378
545511.443,EarthReturn,-271891.070,5899.233,-11043.841,-371764.419,-154419.193,28.529,1.052325591,-0.265800759,-0.043055800
545751.443,EarthReturn,-271638.358,5835.435,-11054.168,-371668.702,-154631.663,28.579,1.053606493,-0.265850167,-0.043001030
545991.443,EarthReturn,-271385.339,5771.625,-11064.481,-371572.984,-154844.132,28.629,1.054889836,-0.265899282,-0.042946069
546231.443,EarthReturn,-271132.011,5707.803,-11074.782,-371476.992,-155056.486,28.678,1.056175630,-0.265948104,-0.042890916
546471.443,EarthReturn,-270878.374,5643.970,-11085.069,-371380.942,-155268.815,28.728,1.057463883,-0.265996630,-0.042835570
546711.443,EarthReturn,-270624.428,5580.125,-11095.343,-371284.784,-155481.100,28.778,1.058754606,-0.266044861,-0.042780029
546951.443,EarthReturn,-270370.172,5516.269,-11105.603,-371188.402,-155693.289,28.827,1.060047808,-0.266092794,-0.042724293
547191.443,EarthReturn,-270115.605,5452.401,-11115.850,-371092.019,-155905.478,28.877,1.061343498,-0.266140429,-0.042668360
547431.443,EarthReturn,-269860.727,5388.521,-11126.084,-370995.364,-156117.552,28.927,1.062641687,-0.266187764,-0.042612230
547671.443,EarthReturn,-269605.537,5324.630,-11136.304,-370898.649,-156329.601,28.976,1.063942384,-0.266234798,-0.042555903
547911.443,EarthReturn,-269350.034,5260.729,-11146.511,-370801.826,-156541.603,29.026,1.065245599,-0.266281529,-0.042499375
548142.811,EarthReturn,-269105.570,5190.725,-11164.634,-370708.270,-156745.889,29.074,1.066436415,-0.266479750,-0.042603301
548382.811,EarthReturn,-268849.469,5126.765,-11174.851,-370611.224,-156957.795,29.125,1.067744579,-0.266525844,-0.042546339
548622.811,EarthReturn,-268593.053,5062.793,-11185.056,-370513.916,-157169.591,29.174,1.069055289,-0.266571632,-0.042489174
548862.811,EarthReturn,-268336.322,4998.810,-11195.246,-370416.538,-157381.357,29.224,1.070368557,-0.266617113,-0.042431806
549102.811,EarthReturn,-268079.276,4934.817,-11205.423,-370319.064,-157593.082,29.273,1.071684391,-0.266662284,-0.042374233
549342.811,EarthReturn,-267821.913,4870.812,-11215.586,-370221.354,-157804.705,29.324,1.073002803,-0.266707145,-0.042316455
549582.811,EarthReturn,-267564.234,4806.797,-11225.735,-370123.644,-158016.328,29.373,1.074323802,-0.266751695,-0.042258470
549822.811,EarthReturn,-267306.238,4742.772,-11235.870,-370025.672,-158227.839,29.424,1.075647399,-0.266795932,-0.042200278
550062.811,EarthReturn,-267047.923,4678.735,-11245.991,-369927.631,-158439.320,29.473,1.076973604,-0.266839854,-0.042141877
550302.811,EarthReturn,-266789.290,4614.689,-11256.098,-369829.494,-158650.758,29.523,1.078302427,-0.266883461,-0.042083266
550542.811,EarthReturn,-266530.338,4550.631,-11266.191,-369731.121,-158862.097,29.573,1.079633880,-0.266926750,-0.042024445
550782.811,EarthReturn,-266271.066,4486.564,-11276.270,-369632.748,-159073.434,29.623,1.080967971,-0.266969721,-0.041965411
551022.811,EarthReturn,-266011.473,4422.486,-11286.334,-369534.114,-159284.657,29.673,1.082304713,-0.267012372,-0.041906165
551262.811,EarthReturn,-265751.559,4358.398,-11296.385,-369435.410,-159495.851,29.723,1.083644115,-0.267054702,-0.041846705
551502.811,EarthReturn,-265491.323,4294.300,-11306.421,-369336.611,-159707.004,29.773,1.084986188,-0.267096709,-0.041787029
551742.811,EarthReturn,-265230.765,4230.191,-11316.442,-369237.576,-159918.053,29.823,1.086330944,-0.267138392,-0.041727137
551982.811,EarthReturn,-264969.884,4166.073,-11326.450,-369138.541,-160129.103,29.872,1.087678392,-0.267179749,-0.041667028
552222.811,EarthReturn,-264708.680,4101.945,-11336.443,-369039.246,-160340.039,29.923,1.089028544,-0.267220779,-0.041606701
552462.811,EarthReturn,-264447.150,4037.807,-11346.421,-368939.880,-160550.944,29.972,1.090381411,-0.267261481,-0.041546154
552702.811,EarthReturn,-264185.296,3973.660,-11356.385,-368840.419,-160761.807,30.023,1.091737003,-0.267301852,-0.041485386
552942.811,EarthReturn,-263923.116,3909.502,-11366.334,-368740.723,-160972.567,30.073,1.093095332,-0.267341891,-0.041424397
553182.811,EarthReturn,-263660.610,3845.336,-11376.268,-368641.027,-161183.326,30.123,1.094456409,-0.267381598,-0.041363184
553422.811,EarthReturn,-263397.777,3781.159,-11386.188,-368541.070,-161393.972,30.174,1.095820245,-0.267420969,-0.041301748
553662.811,EarthReturn,-263134.616,3716.974,-11396.093,-368441.043,-161604.586,30.223,1.097186852,-0.267460004,-0.041240086
553902.811,EarthReturn,-262871.127,3652.778,-11405.983,-368340.921,-161815.158,30.273,1.098556240,-0.267498702,-0.041178197
554142.811,EarthReturn,-262607.309,3588.574,-11415.859,-368240.564,-162025.626,30.324,1.099928421,-0.267537060,-0.041116081
554382.811,EarthReturn,-262343.161,3524.361,-11425.719,-368140.207,-162236.095,30.373,1.101303408,-0.267575076,-0.041053737
554527.598,EarthReturn,-262183.647,3485.618,-11431.660,-368079.534,-162363.009,30.404,1.102134269,-0.267597845,-0.041016014
554767.598,EarthReturn,-261918.969,3421.390,-11441.497,-367978.847,-162573.330,30.454,1.103513776,-0.267635312,-0.040953300
555007.598,EarthReturn,-261653.960,3357.153,-11451.318,-367878.161,-162783.652,30.504,1.104896118,-0.267672433,-0.040890354
555247.598,EarthReturn,-261388.619,3292.907,-11461.124,-367777.179,-162993.843,30.554,1.106281307,-0.267709207,-0.040827175
555487.598,EarthReturn,-261122.945,3228.652,-11470.915,-367676.162,-163204.017,30.604,1.107669354,-0.267745633,-0.040763761
555727.598,EarthReturn,-260856.937,3164.389,-11480.691,-367575.016,-163414.134,30.654,1.109060271,-0.267781708,-0.040700112
555967.598,EarthReturn,-260590.596,3100.117,-11490.451,-367473.670,-163624.161,30.705,1.110454071,-0.267817431,-0.040636226
556207.598,EarthReturn,-260323.919,3035.837,-11500.196,-367372.323,-163834.187,30.755,1.111850764,-0.267852800,-0.040572102
556447.598,EarthReturn,-260056.907,2971.548,-11509.926,-367270.683,-164044.083,30.805,1.113250365,-0.267887814,-0.040507738
556687.598,EarthReturn,-259789.559,2907.251,-11519.640,-367169.006,-164253.961,30.855,1.114652884,-0.267922470,-0.040443134
556927.598,EarthReturn,-259521.873,2842.945,-11529.338,-367067.201,-164463.783,30.906,1.116058333,-0.267956768,-0.040378288
557167.598,EarthReturn,-259253.850,2778.631,-11539.021,-366965.195,-164673.513,30.956,1.117466726,-0.267990704,-0.040313199
557407.598,EarthReturn,-258985.489,2714.310,-11548.689,-366863.190,-164883.244,31.007,1.118878075,-0.268024278,-0.040247865
557647.598,EarthReturn,-258716.789,2649.980,-11558.340,-366760.891,-165092.842,31.057,1.120292391,-0.268057488,-0.040182286
557887.598,EarthReturn,-258447.749,2585.642,-11567.976,-366658.556,-165302.423,31.107,1.121709689,-0.268090331,-0.040116459
558127.598,EarthReturn,-258178.368,2521.296,-11577.596,-366556.092,-165511.946,31.157,1.123129979,-0.268122806,-0.040050384
558367.598,EarthReturn,-257908.646,2456.943,-11587.200,-366453.429,-165721.378,31.208,1.124553275,-0.268154911,-0.039984059
558607.598,EarthReturn,-257638.582,2392.582,-11596.789,-366350.765,-165930.810,31.258,1.125979591,-0.268186644,-0.039917484
558847.598,EarthReturn,-257368.175,2328.214,-11606.361,-366247.808,-166140.109,31.309,1.127408937,-0.268218004,-0.039850656
559087.598,EarthReturn,-257097.425,2263.838,-11615.917,-366144.816,-166349.391,31.358,1.128841329,-0.268248988,-0.039783574
559327.598,EarthReturn,-256826.331,2199.454,-11625.457,-366041.694,-166558.614,31.409,1.130276778,-0.268279594,-0.039716237
559567.598,EarthReturn,-256554.892,2135.063,-11634.981,-365938.373,-166767.746,31.460,1.131715297,-0.268309821,-0.039648643
559807.598,EarthReturn,-256283.108,2070.665,-11644.488,-365835.052,-166976.878,31.510,1.133156901,-0.268339666,-0.039580792
560047.598,EarthReturn,-256010.977,2006.260,-11653.979,-365731.437,-167185.875,31.561,1.134601602,-0.268369128,-0.039512681
560287.598,EarthReturn,-255738.499,1941.848,-11663.454,-365627.788,-167394.855,31.610,1.136049413,-0.268398204,-0.039444310
560527.598,EarthReturn,-255465.673,1877.429,-11672.913,-365524.010,-167603.777,31.661,1.137500348,-0.268426892,-0.039375676
560767.598,EarthReturn,-255192.498,1813.003,-11682.354,-365420.032,-167812.607,31.712,1.138954421,-0.268455191,-0.039306779
561007.598,EarthReturn,-254918.974,1748.571,-11691.780,-365316.054,-168021.436,31.762,1.140411646,-0.268483099,-0.039237617
561247.598,EarthReturn,-254645.101,1684.132,-11701.189,-365211.783,-168230.130,31.812,1.141872035,-0.268510612,-0.039168188
561487.598,EarthReturn,-254370.876,1619.686,-11710.581,-365107.478,-168438.807,31.863,1.143335602,-0.268537730,-0.039098492
561727.598,EarthReturn,-254096.299,1555.233,-11719.956,-365003.043,-168647.425,31.913,1.144802362,-0.268564450,-0.039028526
561967.598,EarthReturn,-253821.370,1490.775,-11729.314,-364898.409,-168855.951,31.964,1.146272329,-0.268590769,-0.038958290
562207.598,EarthReturn,-253546.088,1426.310,-11738.656,-364793.776,-169064.475,32.014,1.147745517,-0.268616687,-0.038887781
562447.598,EarthReturn,-253270.452,1361.839,-11747.980,-364688.849,-169272.865,32.065,1.149221939,-0.268642200,-0.038816998
562687.598,EarthReturn,-252994.461,1297.362,-11757.288,-364583.887,-169481.236,32.115,1.150701610,-0.268667307,-0.038745940
562927.598,EarthReturn,-252718.115,1232.879,-11766.578,-364478.797,-169689.549,32.166,1.152184544,-0.268692004,-0.038674605
563167.598,EarthReturn,-252441.413,1168.390,-11775.852,-364373.508,-169897.768,32.216,1.153670756,-0.268716291,-0.038602992
563407.598,EarthReturn,-252164.353,1103.895,-11785.108,-364268.219,-170105.987,32.267,1.155160261,-0.268740164,-0.038531099
563647.598,EarthReturn,-251886.935,1039.394,-11794.347,-364162.638,-170314.069,32.317,1.156653072,-0.268763622,-0.038458924
563887.598,EarthReturn,-251609.159,974.888,-11803.568,-364057.022,-170522.134,32.368,1.158149205,-0.268786662,-0.038386466
564127.598,EarthReturn,-251331.023,910.377,-11812.772,-363951.277,-170730.139,32.419,1.159648674,-0.268809282,-0.038313724
564367.598,EarthReturn,-251052.528,845.860,-11821.959,-363845.334,-170938.050,32.469,1.161151494,-0.268831479,-0.038240695
564607.598,EarthReturn,-250773.670,781.338,-11831.128,-363739.390,-171145.960,32.520,1.162657681,-0.268853251,-0.038167379
564847.598,EarthReturn,-250494.452,716.810,-11840.279,-363633.154,-171353.733,32.570,1.164167249,-0.268874596,-0.038093773
565087.598,EarthReturn,-250214.870,652.278,-11849.413,-363526.884,-171561.489,32.621,1.165680213,-0.268895511,-0.038019876
565327.598,EarthReturn,-249934.925,587.740,-11858.528,-363420.485,-171769.185,32.671,1.167196590,-0.268915995,-0.037945686
565567.598,EarthReturn,-249654.615,523.198,-11867.626,-363313.888,-171976.786,32.722,1.168716393,-0.268936043,-0.037871202
565807.598,EarthReturn,-249373.941,458.651,-11876.707,-363207.291,-172184.386,32.772,1.170239640,-0.268955655,-0.037796422
566047.598,EarthReturn,-249092.900,394.100,-11885.769,-363100.401,-172391.848,32.824,1.171766344,-0.268974827,-0.037721344
566287.598,EarthReturn,-248811.493,329.543,-11894.813,-362993.477,-172599.294,32.874,1.173296523,-0.268993557,-0.037645967
566527.598,EarthReturn,-248529.717,264.983,-11903.839,-362886.426,-172806.677,32.924,1.174830192,-0.269011843,-0.037570289
566767.598,EarthReturn,-248247.574,200.418,-11912.847,-362779.176,-173013.966,32.975,1.176367366,-0.269029681,-0.037494308
567007.598,EarthReturn,-247965.061,135.848,-11921.836,-362671.925,-173221.256,33.026,1.177908062,-0.269047070,-0.037418022
567247.598,EarthReturn,-247682.178,71.275,-11930.807,-362564.383,-173428.404,33.077,1.179452296,-0.269064007,-0.037341430
567487.598,EarthReturn,-247398.923,6.698,-11939.760,-362456.807,-173635.536,33.127,1.181000084,-0.269080488,-0.037264531
567727.598,EarthReturn,-247115.297,-57.883,-11948.694,-362349.103,-173842.607,33.178,1.182551442,-0.269096512,-0.037187321
567967.598,EarthReturn,-246831.298,-122.469,-11957.610,-362241.200,-174049.582,33.229,1.184106387,-0.269112076,-0.037109800
568207.598,EarthReturn,-246546.926,-187.057,-11966.507,-362133.298,-174256.557,33.279,1.185664936,-0.269127177,-0.037031965
568447.598,EarthReturn,-246262.179,-251.650,-11975.385,-362025.104,-174463.391,33.330,1.187227105,-0.269141811,-0.036953815
568687.598,EarthReturn,-245977.057,-316.245,-11984.245,-361916.876,-174670.209,33.381,1.188792910,-0.269155978,-0.036875349
568927.598,EarthReturn,-245691.558,-380.844,-11993.085,-361808.520,-174876.965,33.432,1.190362369,-0.269169673,-0.036796563
569167.598,EarthReturn,-245405.682,-445.447,-12001.907,-361699.966,-175083.624,33.482,1.191935500,-0.269182894,-0.036717457
569407.598,EarthReturn,-245119.429,-510.052,-12010.710,-361591.411,-175290.283,33.533,1.193512318,-0.269195639,-0.036638028
569647.598,EarthReturn,-244832.796,-574.661,-12019.493,-361482.567,-175496.801,33.584,1.195092841,-0.269207903,-0.036558275
569887.598,EarthReturn,-244545.784,-639.272,-12028.258,-361373.689,-175703.301,33.634,1.196677086,-0.269219685,-0.036478195
570127.598,EarthReturn,-244258.391,-703.886,-12037.003,-361264.681,-175909.740,33.685,1.198265072,-0.269230982,-0.036397787
570367.598,EarthReturn,-243970.616,-768.503,-12045.728,-361155.477,-176116.081,33.736,1.199856815,-0.269241790,-0.036317050
570607.598,EarthReturn,-243682.459,-833.122,-12054.435,-361046.272,-176322.423,33.786,1.201452333,-0.269252106,-0.036235980
570847.598,EarthReturn,-243393.919,-897.744,-12063.122,-360936.777,-176528.622,33.837,1.203051645,-0.269261928,-0.036154576
571087.598,EarthReturn,-243104.994,-962.368,-12071.789,-360827.248,-176734.804,33.888,1.204654767,-0.269271253,-0.036072836
571327.598,EarthReturn,-242815.684,-1026.994,-12080.437,-360717.591,-176940.923,33.939,1.206261719,-0.269280077,-0.035990758
571567.598,EarthReturn,-242525.988,-1091.622,-12089.064,-360607.736,-177146.945,33.990,1.207872518,-0.269288397,-0.035908340
571807.598,EarthReturn,-242235.905,-1156.252,-12097.673,-360497.881,-177352.967,34.040,1.209487182,-0.269296211,-0.035825580
572047.598,EarthReturn,-241945.434,-1220.884,-12106.261,-360387.736,-177558.846,34.091,1.211105731,-0.269303515,-0.035742476
572287.598,EarthReturn,-241654.574,-1285.518,-12114.829,-360277.557,-177764.707,34.142,1.212728183,-0.269310306,-0.035659025
572527.598,EarthReturn,-241363.324,-1350.153,-12123.377,-360167.251,-177970.505,34.193,1.214354556,-0.269316581,-0.035575227
572767.598,EarthReturn,-241071.684,-1414.790,-12131.905,-360056.747,-178176.205,34.243,1.215984869,-0.269322336,-0.035491079
573007.598,EarthReturn,-240779.651,-1479.428,-12140.413,-359946.243,-178381.906,34.294,1.217619141,-0.269327569,-0.035406578
573247.598,EarthReturn,-240487.226,-1544.067,-12148.900,-359835.451,-178587.462,34.345,1.219257392,-0.269332275,-0.035321723
573487.598,EarthReturn,-240194.407,-1608.707,-12157.367,-359724.622,-178793.001,34.395,1.220899641,-0.269336453,-0.035236511
573727.598,EarthReturn,-239901.194,-1673.348,-12165.814,-359613.667,-178998.476,34.447,1.222545906,-0.269340098,-0.035150940
573967.598,EarthReturn,-239607.585,-1737.990,-12174.240,-359502.516,-179203.853,34.497,1.224196208,-0.269343206,-0.035065009
574207.598,EarthReturn,-239313.579,-1802.633,-12182.645,-359391.363,-179409.230,34.548,1.225850566,-0.269345776,-0.034978715
574447.598,EarthReturn,-239019.176,-1867.276,-12191.029,-359279.922,-179614.462,34.599,1.227509000,-0.269347802,-0.034892055
574687.598,EarthReturn,-238724.375,-1931.920,-12199.393,-359168.446,-179819.676,34.650,1.229171530,-0.269349283,-0.034805028
574927.598,EarthReturn,-238429.174,-1996.564,-12207.736,-359056.843,-180024.827,34.701,1.230838176,-0.269350213,-0.034717631
575167.598,EarthReturn,-238133.572,-2061.208,-12216.057,-358945.044,-180229.878,34.751,1.232508959,-0.269350590,-0.034629862
575407.598,EarthReturn,-237837.569,-2125.852,-12224.358,-358833.244,-180434.929,34.802,1.234183897,-0.269350410,-0.034541719
575647.598,EarthReturn,-237541.164,-2190.496,-12232.637,-358721.156,-180639.836,34.853,1.235863013,-0.269349670,-0.034453199
575887.598,EarthReturn,-237244.355,-2255.140,-12240.896,-358609.033,-180844.723,34.903,1.237546327,-0.269348365,-0.034364301
576127.598,EarthReturn,-236947.141,-2319.783,-12249.132,-358496.783,-181049.547,34.955,1.239233859,-0.269346492,-0.034275021
576367.598,EarthReturn,-236649.522,-2384.426,-12257.347,-358384.337,-181254.272,35.005,1.240925631,-0.269344048,-0.034185358
576607.598,EarthReturn,-236351.496,-2449.068,-12265.541,-358271.890,-181458.996,35.057,1.242621663,-0.269341028,-0.034095309
576847.598,EarthReturn,-236053.063,-2513.710,-12273.713,-358159.156,-181663.573,35.107,1.244321977,-0.269337430,-0.034004872
577087.598,EarthReturn,-235754.221,-2578.350,-12281.863,-358046.386,-181868.133,35.159,1.246026594,-0.269333248,-0.033914044
577327.598,EarthReturn,-235454.970,-2642.990,-12289.992,-357933.491,-182072.628,35.209,1.247735536,-0.269328480,-0.033822823
577567.598,EarthReturn,-235155.308,-2707.628,-12298.098,-357820.398,-182277.023,35.259,1.249448825,-0.269323120,-0.033731206
577807.598,EarthReturn,-234855.234,-2772.265,-12306.183,-357707.305,-182481.418,35.311,1.251166482,-0.269317167,-0.033639192
578047.598,EarthReturn,-234554.748,-2836.900,-12314.245,-357593.926,-182685.665,35.362,1.252888530,-0.269310614,-0.033546777
578287.598,EarthReturn,-234253.847,-2901.534,-12322.285,-357480.511,-182889.895,35.413,1.254614990,-0.269303459,-0.033453959
578527.598,EarthReturn,-233952.532,-2966.166,-12330.303,-357366.969,-183094.060,35.463,1.256345886,-0.269295697,-0.033360735
578767.598,EarthReturn,-233650.801,-3030.796,-12338.298,-357253.232,-183298.124,35.514,1.258081239,-0.269287325,-0.033267103
579007.598,EarthReturn,-233348.653,-3095.424,-12346.271,-357139.495,-183502.187,35.565,1.259821072,-0.269278337,-0.033173061
579247.598,EarthReturn,-233046.087,-3160.049,-12354.221,-357025.469,-183706.103,35.616,1.261565409,-0.269268731,-0.033078605
579487.598,EarthReturn,-232743.101,-3224.673,-12362.149,-356911.409,-183910.001,35.667,1.263314271,-0.269258501,-0.032983734
579727.598,EarthReturn,-232439.695,-3289.293,-12370.054,-356797.224,-184113.833,35.718,1.265067684,-0.269247644,-0.032888444
579967.598,EarthReturn,-232135.868,-3353.911,-12377.935,-356682.842,-184317.564,35.769,1.266825668,-0.269236155,-0.032792732
580207.598,EarthReturn,-231831.619,-3418.527,-12385.794,-356568.461,-184521.294,35.819,1.268588250,-0.269224030,-0.032696597
580447.598,EarthReturn,-231526.946,-3483.139,-12393.630,-356453.791,-184724.876,35.870,1.270355451,-0.269211264,-0.032600036
580687.598,EarthReturn,-231221.848,-3547.748,-12401.442,-356339.088,-184928.440,35.921,1.272127296,-0.269197854,-0.032503045
580927.598,EarthReturn,-230916.324,-3612.354,-12409.231,-356224.258,-185131.938,35.972,1.273903810,-0.269183794,-0.032405622
581167.598,EarthReturn,-230610.373,-3676.956,-12416.997,-356109.233,-185335.333,36.023,1.275685015,-0.269169080,-0.032307764
581407.598,EarthReturn,-230303.995,-3741.555,-12424.739,-355994.208,-185538.729,36.074,1.277470938,-0.269153708,-0.032209469
581647.598,EarthReturn,-229997.187,-3806.150,-12432.457,-355878.896,-185741.975,36.125,1.279261601,-0.269137673,-0.032110733
581887.598,EarthReturn,-229689.949,-3870.741,-12440.152,-355763.549,-185945.202,36.176,1.281057032,-0.269120970,-0.032011554
582127.598,EarthReturn,-229382.279,-3935.328,-12447.823,-355648.077,-186148.363,36.227,1.282857253,-0.269103594,-0.031911928
582367.598,EarthReturn,-229074.177,-3999.911,-12455.470,-355532.409,-186351.423,36.277,1.284662291,-0.269085542,-0.031811854
582607.598,EarthReturn,-228765.641,-4064.489,-12463.092,-355416.740,-186554.482,36.328,1.286472170,-0.269066808,-0.031711327
582847.598,EarthReturn,-228456.670,-4129.063,-12470.691,-355300.787,-186757.390,36.379,1.288286917,-0.269047387,-0.031610346
583087.598,EarthReturn,-228147.263,-4193.632,-12478.265,-355184.798,-186960.279,36.431,1.290106558,-0.269027275,-0.031508907
583327.598,EarthReturn,-227837.418,-4258.196,-12485.815,-355068.683,-187163.103,36.481,1.291931117,-0.269006466,-0.031407007
583567.598,EarthReturn,-227527.136,-4322.755,-12493.341,-354952.373,-187365.824,36.531,1.293760622,-0.268984956,-0.031304642
583807.598,EarthReturn,-227216.413,-4387.308,-12500.841,-354836.063,-187568.544,36.583,1.295595099,-0.268962739,-0.031201811
584047.598,EarthReturn,-226905.250,-4451.857,-12508.317,-354719.468,-187771.112,36.634,1.297434573,-0.268939810,-0.031098510
584287.598,EarthReturn,-226593.644,-4516.399,-12515.769,-354602.837,-187973.662,36.684,1.299279074,-0.268916166,-0.030994735
584527.598,EarthReturn,-226281.595,-4580.936,-12523.195,-354486.081,-188176.145,36.735,1.301128626,-0.268891799,-0.030890485
584767.598,EarthReturn,-225969.102,-4645.467,-12530.596,-354369.131,-188378.525,36.787,1.302983257,-0.268866705,-0.030785754
585007.598,EarthReturn,-225656.163,-4709.992,-12537.972,-354252.180,-188580.904,36.838,1.304842996,-0.268840879,-0.030680541
585247.598,EarthReturn,-225342.777,-4774.511,-12545.323,-354134.944,-188783.131,36.888,1.306707868,-0.268814315,-0.030574842
585487.598,EarthReturn,-225028.943,-4839.023,-12552.648,-354017.672,-188985.340,36.939,1.308577903,-0.268787008,-0.030468654
585727.598,EarthReturn,-224714.659,-4903.529,-12559.948,-353900.276,-189187.481,36.990,1.310453129,-0.268758953,-0.030361973
585967.598,EarthReturn,-224399.925,-4968.027,-12567.222,-353782.685,-189389.518,37.041,1.312333573,-0.268730144,-0.030254797
586207.598,EarthReturn,-224084.738,-5032.519,-12574.470,-353665.094,-189591.555,37.092,1.314219264,-0.268700575,-0.030147121
586304.082,EarthReturn,-223957.934,-5061.832,-12580.152,-353617.728,-189672.726,37.112,1.314976482,-0.268818689,-0.030235289
586540.767,EarthReturn,-223646.478,-5125.453,-12587.295,-353501.445,-189871.803,37.162,1.316843386,-0.268788447,-0.030128385
586777.452,EarthReturn,-223334.579,-5189.068,-12594.413,-353385.163,-190070.879,37.212,1.318715461,-0.268757452,-0.030020988
587014.137,EarthReturn,-223022.237,-5252.675,-12601.506,-353268.640,-190269.826,37.262,1.320592735,-0.268725699,-0.029913093
587250.822,EarthReturn,-222709.450,-5316.274,-12608.573,-353152.044,-190468.733,37.312,1.322475235,-0.268693184,-0.029804699
587487.507,EarthReturn,-222396.216,-5379.866,-12615.615,-353035.375,-190667.600,37.363,1.324362990,-0.268659899,-0.029695800
587724.192,EarthReturn,-222082.536,-5443.450,-12622.630,-352918.463,-190866.337,37.413,1.326256029,-0.268625840,-0.029586395
587960.877,EarthReturn,-221768.406,-5507.026,-12629.620,-352801.550,-191065.073,37.463,1.328154381,-0.268591000,-0.029476479
588197.562,EarthReturn,-221453.827,-5570.593,-12636.584,-352684.419,-191263.690,37.513,1.330058075,-0.268555375,-0.029366049
588434.247,EarthReturn,-221138.796,-5634.152,-12643.521,-352567.193,-191462.256,37.563,1.331967140,-0.268518957,-0.029255101
588670.932,EarthReturn,-220823.313,-5697.702,-12650.432,-352449.917,-191660.793,37.613,1.333881607,-0.268481742,-0.029143633
588910.932,EarthReturn,-220502.948,-5762.133,-12657.413,-352330.729,-191861.965,37.665,1.335828434,-0.268443185,-0.029030068
589150.932,EarthReturn,-220182.115,-5826.554,-12664.367,-352211.541,-192063.137,37.715,1.337780876,-0.268403794,-0.028915960
589390.932,EarthReturn,-219860.813,-5890.966,-12671.293,-352092.145,-192264.196,37.766,1.339738966,-0.268363565,-0.028801305
589630.932,EarthReturn,-219539.040,-5955.369,-12678.191,-351972.639,-192465.193,37.817,1.341702736,-0.268322490,-0.028686099
589870.932,EarthReturn,-219216.795,-6019.761,-12685.062,-351853.083,-192666.163,37.868,1.343672217,-0.268280562,-0.028570339
590110.932,EarthReturn,-218894.077,-6084.143,-12691.905,-351733.258,-192866.987,37.919,1.345647443,-0.268237777,-0.028454021
590350.932,EarthReturn,-218570.884,-6148.515,-12698.720,-351613.433,-193067.809,37.970,1.347628446,-0.268194125,-0.028337140
590590.932,EarthReturn,-218247.214,-6212.876,-12705.507,-351493.400,-193268.517,38.021,1.349615258,-0.268149602,-0.028219693
590830.932,EarthReturn,-217923.068,-6277.227,-12712.265,-351373.257,-193469.165,38.071,1.351607914,-0.268104200,-0.028101675
591070.932,EarthReturn,-217598.442,-6341.566,-12718.995,-351253.064,-193669.785,38.122,1.353606447,-0.268057912,-0.027983084
591310.932,EarthReturn,-217273.336,-6405.895,-12725.697,-351132.603,-193870.257,38.173,1.355610891,-0.268010732,-0.027863914
591550.932,EarthReturn,-216947.748,-6470.211,-12732.370,-351012.142,-194070.728,38.224,1.357621280,-0.267962653,-0.027744162
591790.932,EarthReturn,-216621.678,-6534.517,-12739.014,-350891.472,-194271.085,38.274,1.359637648,-0.267913666,-0.027623823
592030.932,EarthReturn,-216295.122,-6598.810,-12745.629,-350770.694,-194471.380,38.325,1.361660030,-0.267863766,-0.027502893
592270.932,EarthReturn,-215968.080,-6663.091,-12752.216,-350649.865,-194671.648,38.376,1.363688461,-0.267812945,-0.027381368
592510.932,EarthReturn,-215640.551,-6727.360,-12758.772,-350528.769,-194871.767,38.427,1.365722977,-0.267761196,-0.027259244
592750.932,EarthReturn,-215312.533,-6791.616,-12765.300,-350407.673,-195071.886,38.478,1.367763612,-0.267708511,-0.027136516
592990.932,EarthReturn,-214984.024,-6855.860,-12771.798,-350286.368,-195271.889,38.529,1.369810404,-0.267654882,-0.027013181
593230.932,EarthReturn,-214655.023,-6920.091,-12778.266,-350164.954,-195471.830,38.579,1.371863387,-0.267600304,-0.026889233
593470.932,EarthReturn,-214325.529,-6984.308,-12784.705,-350043.490,-195671.743,38.630,1.373922600,-0.267544767,-0.026764668
593710.932,EarthReturn,-213995.540,-7048.512,-12791.113,-349921.759,-195871.508,38.681,1.375988077,-0.267488264,-0.026639482
593950.932,EarthReturn,-213665.054,-7112.702,-12797.492,-349800.028,-196071.271,38.731,1.378059858,-0.267430787,-0.026513670
594190.932,EarthReturn,-213334.071,-7176.879,-12803.840,-349678.090,-196270.918,38.782,1.380137978,-0.267372329,-0.026387228
594430.932,EarthReturn,-213002.588,-7241.041,-12810.157,-349556.041,-196470.504,38.833,1.382222476,-0.267312881,-0.026260150
594670.932,EarthReturn,-212670.603,-7305.189,-12816.445,-349433.944,-196670.062,38.884,1.384313391,-0.267252435,-0.026132433
594910.932,EarthReturn,-212338.117,-7369.322,-12822.701,-349311.579,-196869.469,38.934,1.386410759,-0.267190984,-0.026004072
595150.932,EarthReturn,-212005.126,-7433.440,-12828.926,-349189.214,-197068.876,38.986,1.388514621,-0.267128519,-0.025875062
595390.932,EarthReturn,-211671.629,-7497.544,-12835.121,-349066.643,-197268.165,39.036,1.390625015,-0.267065032,-0.025745397
595630.932,EarthReturn,-211337.625,-7561.632,-12841.284,-348943.961,-197467.393,39.087,1.392741981,-0.267000514,-0.025615074
595870.932,EarthReturn,-211003.112,-7625.704,-12847.416,-348821.230,-197666.593,39.138,1.394865559,-0.266934957,-0.025484087
596110.932,EarthReturn,-210668.089,-7689.760,-12853.516,-348698.233,-197865.642,39.188,1.396995788,-0.266868352,-0.025352432
596350.932,EarthReturn,-210332.554,-7753.801,-12859.585,-348575.235,-198064.689,39.239,1.399132709,-0.266800691,-0.025220103
596590.932,EarthReturn,-209996.505,-7817.825,-12865.622,-348452.031,-198263.620,39.290,1.401276363,-0.266731965,-0.025087095
596830.932,EarthReturn,-209659.941,-7881.832,-12871.627,-348328.717,-198462.488,39.341,1.403426792,-0.266662165,-0.024953404
597070.932,EarthReturn,-209322.859,-7945.822,-12877.600,-348205.354,-198661.328,39.391,1.405584036,-0.266591281,-0.024819023
597310.932,EarthReturn,-208985.260,-8009.796,-12883.540,-348081.725,-198860.016,39.442,1.407748138,-0.266519306,-0.024683949
597550.932,EarthReturn,-208647.140,-8073.751,-12889.448,-347958.095,-199058.703,39.492,1.409919140,-0.266446229,-0.024548175
597790.932,EarthReturn,-208308.498,-8137.690,-12895.323,-347834.259,-199257.272,39.543,1.412097085,-0.266372042,-0.024411697
598030.932,EarthReturn,-207969.333,-8201.610,-12901.165,-347710.314,-199455.779,39.594,1.414282016,-0.266296735,-0.024274508
598270.932,EarthReturn,-207629.642,-8265.512,-12906.975,-347586.319,-199654.258,39.645,1.416473976,-0.266220298,-0.024136604
598510.932,EarthReturn,-207289.425,-8329.396,-12912.751,-347462.059,-199852.582,39.695,1.418673010,-0.266142723,-0.023997979
598750.932,EarthReturn,-206948.678,-8393.260,-12918.494,-347337.799,-200050.908,39.746,1.420879160,-0.266063999,-0.023858627
598990.932,EarthReturn,-206607.402,-8457.106,-12924.203,-347213.331,-200249.114,39.797,1.423092473,-0.265984116,-0.023718544
599230.932,EarthReturn,-206265.594,-8520.933,-12929.879,-347088.756,-200447.257,39.847,1.425312993,-0.265903065,-0.023577722
599405.100,EarthReturn,-206017.050,-8567.214,-12934.106,-346998.351,-200591.050,39.884,1.426957979,-0.265839786,-0.023500818
599645.100,EarthReturn,-205674.313,-8631.006,-12939.729,-346873.498,-200789.032,39.934,1.429191046,-0.265756694,-0.023358709
599885.100,EarthReturn,-205331.038,-8694.777,-12945.318,-346748.607,-200986.993,39.985,1.431431446,-0.265672407,-0.023215846
600125.100,EarthReturn,-204987.225,-8758.528,-12950.872,-346623.597,-201184.884,40.036,1.433679225,-0.265586914,-0.023072223
600365.100,EarthReturn,-204642.871,-8822.259,-12956.392,-346498.392,-201382.662,40.086,1.435934430,-0.265500203,-0.022927835
600605.100,EarthReturn,-204297.976,-8885.968,-12961.878,-346373.187,-201580.439,40.137,1.438197108,-0.265412265,-0.022782676
600845.100,EarthReturn,-203952.536,-8949.657,-12967.328,-346247.704,-201778.056,40.187,1.440467307,-0.265323088,-0.022636739
601085.100,EarthReturn,-203606.551,-9013.323,-12972.743,-346122.184,-201975.650,40.238,1.442745076,-0.265232663,-0.022490019
601325.100,EarthReturn,-203260.018,-9076.968,-12978.123,-345996.544,-202173.175,40.289,1.445030463,-0.265140977,-0.022342510
601565.100,EarthReturn,-202912.936,-9140.591,-12983.468,-345870.710,-202370.585,40.339,1.447323518,-0.265048021,-0.022194204
601805.100,EarthReturn,-202565.302,-9204.191,-12988.776,-345744.877,-202567.997,40.390,1.449624291,-0.264953782,-0.022045096
602045.100,EarthReturn,-202217.115,-9267.769,-12994.049,-345618.765,-202765.245,40.440,1.451932831,-0.264858249,-0.021895179
602285.100,EarthReturn,-201868.374,-9331.323,-12999.286,-345492.618,-202962.470,40.490,1.454249189,-0.264761411,-0.021744447
602525.100,EarthReturn,-201519.075,-9394.854,-13004.486,-345366.350,-203159.627,40.541,1.456573416,-0.264663256,-0.021592894
602765.100,EarthReturn,-201169.218,-9458.361,-13009.650,-345239.888,-203356.669,40.592,1.458905564,-0.264563772,-0.021440512
603005.100,EarthReturn,-200818.800,-9521.845,-13014.778,-345113.426,-203553.709,40.643,1.461245686,-0.264462948,-0.021287295
603245.100,EarthReturn,-200467.819,-9585.303,-13019.868,-344986.688,-203750.588,40.693,1.463593833,-0.264360772,-0.021133237
603485.100,EarthReturn,-200116.274,-9648.738,-13024.922,-344859.912,-203947.444,40.743,1.465950059,-0.264257230,-0.020978330
603725.100,EarthReturn,-199764.163,-9712.147,-13029.938,-344733.018,-204144.229,40.794,1.468314417,-0.264152311,-0.020822567
603965.100,EarthReturn,-199411.483,-9775.531,-13034.916,-344605.929,-204340.901,40.844,1.470686962,-0.264046003,-0.020665943
604205.100,EarthReturn,-199058.232,-9838.889,-13039.857,-344478.840,-204537.571,40.895,1.473067748,-0.263938293,-0.020508449
604445.100,EarthReturn,-198704.409,-9902.221,-13044.760,-344351.475,-204734.078,40.945,1.475456831,-0.263829167,-0.020350078
604685.100,EarthReturn,-198350.012,-9965.527,-13049.625,-344224.074,-204930.562,40.996,1.477854265,-0.263718613,-0.020190823
604925.100,EarthReturn,-197995.039,-10028.806,-13054.452,-344096.553,-205126.975,41.046,1.480260108,-0.263606619,-0.020030678
605165.100,EarthReturn,-197639.487,-10092.058,-13059.240,-343968.838,-205323.273,41.096,1.482674416,-0.263493170,-0.019869634
605405.100,EarthReturn,-197283.354,-10155.282,-13063.989,-343841.123,-205519.571,41.147,1.485097246,-0.263378253,-0.019707684
605645.100,EarthReturn,-196926.639,-10218.479,-13068.700,-343713.133,-205715.703,41.198,1.487528656,-0.263261855,-0.019544821
605885.100,EarthReturn,-196569.340,-10281.648,-13073.371,-343585.105,-205911.814,41.248,1.489968706,-0.263143962,-0.019381037
606125.100,EarthReturn,-196211.454,-10344.788,-13078.002,-343456.959,-206107.853,41.298,1.492417453,-0.263024559,-0.019216324
606365.100,EarthReturn,-195852.979,-10407.899,-13082.594,-343328.619,-206303.776,41.349,1.494874958,-0.262903634,-0.019050674
606605.100,EarthReturn,-195493.913,-10470.982,-13087.147,-343200.279,-206499.698,41.399,1.497341280,-0.262781171,-0.018884080
606845.100,EarthReturn,-195134.254,-10534.034,-13091.659,-343071.664,-206695.456,41.450,1.499816481,-0.262657157,-0.018716534
607085.100,EarthReturn,-194774.000,-10597.057,-13096.131,-342943.012,-206891.191,41.499,1.502300622,-0.262531576,-0.018548028
607325.100,EarthReturn,-194413.149,-10660.049,-13100.562,-342814.241,-207086.854,41.550,1.504793765,-0.262404414,-0.018378552
607565.100,EarthReturn,-194051.699,-10723.011,-13104.952,-342685.277,-207282.400,41.601,1.507295973,-0.262275655,-0.018208100
607805.100,EarthReturn,-193689.646,-10785.942,-13109.302,-342556.313,-207477.947,41.650,1.509807309,-0.262145285,-0.018036663
608045.100,EarthReturn,-193326.990,-10848.841,-13113.610,-342427.075,-207673.327,41.701,1.512327836,-0.262013289,-0.017864232
608285.100,EarthReturn,-192963.728,-10911.708,-13117.876,-342297.799,-207868.684,41.751,1.514857620,-0.261879650,-0.017690799
608525.100,EarthReturn,-192599.858,-10974.543,-13122.101,-342168.404,-208063.969,41.801,1.517396726,-0.261744353,-0.017516356
608765.100,EarthReturn,-192235.377,-11037.345,-13126.284,-342038.818,-208259.136,41.852,1.519945220,-0.261607382,-0.017340892
609005.100,EarthReturn,-191870.284,-11100.114,-13130.425,-341909.230,-208454.304,41.902,1.522503167,-0.261468721,-0.017164401
609245.100,EarthReturn,-191504.575,-11162.850,-13134.523,-341779.369,-208649.305,41.952,1.525070637,-0.261328354,-0.016986872
609485.100,EarthReturn,-191138.249,-11225.552,-13138.578,-341649.470,-208844.283,42.003,1.527647695,-0.261186263,-0.016808297
609725.100,EarthReturn,-190771.303,-11288.219,-13142.591,-341519.453,-209039.188,42.053,1.530234412,-0.261042433,-0.016628666
609965.100,EarthReturn,-190403.736,-11350.852,-13146.560,-341389.244,-209233.976,42.103,1.532830856,-0.260896845,-0.016447971
610205.100,EarthReturn,-190035.544,-11413.449,-13150.486,-341259.035,-209428.763,42.154,1.535437098,-0.260749484,-0.016266201
610445.100,EarthReturn,-189666.725,-11476.011,-13154.368,-341128.552,-209623.382,42.204,1.538053208,-0.260600331,-0.016083348
610685.100,EarthReturn,-189297.277,-11538.537,-13158.206,-340998.032,-209817.978,42.253,1.540679257,-0.260449369,-0.015899401
610925.100,EarthReturn,-188927.198,-11601.027,-13161.999,-340867.393,-210012.503,42.304,1.543315319,-0.260296580,-0.015714352
611110.933,EarthReturn,-188640.209,-11649.388,-13164.906,-340766.090,-210163.031,42.342,1.545363357,-0.260177008,-0.015570303
611208.240,EarthReturn,-188489.773,-11674.608,-13166.300,-340713.046,-210241.851,42.363,1.546534311,-0.259107891,-0.014222646
611295.963,EarthReturn,-188354.064,-11697.336,-13167.545,-340665.226,-210312.909,42.382,1.547504717,-0.259050784,-0.014154249
611383.687,EarthReturn,-188218.268,-11720.058,-13168.783,-340617.405,-210383.968,42.400,1.548476485,-0.258993426,-0.014085701
611471.410,EarthReturn,-188082.388,-11742.775,-13170.016,-340569.536,-210454.996,42.418,1.549449621,-0.258935819,-0.014017002
611559.134,EarthReturn,-187946.422,-11765.488,-13171.242,-340521.602,-210525.984,42.436,1.550424126,-0.258877959,-0.013948152
611646.857,EarthReturn,-187810.371,-11788.195,-13172.463,-340473.668,-210596.971,42.454,1.551400005,-0.258819847,-0.013879151
611734.581,EarthReturn,-187674.234,-11810.897,-13173.678,-340425.733,-210667.959,42.473,1.552377262,-0.258761481,-0.013809998
611822.304,EarthReturn,-187538.011,-11833.594,-13174.886,-340377.800,-210738.946,42.491,1.553355901,-0.258702861,-0.013740691
611910.028,EarthReturn,-187401.702,-11856.285,-13176.088,-340329.866,-210809.935,42.510,1.554335924,-0.258643985,-0.013671232
611997.751,EarthReturn,-187265.212,-11879.061,-13177.424,-340281.933,-210880.922,42.528,1.555327179,-0.258601796,-0.013630680
612237.751,EarthReturn,-186891.610,-11941.106,-13180.672,-340150.528,-211074.972,42.579,1.558019325,-0.258438700,-0.013439436
612477.751,EarthReturn,-186517.362,-12003.112,-13183.874,-340019.077,-211268.993,42.628,1.560721973,-0.258273658,-0.013247028
612717.751,EarthReturn,-186142.463,-12065.077,-13187.030,-339887.518,-211462.946,42.679,1.563435200,-0.258106652,-0.013053445
612957.751,EarthReturn,-185766.912,-12127.003,-13190.140,-339755.756,-211656.775,42.728,1.566159085,-0.257937661,-0.012858676
613197.751,EarthReturn,-185390.706,-12188.887,-13193.203,-339623.996,-211850.603,42.778,1.568893708,-0.257766664,-0.012662711
613437.751,EarthReturn,-185013.842,-12250.731,-13196.218,-339491.972,-212044.267,42.828,1.571639151,-0.257593642,-0.012465538
613677.751,EarthReturn,-184636.318,-12312.532,-13199.186,-339359.902,-212237.902,42.878,1.574395495,-0.257418574,-0.012267146
613917.751,EarthReturn,-184258.131,-12374.291,-13202.106,-339227.723,-212431.469,42.929,1.577162822,-0.257241439,-0.012067524
614157.751,EarthReturn,-183879.279,-12436.008,-13204.978,-339095.343,-212624.910,42.979,1.579941216,-0.257062215,-0.011866661
614397.751,EarthReturn,-183499.759,-12497.681,-13207.802,-338962.964,-212818.352,43.028,1.582730762,-0.256880881,-0.011664545
614637.751,EarthReturn,-183119.567,-12559.311,-13210.577,-338830.321,-213011.628,43.078,1.585531544,-0.256697414,-0.011461164
614877.751,EarthReturn,-182738.703,-12620.896,-13213.303,-338697.633,-213204.875,43.129,1.588343650,-0.256511793,-0.011256507
615117.751,EarthReturn,-182357.162,-12682.436,-13215.980,-338564.835,-213398.054,43.178,1.591167165,-0.256323996,-0.011050561
615357.751,EarthReturn,-181974.941,-12743.931,-13218.607,-338431.838,-213591.107,43.228,1.594002180,-0.256133999,-0.010843315
615597.751,EarthReturn,-181592.040,-12805.380,-13221.185,-338298.840,-213784.160,43.278,1.596848781,-0.255941779,-0.010634756
615837.751,EarthReturn,-181208.453,-12866.783,-13223.712,-338165.581,-213977.046,43.327,1.599707061,-0.255747313,-0.010424871
616077.751,EarthReturn,-180824.179,-12928.139,-13226.189,-338032.275,-214169.903,43.378,1.602577110,-0.255550577,-0.010213649
616317.751,EarthReturn,-180439.215,-12989.447,-13228.614,-337898.860,-214362.693,43.428,1.605459020,-0.255351546,-0.010001076
616557.751,EarthReturn,-180053.558,-13050.707,-13230.989,-337765.246,-214555.354,43.478,1.608352885,-0.255150198,-0.009787139
616797.751,EarthReturn,-179667.205,-13111.919,-13233.312,-337631.631,-214748.016,43.528,1.611258799,-0.254946506,-0.009571825
617037.751,EarthReturn,-179280.153,-13173.081,-13235.583,-337497.755,-214940.512,43.577,1.614176857,-0.254740446,-0.009355121
617277.751,EarthReturn,-178892.399,-13234.194,-13237.802,-337363.832,-215132.977,43.627,1.617107156,-0.254531992,-0.009137014
617517.751,EarthReturn,-178503.940,-13295.257,-13239.969,-337229.801,-215325.375,43.676,1.620049794,-0.254321118,-0.008917490
617757.751,EarthReturn,-178114.774,-13356.268,-13242.083,-337095.571,-215517.644,43.726,1.623004868,-0.254107799,-0.008696534
617997.751,EarthReturn,-177724.897,-13417.228,-13244.143,-336961.341,-215709.913,43.776,1.625972480,-0.253892007,-0.008474133
618237.751,EarthReturn,-177334.306,-13478.136,-13246.150,-336826.849,-215902.015,43.826,1.628952730,-0.253673715,-0.008250274
618477.751,EarthReturn,-176942.999,-13538.991,-13248.103,-336692.311,-216094.087,43.875,1.631945721,-0.253452897,-0.008024940
618717.751,EarthReturn,-176550.971,-13599.793,-13250.002,-336557.666,-216286.091,43.926,1.634951555,-0.253229525,-0.007798119
618957.751,EarthReturn,-176158.221,-13660.541,-13251.846,-336422.820,-216477.965,43.975,1.637970338,-0.253003570,-0.007569794
619197.751,EarthReturn,-175764.744,-13721.235,-13253.635,-336287.975,-216669.840,44.024,1.641002174,-0.252775003,-0.007339952
619437.751,EarthReturn,-175370.539,-13781.873,-13255.369,-336152.868,-216861.547,44.074,1.644047173,-0.252543797,-0.007108577
619677.751,EarthReturn,-174975.601,-13842.456,-13257.047,-336017.716,-217053.224,44.124,1.647105440,-0.252309922,-0.006875653
619917.751,EarthReturn,-174579.927,-13902.982,-13258.670,-335882.456,-217244.831,44.174,1.650177088,-0.252073347,-0.006641166
620157.751,EarthReturn,-174183.515,-13963.451,-13260.235,-335746.996,-217436.310,44.223,1.653262225,-0.251834043,-0.006405098
620397.751,EarthReturn,-173786.360,-14023.862,-13261.744,-335611.537,-217627.789,44.272,1.656360965,-0.251591978,-0.006167435
620637.751,EarthReturn,-173388.460,-14084.214,-13263.195,-335475.817,-217819.098,44.323,1.659473421,-0.251347123,-0.005928160
620877.751,EarthReturn,-172989.812,-14144.508,-13264.589,-335340.051,-218010.378,44.372,1.662599709,-0.251099445,-0.005687256
621117.751,EarthReturn,-172590.411,-14204.742,-13265.925,-335204.178,-218201.588,44.422,1.665739944,-0.250848912,-0.005444707
621357.751,EarthReturn,-172190.255,-14264.915,-13267.203,-335068.106,-218392.669,44.471,1.668894244,-0.250595491,-0.005200496
621597.751,EarthReturn,-171789.341,-14325.028,-13268.421,-334932.033,-218583.750,44.520,1.672062729,-0.250339150,-0.004954606
621837.751,EarthReturn,-171387.664,-14385.078,-13269.581,-334795.701,-218774.660,44.570,1.675245519,-0.250079856,-0.004707019
622077.751,EarthReturn,-170985.222,-14445.066,-13270.680,-334659.322,-218965.540,44.619,1.678442737,-0.249817573,-0.004457718
622317.751,EarthReturn,-170582.011,-14504.990,-13271.720,-334522.837,-219156.352,44.669,1.681654507,-0.249552268,-0.004206685
622557.751,EarthReturn,-170178.027,-14564.851,-13272.699,-334386.153,-219347.032,44.719,1.684880952,-0.249283906,-0.003953902
622797.751,EarthReturn,-169773.267,-14624.646,-13273.618,-334249.468,-219537.713,44.768,1.688122201,-0.249012450,-0.003699349
623037.751,EarthReturn,-169367.727,-14684.376,-13274.475,-334112.524,-219728.222,44.818,1.691378382,-0.248737866,-0.003443010
623277.751,EarthReturn,-168961.404,-14744.040,-13275.270,-333975.534,-219918.702,44.866,1.694649623,-0.248460115,-0.003184864
623517.751,EarthReturn,-168554.294,-14803.637,-13276.004,-333838.437,-220109.111,44.916,1.697936059,-0.248179162,-0.002924893
623742.811,EarthReturn,-168171.899,-14860.023,-13276.918,-333709.689,-220287.545,44.962,1.701022218,-0.247924767,-0.002646252
623982.811,EarthReturn,-167763.256,-14919.491,-13277.522,-333572.394,-220477.824,45.011,1.704338466,-0.247637488,-0.002382683
624222.811,EarthReturn,-167353.815,-14978.889,-13278.062,-333434.858,-220667.945,45.061,1.707670304,-0.247346894,-0.002117230
624462.811,EarthReturn,-166943.573,-15038.217,-13278.538,-333297.258,-220858.021,45.110,1.711017869,-0.247052944,-0.001849874
624702.811,EarthReturn,-166532.526,-15097.474,-13278.950,-333159.569,-221048.040,45.160,1.714381302,-0.246755598,-0.001580594
624942.811,EarthReturn,-166120.669,-15156.659,-13279.297,-333021.665,-221237.916,45.208,1.717760745,-0.246454816,-0.001309368
625182.811,EarthReturn,-165707.999,-15215.772,-13279.578,-332883.759,-221427.791,45.258,1.721156340,-0.246150555,-0.001036176
625422.811,EarthReturn,-165294.513,-15274.811,-13279.794,-332745.614,-221617.506,45.307,1.724568234,-0.245842775,-0.000760996
625662.811,EarthReturn,-164880.205,-15333.776,-13279.943,-332607.405,-221807.178,45.357,1.727996575,-0.245531432,-0.000483806
625902.811,EarthReturn,-164465.073,-15392.666,-13280.026,-332469.108,-221996.792,45.405,1.731441511,-0.245216482,-0.000204584
626142.811,EarthReturn,-164049.112,-15451.480,-13280.041,-332330.593,-222186.262,45.454,1.734903193,-0.244897882,0.000076693
626382.811,EarthReturn,-163632.318,-15510.217,-13279.989,-332192.079,-222375.731,45.504,1.738381776,-0.244575587,0.000360047
626622.811,EarthReturn,-163214.687,-15568.876,-13279.868,-332053.326,-222565.040,45.553,1.741877414,-0.244249551,0.000645502
626862.811,EarthReturn,-162796.215,-15627.456,-13279.679,-331914.508,-222754.306,45.602,1.745390265,-0.243919727,0.000933082
627102.811,EarthReturn,-162376.898,-15685.957,-13279.420,-331775.602,-222943.513,45.651,1.748920489,-0.243586069,0.001222809
627342.811,EarthReturn,-161956.732,-15744.377,-13279.092,-331636.480,-223132.576,45.701,1.752468246,-0.243248529,0.001514709
627582.811,EarthReturn,-161535.712,-15802.716,-13278.693,-331497.358,-223321.638,45.749,1.756033701,-0.242907058,0.001808806
627822.811,EarthReturn,-161113.835,-15860.972,-13278.223,-331357.997,-223510.539,45.798,1.759617020,-0.242561607,0.002105126
628062.811,EarthReturn,-160691.095,-15919.145,-13277.682,-331218.571,-223699.396,45.847,1.763218370,-0.242212126,0.002403693
628302.811,EarthReturn,-160267.488,-15977.234,-13277.069,-331079.058,-223888.195,45.896,1.766837924,-0.241858563,0.002704534
628542.811,EarthReturn,-159843.011,-16035.237,-13276.384,-330939.330,-224076.847,45.945,1.770475852,-0.241500866,0.003007674
628699.602,EarthReturn,-159565.229,-16073.084,-13275.897,-330848.045,-224200.094,45.977,1.772862503,-0.241264927,0.003206969
628939.602,EarthReturn,-159139.302,-16130.944,-13275.090,-330708.183,-224388.656,46.026,1.776531196,-0.240900280,0.003513971
629179.602,EarthReturn,-158712.493,-16188.716,-13274.210,-330568.151,-224577.103,46.075,1.780218736,-0.240531358,0.003823344
629419.602,EarthReturn,-158284.796,-16246.399,-13273.255,-330428.119,-224765.552,46.124,1.783925302,-0.240158105,0.004135116
629659.602,EarthReturn,-157856.207,-16303.991,-13272.225,-330287.802,-224953.805,46.173,1.787651080,-0.239780465,0.004449315
629899.602,EarthReturn,-157426.722,-16361.493,-13271.119,-330147.467,-225142.046,46.221,1.791396257,-0.239398381,0.004765971
630139.602,EarthReturn,-156996.335,-16418.902,-13269.937,-330006.999,-225330.197,46.271,1.795161021,-0.239011796,0.005085112
630379.602,EarthReturn,-156565.043,-16476.218,-13268.678,-329866.362,-225518.233,46.319,1.798945565,-0.238620649,0.005406767
630619.602,EarthReturn,-156132.840,-16533.440,-13267.341,-329725.725,-225706.268,46.369,1.802750083,-0.238224882,0.005730968
630859.602,EarthReturn,-155699.721,-16590.566,-13265.927,-329584.803,-225894.110,46.417,1.806574774,-0.237824433,0.006057745
631099.602,EarthReturn,-155265.682,-16647.595,-13264.434,-329443.863,-226081.938,46.465,1.810419837,-0.237419239,0.006387128
631339.602,EarthReturn,-154830.718,-16704.526,-13262.861,-329302.790,-226269.676,46.515,1.814285477,-0.237009238,0.006719149
631579.602,EarthReturn,-154394.824,-16761.359,-13261.208,-329161.549,-226457.297,46.563,1.818171898,-0.236594365,0.007053841
631819.602,EarthReturn,-153957.994,-16818.091,-13259.475,-329020.308,-226644.918,46.612,1.822079311,-0.236174554,0.007391236
632059.602,EarthReturn,-153520.224,-16874.722,-13257.660,-328878.782,-226832.345,46.660,1.826007927,-0.235749740,0.007731367
632299.602,EarthReturn,-153081.508,-16931.251,-13255.764,-328737.240,-227019.758,46.709,1.829957962,-0.235319855,0.008074268
632539.602,EarthReturn,-152641.842,-16987.676,-13253.784,-328595.563,-227207.080,46.758,1.833929634,-0.234884828,0.008419974
632779.602,EarthReturn,-152201.221,-17043.995,-13251.722,-328453.719,-227394.286,46.806,1.837923165,-0.234444591,0.008768518
633019.602,EarthReturn,-151759.638,-17100.209,-13249.575,-328311.874,-227581.492,46.855,1.841938780,-0.233999071,0.009119938
633259.602,EarthReturn,-151317.088,-17156.314,-13247.344,-328169.745,-227768.502,46.903,1.845976708,-0.233548196,0.009474268
633499.602,EarthReturn,-150873.567,-17212.311,-13245.027,-328027.600,-227955.499,46.952,1.850037179,-0.233091892,0.009831546
633739.602,EarthReturn,-150429.068,-17268.198,-13242.625,-327885.321,-228142.404,47.000,1.854120429,-0.232630082,0.010191809
633979.602,EarthReturn,-149983.587,-17323.973,-13240.135,-327742.874,-228329.192,47.049,1.858226697,-0.232162692,0.010555095
634219.602,EarthReturn,-149537.118,-17379.636,-13237.558,-327600.427,-228515.981,47.097,1.862356225,-0.231689641,0.010921442
634459.602,EarthReturn,-149089.654,-17435.184,-13234.892,-327457.697,-228702.572,47.146,1.866509260,-0.231210851,0.011290890
634699.602,EarthReturn,-148641.191,-17490.616,-13232.138,-327314.950,-228889.151,47.194,1.870686049,-0.230726240,0.011663479
634939.602,EarthReturn,-148191.723,-17545.932,-13229.294,-327172.069,-229075.637,47.242,1.874886849,-0.230235726,0.012039250
635179.602,EarthReturn,-147741.244,-17601.129,-13226.359,-327029.022,-229262.006,47.291,1.879111915,-0.229739224,0.012418244
635419.602,EarthReturn,-147289.747,-17656.206,-13223.333,-326885.974,-229448.375,47.340,1.883361509,-0.229236649,0.012800502
635659.602,EarthReturn,-146837.228,-17711.162,-13220.214,-326742.644,-229634.546,47.387,1.887635898,-0.228727913,0.013186069
635899.602,EarthReturn,-146383.680,-17765.995,-13217.003,-326599.295,-229820.704,47.436,1.891935349,-0.228212927,0.013574988
636139.602,EarthReturn,-145929.097,-17820.704,-13213.698,-326455.814,-230006.770,47.484,1.896260139,-0.227691600,0.013967303
636379.602,EarthReturn,-145473.473,-17875.287,-13210.299,-326312.166,-230192.717,47.532,1.900610543,-0.227163841,0.014363060
636619.602,EarthReturn,-145016.802,-17929.742,-13206.804,-326168.519,-230378.665,47.581,1.904986846,-0.226629554,0.014762304
636859.602,EarthReturn,-144559.078,-17984.068,-13203.212,-326024.589,-230564.414,47.629,1.909389334,-0.226088644,0.015165083
637099.602,EarthReturn,-144100.293,-18038.264,-13199.524,-325880.641,-230750.150,47.677,1.913818299,-0.225541012,0.015571445
637339.602,EarthReturn,-143640.443,-18092.327,-13195.738,-325736.561,-230935.793,47.725,1.918274038,-0.224986559,0.015981437
637579.602,EarthReturn,-143179.519,-18146.257,-13191.853,-325592.313,-231121.318,47.773,1.922756850,-0.224425184,0.016395111
637819.602,EarthReturn,-142717.517,-18200.051,-13187.868,-325448.067,-231306.842,47.821,1.927267044,-0.223856781,0.016812515
638059.602,EarthReturn,-142254.429,-18253.708,-13183.782,-325303.539,-231492.167,47.869,1.931804929,-0.223281246,0.017233702
638299.602,EarthReturn,-141790.249,-18307.225,-13179.595,-325158.993,-231677.479,47.917,1.936370822,-0.222698470,0.017658725
638539.602,EarthReturn,-141324.969,-18360.602,-13175.306,-325014.315,-231862.697,47.966,1.940965044,-0.222108344,0.018087636
638779.602,EarthReturn,-140858.583,-18413.837,-13170.913,-324869.469,-232047.797,48.013,1.945587921,-0.221510755,0.018520490
639019.602,EarthReturn,-140391.084,-18466.927,-13166.416,-324724.625,-232232.897,48.061,1.950239787,-0.220905588,0.018957342
639259.602,EarthReturn,-139922.466,-18519.871,-13161.813,-324579.499,-232417.796,48.109,1.954920977,-0.220292727,0.019398249
639499.602,EarthReturn,-139452.720,-18572.667,-13157.104,-324434.356,-232602.682,48.157,1.959631837,-0.219672052,0.019843269
639739.602,EarthReturn,-138981.840,-18625.313,-13152.288,-324289.081,-232787.475,48.205,1.964372714,-0.219043442,0.020292460
639979.602,EarthReturn,-138509.818,-18677.807,-13147.363,-324143.639,-232972.147,48.253,1.969143965,-0.218406773,0.020745883
640219.602,EarthReturn,-138036.648,-18730.147,-13142.330,-323998.198,-233156.821,48.301,1.973945949,-0.217761917,0.021203598
640459.602,EarthReturn,-137562.322,-18782.332,-13137.185,-323852.475,-233341.292,48.349,1.978779034,-0.217108746,0.021665667
640699.602,EarthReturn,-137086.832,-18834.359,-13131.930,-323706.735,-233525.750,48.397,1.983643594,-0.216447127,0.022132155
640939.602,EarthReturn,-136610.170,-18886.226,-13126.562,-323560.864,-233710.115,48.444,1.988540009,-0.215776926,0.022603125
641179.602,EarthReturn,-136132.330,-18937.931,-13121.080,-323414.826,-233894.360,48.492,1.993468666,-0.215098005,0.023078645
641419.602,EarthReturn,-135653.303,-18989.472,-13115.483,-323268.790,-234078.603,48.540,1.998429957,-0.214410223,0.023558780
641659.602,EarthReturn,-135173.081,-19040.847,-13109.771,-323122.472,-234262.645,48.587,2.003424284,-0.213713436,0.024043601
641899.602,EarthReturn,-134691.657,-19092.054,-13103.942,-322976.137,-234446.675,48.635,2.008452054,-0.213007499,0.024533177
642139.602,EarthReturn,-134209.021,-19143.090,-13097.995,-322829.672,-234630.609,48.682,2.013513681,-0.212292262,0.025027579
642379.602,EarthReturn,-133725.167,-19193.954,-13091.929,-322683.039,-234814.423,48.730,2.018609587,-0.211567570,0.025526882
642619.602,EarthReturn,-133240.086,-19244.642,-13085.742,-322536.407,-234998.237,48.778,2.023740203,-0.210833269,0.026031158
642859.602,EarthReturn,-132753.769,-19295.153,-13079.433,-322389.495,-235181.848,48.826,2.028905966,-0.210089198,0.026540485
643099.602,EarthReturn,-132266.208,-19345.484,-13073.002,-322242.566,-235365.446,48.873,2.034107320,-0.209335194,0.027054941
643339.602,EarthReturn,-131777.395,-19395.633,-13066.446,-322095.507,-235548.948,48.921,2.039344720,-0.208571091,0.027574603
643579.602,EarthReturn,-131287.320,-19445.597,-13059.766,-321948.281,-235732.330,48.968,2.044618628,-0.207796717,0.028099555
643819.602,EarthReturn,-130795.975,-19495.374,-13052.958,-321801.055,-235915.711,49.015,2.049929514,-0.207011898,0.028629877
644059.602,EarthReturn,-130303.351,-19544.962,-13046.023,-321653.551,-236098.889,49.063,2.055277857,-0.206216456,0.029165655
644299.602,EarthReturn,-129809.438,-19594.357,-13038.958,-321506.029,-236282.054,49.110,2.060664145,-0.205410209,0.029706975
644539.602,EarthReturn,-129314.229,-19643.558,-13031.763,-321358.376,-236465.123,49.158,2.066088875,-0.204592971,0.030253925
644779.602,EarthReturn,-128817.713,-19692.561,-13024.436,-321210.558,-236648.070,49.205,2.071552555,-0.203764550,0.030806595
645019.602,EarthReturn,-128319.880,-19741.364,-13016.975,-321062.740,-236831.018,49.252,2.077055699,-0.202924752,0.031365078
645259.602,EarthReturn,-127820.723,-19789.964,-13009.380,-320914.644,-237013.761,49.299,2.082598836,-0.202073377,0.031929467
645499.602,EarthReturn,-127320.230,-19838.358,-13001.649,-320766.529,-237196.491,49.347,2.088182500,-0.201210221,0.032499858
645739.602,EarthReturn,-126818.392,-19886.544,-12993.780,-320618.285,-237379.124,49.394,2.093807238,-0.200335075,0.033076350
645979.602,EarthReturn,-126315.199,-19934.518,-12985.772,-320469.877,-237561.636,49.442,2.099473609,-0.199447725,0.033659043
646219.602,EarthReturn,-125810.641,-19982.278,-12977.623,-320321.467,-237744.148,49.488,2.105182179,-0.198547953,0.034248041
646459.602,EarthReturn,-125304.708,-20029.820,-12969.332,-320172.780,-237926.454,49.536,2.110933528,-0.197635534,0.034843447
646699.602,EarthReturn,-124797.390,-20077.142,-12960.898,-320024.076,-238108.747,49.583,2.116728247,-0.196710238,0.035445369
646939.602,EarthReturn,-124288.675,-20124.240,-12952.318,-319875.240,-238290.943,49.630,2.122566938,-0.195771833,0.036053918
647179.602,EarthReturn,-123778.554,-20171.111,-12943.591,-319726.240,-238473.017,49.677,2.128450217,-0.194820075,0.036669206
647419.602,EarthReturn,-123267.015,-20217.753,-12934.716,-319577.241,-238655.091,49.724,2.134378709,-0.193854720,0.037291348
647659.602,EarthReturn,-122754.048,-20264.161,-12925.691,-319427.965,-238836.959,49.771,2.140353056,-0.192875514,0.037920461
647899.602,EarthReturn,-122239.642,-20310.332,-12916.514,-319278.670,-239018.813,49.818,2.146373908,-0.191882199,0.038556667
648139.602,EarthReturn,-121723.785,-20356.263,-12907.183,-319129.245,-239200.570,49.865,2.152441934,-0.190874510,0.039200088
648379.602,EarthReturn,-121206.466,-20401.950,-12897.697,-318979.657,-239382.205,49.912,2.158557812,-0.189852176,0.039850850
648619.602,EarthReturn,-120687.674,-20447.391,-12888.054,-318830.068,-239563.838,49.958,2.164722237,-0.188814918,0.040509084
648859.602,EarthReturn,-120167.396,-20492.580,-12878.252,-318680.203,-239745.266,50.006,2.170935917,-0.187762450,0.041174922
649099.602,EarthReturn,-119645.620,-20537.515,-12868.289,-318530.320,-239926.680,50.052,2.177199575,-0.186694479,0.041848498
649339.602,EarthReturn,-119122.336,-20582.192,-12858.164,-318380.307,-240107.996,50.099,2.183513951,-0.185610707,0.042529952
649579.602,EarthReturn,-118597.530,-20626.607,-12847.874,-318230.131,-240289.190,50.146,2.189879799,-0.184510824,0.043219427
649819.602,EarthReturn,-118071.189,-20670.756,-12837.418,-318079.955,-240470.383,50.192,2.196297889,-0.183394516,0.043917068
650059.602,EarthReturn,-117543.302,-20714.635,-12826.793,-317929.501,-240651.368,50.239,2.202769009,-0.182261457,0.044623024
650299.602,EarthReturn,-117013.856,-20758.240,-12815.998,-317779.031,-240832.339,50.286,2.209293963,-0.181111316,0.045337450
650539.602,EarthReturn,-116482.837,-20801.567,-12805.031,-317628.432,-241013.213,50.332,2.215873574,-0.179943752,0.046060501
650779.602,EarthReturn,-115950.232,-20844.612,-12793.889,-317477.669,-241193.962,50.379,2.222508680,-0.178758413,0.046792340
651019.602,EarthReturn,-115416.028,-20887.370,-12782.570,-317326.904,-241374.713,50.425,2.229200142,-0.177554941,0.047533130
651259.602,EarthReturn,-114880.211,-20929.837,-12771.072,-317175.865,-241555.253,50.472,2.235948836,-0.176332966,0.048283042
651499.602,EarthReturn,-114342.768,-20972.008,-12759.393,-317024.809,-241735.781,50.519,2.242755661,-0.175092109,0.049042250
651739.602,EarthReturn,-113803.684,-21013.880,-12747.531,-316873.623,-241916.210,50.565,2.249621534,-0.173831980,0.049810931
651979.602,EarthReturn,-113262.945,-21055.446,-12735.483,-316722.274,-242096.515,50.612,2.256547394,-0.172552179,0.050589269
652219.602,EarthReturn,-112720.536,-21096.703,-12723.247,-316570.925,-242276.820,50.659,2.263534200,-0.171252295,0.051377451
652459.602,EarthReturn,-112176.444,-21137.645,-12710.821,-316419.300,-242456.914,50.705,2.270582937,-0.169931905,0.052175671
652699.602,EarthReturn,-111630.651,-21178.269,-12698.202,-316267.659,-242636.996,50.751,2.277694608,-0.168590575,0.052984126
652939.602,EarthReturn,-111083.145,-21218.567,-12685.388,-316115.888,-242816.980,50.798,2.284870242,-0.167227857,0.053803020
653179.602,EarthReturn,-110533.909,-21258.536,-12672.376,-315963.955,-242996.838,50.844,2.292110893,-0.165843292,0.054632561
653419.602,EarthReturn,-109982.926,-21298.170,-12659.163,-315812.021,-243176.696,50.890,2.299417638,-0.164436408,0.055472965
653659.602,EarthReturn,-109430.183,-21337.464,-12645.748,-315659.812,-243356.343,50.936,2.306791580,-0.163006719,0.056324451
653899.602,EarthReturn,-108875.661,-21376.412,-12632.127,-315507.586,-243535.977,50.982,2.314233851,-0.161553723,0.057187246
654139.602,EarthReturn,-108319.345,-21415.008,-12618.297,-315355.232,-243715.512,51.029,2.321745608,-0.160076908,0.058061584
654379.602,EarthReturn,-107761.218,-21453.247,-12604.256,-315202.715,-243894.922,51.075,2.329328036,-0.158575741,0.058947703
654619.602,EarthReturn,-107201.262,-21491.122,-12590.001,-315050.198,-244074.331,51.121,2.336982351,-0.157049678,0.059845851
654859.602,EarthReturn,-106639.460,-21528.628,-12575.529,-314897.406,-244253.528,51.167,2.344709797,-0.155498157,0.060756280
655099.602,EarthReturn,-106075.795,-21565.759,-12560.837,-314744.598,-244432.713,51.213,2.352511652,-0.153920599,0.061679251
655339.602,EarthReturn,-105510.248,-21602.508,-12545.922,-314591.661,-244611.798,51.259,2.360389223,-0.152316407,0.062615032
655579.602,EarthReturn,-104942.802,-21638.869,-12530.781,-314438.562,-244790.757,51.305,2.368343852,-0.150684967,0.063563900
655819.602,EarthReturn,-104373.437,-21674.835,-12515.410,-314285.462,-244969.717,51.351,2.376376915,-0.149025646,0.064526139
656059.602,EarthReturn,-103802.135,-21710.399,-12499.807,-314132.090,-245148.463,51.397,2.384489823,-0.147337790,0.065502042
656299.602,EarthReturn,-103228.876,-21745.554,-12483.968,-313978.700,-245327.196,51.443,2.392684023,-0.145620726,0.066491909
656539.602,EarthReturn,-102653.640,-21780.294,-12467.890,-313825.181,-245505.829,51.488,2.400961001,-0.143873759,0.067496052
656779.602,EarthReturn,-102076.408,-21814.611,-12451.569,-313671.500,-245684.336,51.535,2.409322281,-0.142096173,0.068514790
657019.602,EarthReturn,-101497.158,-21848.498,-12435.002,-313517.820,-245862.843,51.581,2.417769430,-0.140287228,0.069548455
657259.602,EarthReturn,-100915.871,-21881.947,-12418.185,-313363.866,-246041.137,51.626,2.426304053,-0.138446161,0.070597384
657499.602,EarthReturn,-100332.525,-21914.950,-12401.114,-313209.895,-246219.416,51.672,2.434927801,-0.136572183,0.071661930
657739.602,EarthReturn,-99747.099,-21947.499,-12383.786,-313055.797,-246397.596,51.718,2.443642370,-0.134664481,0.072742454
657979.602,EarthReturn,-99159.569,-21979.586,-12366.196,-312901.536,-246575.649,51.763,2.452449500,-0.132722213,0.073839330
658219.602,EarthReturn,-98569.915,-22011.203,-12348.341,-312747.276,-246753.701,51.809,2.461350983,-0.130744511,0.074952941
658459.602,EarthReturn,-97978.113,-22042.340,-12330.217,-312592.743,-246931.540,51.854,2.470348656,-0.128730477,0.076083687
658699.602,EarthReturn,-97384.140,-22072.990,-12311.820,-312438.193,-247109.365,51.899,2.479444413,-0.126679183,0.077231977
658939.602,EarthReturn,-96787.972,-22103.143,-12293.145,-312283.516,-247287.089,51.945,2.488640197,-0.124589668,0.078398236
659179.602,EarthReturn,-96189.585,-22132.790,-12274.187,-312128.676,-247464.687,51.991,2.497938009,-0.122460938,0.079582901
659419.602,EarthReturn,-95588.953,-22161.921,-12254.943,-311973.836,-247642.283,52.036,2.507339907,-0.120291968,0.080786426
659659.602,EarthReturn,-94986.053,-22190.527,-12235.408,-311818.726,-247819.665,52.082,2.516848010,-0.118081692,0.082009278
659899.602,EarthReturn,-94380.858,-22218.597,-12215.577,-311663.597,-247997.034,52.128,2.526464496,-0.115829011,0.083251941
660139.602,EarthReturn,-93773.341,-22246.121,-12195.446,-311508.341,-248174.301,52.172,2.536191612,-0.113532782,0.084514915
660379.602,EarthReturn,-93163.477,-22273.089,-12175.008,-311352.925,-248351.440,52.218,2.546031667,-0.111191826,0.085798719
660619.602,EarthReturn,-92551.237,-22299.490,-12154.261,-311197.508,-248528.580,52.263,2.555987044,-0.108804917,0.087103887
660859.602,EarthReturn,-91936.593,-22325.312,-12133.197,-311041.819,-248705.502,52.308,2.566060196,-0.106370787,0.088430976
661099.602,EarthReturn,-91319.518,-22350.544,-12111.812,-310886.114,-248882.412,52.354,2.576253651,-0.103888119,0.089780559
661339.602,EarthReturn,-90699.982,-22375.174,-12090.100,-310730.282,-249059.221,52.398,2.586570016,-0.101355548,0.091153232
661579.602,EarthReturn,-90077.955,-22399.190,-12068.056,-310574.289,-249235.901,52.444,2.597011980,-0.098771658,0.092549611
661819.602,EarthReturn,-89453.406,-22422.580,-12045.675,-310418.295,-249412.581,52.490,2.607582315,-0.096134977,0.093970336
662059.602,EarthReturn,-88826.305,-22445.331,-12022.949,-310262.031,-249589.043,52.534,2.618283882,-0.093443980,0.095416069
662299.602,EarthReturn,-88196.619,-22467.429,-11999.873,-310105.751,-249765.493,52.579,2.629119635,-0.090697081,0.096887500
662539.602,EarthReturn,-87564.316,-22488.861,-11976.441,-309949.342,-249941.841,52.624,2.640092622,-0.087892630,0.098385340
662779.602,EarthReturn,-86929.363,-22509.613,-11952.646,-309792.774,-250118.060,52.669,2.651205991,-0.085028915,0.099910332
663019.602,EarthReturn,-86291.726,-22529.670,-11928.481,-309636.205,-250294.278,52.714,2.662462996,-0.082104154,0.101463245
663259.602,EarthReturn,-85651.369,-22549.018,-11903.941,-309479.366,-250470.279,52.759,2.673866997,-0.079116493,0.103044878
663499.602,EarthReturn,-85008.258,-22567.641,-11879.017,-309322.511,-250646.267,52.804,2.685421469,-0.076064005,0.104656062
663739.602,EarthReturn,-84362.355,-22585.523,-11853.704,-309165.529,-250822.151,52.849,2.697130005,-0.072944679,0.106297660
663979.602,EarthReturn,-83713.623,-22602.649,-11827.992,-309008.386,-250997.907,52.893,2.708996321,-0.069756426,0.107970572
664219.602,EarthReturn,-83062.023,-22619.000,-11801.875,-308851.243,-251173.663,52.938,2.721024263,-0.066497063,0.109675732
664459.602,EarthReturn,-82407.518,-22634.561,-11775.345,-308693.831,-251349.199,52.983,2.733217810,-0.063164321,0.111414113
664699.602,EarthReturn,-81750.065,-22649.313,-11748.394,-308536.402,-251524.723,53.027,2.745581086,-0.059755828,0.113186729
664939.602,EarthReturn,-81089.625,-22663.238,-11721.013,-308378.846,-251700.143,53.072,2.758118359,-0.056269112,0.114994635
665179.602,EarthReturn,-80426.154,-22676.316,-11693.193,-308221.131,-251875.434,53.117,2.770834054,-0.052701592,0.116838933
665419.602,EarthReturn,-79759.610,-22688.528,-11664.927,-308063.415,-252050.725,53.162,2.783732757,-0.049050572,0.118720771
665659.602,EarthReturn,-79089.947,-22699.853,-11636.204,-307905.431,-252225.796,53.206,2.796819224,-0.045313236,0.120641345
665899.602,EarthReturn,-78417.121,-22710.271,-11607.016,-307747.429,-252400.854,53.250,2.810098389,-0.041486640,0.122601907
666139.602,EarthReturn,-77741.084,-22719.759,-11577.352,-307589.302,-252575.808,53.296,2.823575374,-0.037567704,0.124603761
666379.602,EarthReturn,-77061.789,-22728.296,-11547.203,-307431.015,-252750.633,53.340,2.837255495,-0.033553206,0.126648272
666619.602,EarthReturn,-76379.185,-22735.857,-11516.557,-307272.728,-252925.457,53.384,2.851144275,-0.029439773,0.128736866
666859.602,EarthReturn,-75693.222,-22742.419,-11485.405,-307114.172,-253100.061,53.428,2.865247453,-0.025223871,0.130871034
667099.602,EarthReturn,-75003.849,-22747.956,-11453.735,-306955.599,-253274.651,53.472,2.879570996,-0.020901795,0.133052338
667339.602,EarthReturn,-74311.010,-22752.443,-11421.536,-306796.901,-253449.138,53.517,2.894121109,-0.016469662,0.135282411
667579.602,EarthReturn,-73614.652,-22755.852,-11388.796,-306638.043,-253623.493,53.561,2.908904250,-0.011923396,0.137562966
667819.602,EarthReturn,-72914.717,-22758.157,-11355.502,-306479.186,-253797.849,53.606,2.923927141,-0.007258718,0.139895798
668059.602,EarthReturn,-72211.147,-22759.327,-11321.642,-306320.060,-253971.984,53.650,2.939196783,-0.002471132,0.142282790
668299.602,EarthReturn,-71503.882,-22759.333,-11287.202,-306160.919,-254146.105,53.693,2.954720473,0.002444087,0.144725918
668539.602,EarthReturn,-70792.860,-22758.143,-11252.168,-306001.651,-254320.122,53.737,2.970505817,0.007491909,0.147227258
668710.985,EarthReturn,-70282.788,-22756.544,-11226.780,-305887.804,-254444.293,53.768,2.981942582,0.011180579,0.149050283
668958.690,EarthReturn,-69542.027,-22753.278,-11189.790,-305723.259,-254623.761,53.814,2.998911421,0.015917513,0.150667939
669198.690,EarthReturn,-68820.309,-22748.808,-11153.310,-305563.637,-254797.484,53.858,3.015457117,0.021357294,0.153340783
669438.690,EarthReturn,-68094.584,-22743.014,-11116.181,-305403.926,-254971.133,53.902,3.032295985,0.026950799,0.156080668
669678.690,EarthReturn,-67364.782,-22735.858,-11078.386,-305244.162,-255144.740,53.946,3.049437362,0.032704407,0.158890240
669918.690,EarthReturn,-66630.829,-22727.302,-11039.908,-305084.168,-255318.152,53.990,3.066891009,0.038624854,0.161772288
670158.690,EarthReturn,-65892.649,-22717.305,-11000.729,-304924.173,-255491.566,54.034,3.084667144,0.044719257,0.164729754
670398.690,EarthReturn,-65150.163,-22705.823,-10960.831,-304763.983,-255664.818,54.078,3.102776463,0.050995147,0.167765746
670638.690,EarthReturn,-64403.289,-22692.812,-10920.195,-304603.705,-255837.994,54.121,3.121230175,0.057460494,0.170883547
670878.690,EarthReturn,-63651.944,-22678.226,-10878.800,-304443.373,-256011.126,54.165,3.140040032,0.064123739,0.174086628
671118.690,EarthReturn,-62896.040,-22662.016,-10836.626,-304282.812,-256184.066,54.209,3.159218360,0.070993837,0.177378665
671358.690,EarthReturn,-62135.488,-22644.131,-10793.651,-304122.250,-256357.006,54.252,3.178778104,0.078080289,0.180763553
671598.690,EarthReturn,-61370.195,-22624.519,-10749.852,-303961.494,-256529.782,54.295,3.198732857,0.085393184,0.184245418
671838.690,EarthReturn,-60600.064,-22603.124,-10705.205,-303800.650,-256702.485,54.339,3.219096915,0.092943254,0.187828644
672078.690,EarthReturn,-59824.994,-22579.887,-10659.686,-303639.752,-256875.142,54.383,3.239885315,0.100741917,0.191517884
672318.690,EarthReturn,-59044.884,-22554.747,-10613.268,-303478.624,-257047.607,54.426,3.261113889,0.108801335,0.195318088
672558.690,EarthReturn,-58259.623,-22527.640,-10565.924,-303317.497,-257220.071,54.470,3.282799319,0.117134480,0.199234524
672798.690,EarthReturn,-57469.102,-22498.499,-10517.625,-303156.176,-257392.371,54.513,3.304959197,0.125755197,0.203272804
673038.690,EarthReturn,-56673.203,-22467.253,-10468.343,-302994.766,-257564.597,54.557,3.327612086,0.134678282,0.207438915
673278.690,EarthReturn,-55871.807,-22433.828,-10418.044,-302833.305,-257736.778,54.600,3.350777598,0.143919565,0.211739250
673518.690,EarthReturn,-55064.787,-22398.145,-10366.696,-302671.613,-257908.765,54.643,3.374476461,0.153496000,0.216180643
673758.690,EarthReturn,-54252.014,-22360.122,-10314.265,-302509.922,-258080.752,54.686,3.398730612,0.163425769,0.220770408
673998.690,EarthReturn,-53433.351,-22319.671,-10260.714,-302348.036,-258252.574,54.730,3.423563281,0.173728396,0.225516385
674238.690,EarthReturn,-52608.655,-22276.701,-10206.004,-302186.063,-258424.322,54.773,3.448999096,0.184424870,0.230426982
674478.690,EarthReturn,-51777.781,-22231.114,-10150.095,-302024.038,-258596.024,54.816,3.475064190,0.195537788,0.235511236
674718.690,EarthReturn,-50940.572,-22182.807,-10092.944,-301861.783,-258767.533,54.858,3.501786321,0.207091509,0.240778868
674958.690,EarthReturn,-50096.868,-22131.672,-10034.506,-301699.529,-258939.040,54.902,3.529195005,0.219112336,0.246240351
675198.690,EarthReturn,-49246.501,-22077.594,-9974.732,-301537.080,-259110.383,54.944,3.557321660,0.231628705,0.251906985
675438.690,EarthReturn,-48389.294,-22020.449,-9913.573,-301374.545,-259281.650,54.987,3.586199765,0.244671413,0.257790984
675678.690,EarthReturn,-47525.062,-21960.107,-9850.974,-301211.957,-259452.873,55.031,3.615865040,0.258273867,0.263905562
675918.690,EarthReturn,-46653.613,-21896.429,-9786.879,-301049.140,-259623.900,55.074,3.646355634,0.272472363,0.270265051
676158.690,EarthReturn,-45774.742,-21829.269,-9721.226,-300886.324,-259794.927,55.116,3.677712346,0.287306411,0.276885011
676398.690,EarthReturn,-44888.238,-21758.468,-9653.952,-300723.314,-259965.788,55.159,3.709978859,0.302819092,0.283782374
676638.690,EarthReturn,-43993.876,-21683.858,-9584.987,-300560.218,-260136.574,55.202,3.743202012,0.319057481,0.290975595
676878.690,EarthReturn,-43091.420,-21605.258,-9514.258,-300397.069,-260307.315,55.244,3.777432085,0.336073109,0.298484832
677118.690,EarthReturn,-42180.623,-21522.476,-9441.687,-300233.692,-260477.859,55.287,3.812723136,0.353922515,0.306332144
677358.690,EarthReturn,-41261.224,-21435.304,-9367.190,-300070.314,-260648.404,55.329,3.849133360,0.372667859,0.314541726
677598.690,EarthReturn,-40332.945,-21343.518,-9290.676,-299906.745,-260818.781,55.372,3.886725503,0.392377647,0.323140175
677838.690,EarthReturn,-39395.495,-21246.879,-9212.049,-299743.088,-260989.084,55.415,3.925567319,0.413127556,0.332156797
678078.690,EarthReturn,-38448.567,-21145.127,-9131.205,-299579.379,-261159.341,55.457,3.965732082,0.435001400,0.341623965
678318.690,EarthReturn,-37491.832,-21037.981,-9048.031,-299415.442,-261329.400,55.500,4.007299163,0.458092250,0.351577530
678558.690,EarthReturn,-36524.944,-20925.137,-8962.406,-299251.507,-261499.460,55.542,4.050354681,0.482503754,0.362057305
678798.690,EarthReturn,-35547.535,-20806.265,-8874.198,-299087.378,-261669.354,55.585,4.094992229,0.508351672,0.373107636
679038.690,EarthReturn,-34559.213,-20681.003,-8783.264,-298923.162,-261839.170,55.627,4.141313703,0.535765704,0.384778062
679278.690,EarthReturn,-33559.561,-20548.960,-8689.450,-298758.894,-262008.942,55.669,4.189430226,0.564891644,0.397124104
679518.690,EarthReturn,-32548.133,-20409.705,-8592.586,-298594.400,-262178.515,55.711,4.239463202,0.595893956,0.410208203
679758.690,EarthReturn,-31524.455,-20262.766,-8492.486,-298429.906,-262348.089,55.753,4.291545496,0.628958846,0.424100835
679998.690,EarthReturn,-30488.016,-20107.623,-8388.946,-298265.220,-262517.496,55.795,4.345822776,0.664297972,0.438881849
680238.690,EarthReturn,-29438.271,-19943.702,-8281.744,-298100.448,-262686.825,55.837,4.402455019,0.702152931,0.454642084
680478.690,EarthReturn,-28374.635,-19770.366,-8170.632,-297935.622,-262856.110,55.879,4.461618203,0.742800719,0.471485331
680718.690,EarthReturn,-27296.477,-19586.909,-8055.335,-297770.571,-263025.196,55.921,4.523506205,0.786560430,0.489530729
680958.690,EarthReturn,-26203.117,-19392.539,-7935.550,-297605.520,-263194.281,55.964,4.588332910,0.833801525,0.508915710
681198.690,EarthReturn,-25093.823,-19186.371,-7810.936,-297440.278,-263363.199,56.005,4.656334520,0.884954109,0.529799647
681438.690,EarthReturn,-23967.802,-18967.408,-7681.111,-297274.948,-263532.040,56.047,4.727772056,0.940521808,0.552368409
681678.690,EarthReturn,-22824.195,-18734.521,-7545.647,-297109.567,-263700.835,56.089,4.802933976,1.001098046,0.576840082
681918.690,EarthReturn,-21662.070,-18486.424,-7404.055,-296943.961,-263869.431,56.131,4.882138788,1.067386773,0.603472230
682158.690,EarthReturn,-20480.417,-18221.651,-7255.783,-296778.354,-264038.027,56.173,4.965737415,1.140229157,0.632571193
682398.690,EarthReturn,-19278.134,-17938.510,-7100.194,-296612.556,-264206.454,56.215,5.054114885,1.220638257,0.664504099
682638.690,EarthReturn,-18054.026,-17635.042,-6936.559,-296446.672,-264374.805,56.256,5.147690568,1.309844578,0.699714549
682878.690,EarthReturn,-16806.791,-17308.961,-6764.026,-296280.737,-264543.109,56.298,5.246915661,1.409356613,0.738743331
683118.690,EarthReturn,-15535.016,-16957.578,-6581.604,-296114.575,-264711.214,56.338,5.352265568,1.521042264,0.782256063
683358.690,EarthReturn,-14237.174,-16577.701,-6388.119,-295948.414,-264879.319,56.380,5.464223144,1.647239787,0.831080565
683598.690,EarthReturn,-12911.624,-16165.507,-6182.178,-295782.064,-265047.254,56.422,5.583245607,1.790910995,0.886257978
683838.690,EarthReturn,-11556.621,-15716.365,-5962.102,-295615.626,-265215.112,56.464,5.709702215,1.955855752,0.949113562
684078.690,EarthReturn,-10170.357,-15224.603,-5725.853,-295449.136,-265382.924,56.505,5.843759156,2.147016429,1.021355903
684318.690,EarthReturn,-8751.027,-14683.184,-5470.924,-295282.422,-265550.535,56.546,5.985167688,2.370915539,1.105217269
684558.690,EarthReturn,-7296.969,-14083.254,-5194.186,-295115.709,-265718.146,56.587,6.132871708,2.636291075,1.203653261
684798.690,EarthReturn,-5806.945,-13413.508,-4891.691,-294948.805,-265885.588,56.629,6.284270868,2.955021915,1.320625574
685038.690,EarthReturn,-4280.654,-12659.283,-4558.379,-294781.814,-266052.952,56.670,6.433811650,3.343460460,1.461492249
685278.690,EarthReturn,-2719.736,-11801.280,-4187.689,-294614.773,-266220.270,56.711,6.570240563,3.824263262,1.633504059
685511.063,EarthReturn,-1180.596,-10847.481,-3785.096,-294452.823,-266382.076,56.750,6.668872612,4.407055298,1.838776184
685574.116,EarthReturn,-759.540,-10563.900,-3667.166,-294408.879,-266425.980,56.761,6.685606104,4.589823931,1.902463625
685637.093,EarthReturn,-338.141,-10268.786,-3545.252,-294364.988,-266469.832,56.772,6.695836890,4.784345290,1.969878772
685700.071,EarthReturn,83.670,-9961.020,-3418.966,-294321.096,-266513.686,56.784,6.698420992,4.991733686,2.041349055
685979.534,EarthReturn,1944.570,-8420.112,-2798.830,-294126.160,-266708.130,56.831,6.570983956,6.087237618,2.412008930
686219.534,EarthReturn,3477.713,-6820.778,-2174.483,-293958.618,-266874.998,56.872,6.136725309,7.277691388,2.800291001
686459.534,EarthReturn,4847.107,-4913.830,-1452.353,-293791.048,-267041.839,56.912,5.163952677,8.622082905,3.214879027
686699.534,EarthReturn,5897.253,-2694.334,-638.487,-293623.232,-267208.459,56.953,3.465545620,9.805712031,3.537795606
